animationKey,category,character,displayName,hasMoveOverride,reason
cmd:1+3,attack,allen-walker,Allen Walker,True,animationFrames key exists but has no frame refs
cmd:2+3,attack,allen-walker,Allen Walker,True,animationFrames key exists but has no frame refs
cmd:2+4,attack,allen-walker,Allen Walker,True,animationFrames key exists but has no frame refs
cmd:3+4,attack,allen-walker,Allen Walker,True,animationFrames key exists but has no frame refs
cmd:FC+1,attack,allen-walker,Allen Walker,True,animationFrames key exists but has no frame refs
cmd:FC+2,attack,allen-walker,Allen Walker,True,animationFrames key exists but has no frame refs
cmd:O+2,attack,allen-walker,Allen Walker,True,animationFrames key exists but has no frame refs
cmd:WS+4,attack,allen-walker,Allen Walker,True,animationFrames key exists but has no frame refs
cmd:d/f+2,attack,allen-walker,Allen Walker,True,animationFrames key exists but has no frame refs
cmd:f+1,attack,allen-walker,Allen Walker,True,animationFrames key exists but has no frame refs
cmd:qcf+4,attack,allen-walker,Allen Walker,True,animationFrames key exists but has no frame refs
getupRollUp,non-attack,allen-walker,Allen Walker,False,animationFrames key exists but has no frame refs
hitHeavy,non-attack,allen-walker,Allen Walker,False,animationFrames key exists but has no frame refs
jabright,attack,allen-walker,Allen Walker,True,animationFrames key exists but has no frame refs
kickleft,attack,allen-walker,Allen Walker,True,animationFrames key exists but has no frame refs
kickright,attack,allen-walker,Allen Walker,True,animationFrames key exists but has no frame refs
cmd:1+2,attack,anna-kyoyama,Anna Kyoyama,True,animationFrames key exists but has no frame refs
cmd:1+3,attack,anna-kyoyama,Anna Kyoyama,True,animationFrames key exists but has no frame refs
cmd:2+4,attack,anna-kyoyama,Anna Kyoyama,True,animationFrames key exists but has no frame refs
cmd:3+4,attack,anna-kyoyama,Anna Kyoyama,True,animationFrames key exists but has no frame refs
cmd:FC+1,attack,anna-kyoyama,Anna Kyoyama,True,animationFrames key exists but has no frame refs
cmd:FC+2,attack,anna-kyoyama,Anna Kyoyama,True,animationFrames key exists but has no frame refs
cmd:O+2,attack,anna-kyoyama,Anna Kyoyama,True,animationFrames key exists but has no frame refs
cmd:WS+4,attack,anna-kyoyama,Anna Kyoyama,True,animationFrames key exists but has no frame refs
cmd:d/f+2,attack,anna-kyoyama,Anna Kyoyama,True,animationFrames key exists but has no frame refs
cmd:f+1,attack,anna-kyoyama,Anna Kyoyama,True,animationFrames key exists but has no frame refs
cmd:qcf+4,attack,anna-kyoyama,Anna Kyoyama,True,animationFrames key exists but has no frame refs
getupRollUp,non-attack,anna-kyoyama,Anna Kyoyama,False,animationFrames key exists but has no frame refs
hitHeavy,non-attack,anna-kyoyama,Anna Kyoyama,False,animationFrames key exists but has no frame refs
jableft,attack,anna-kyoyama,Anna Kyoyama,True,animationFrames key exists but has no frame refs
kickleft,attack,anna-kyoyama,Anna Kyoyama,True,animationFrames key exists but has no frame refs
kickright,attack,anna-kyoyama,Anna Kyoyama,True,animationFrames key exists but has no frame refs
cmd:1+3,attack,arale-norimaki,Arale Norimaki,True,animationFrames key exists but has no frame refs
cmd:2+3,attack,arale-norimaki,Arale Norimaki,True,animationFrames key exists but has no frame refs
cmd:2+4,attack,arale-norimaki,Arale Norimaki,True,animationFrames key exists but has no frame refs
cmd:FC+1,attack,arale-norimaki,Arale Norimaki,True,animationFrames key exists but has no frame refs
cmd:FC+2,attack,arale-norimaki,Arale Norimaki,True,animationFrames key exists but has no frame refs
cmd:O+2,attack,arale-norimaki,Arale Norimaki,True,animationFrames key exists but has no frame refs
cmd:WS+4,attack,arale-norimaki,Arale Norimaki,True,animationFrames key exists but has no frame refs
cmd:d/f+2,attack,arale-norimaki,Arale Norimaki,True,animationFrames key exists but has no frame refs
cmd:f+1,attack,arale-norimaki,Arale Norimaki,True,animationFrames key exists but has no frame refs
cmd:qcf+4,attack,arale-norimaki,Arale Norimaki,True,animationFrames key exists but has no frame refs
getupRollUp,non-attack,arale-norimaki,Arale Norimaki,False,animationFrames key exists but has no frame refs
hitHeavy,non-attack,arale-norimaki,Arale Norimaki,False,animationFrames key exists but has no frame refs
kickleft,attack,arale-norimaki,Arale Norimaki,True,animationFrames key exists but has no frame refs
kickright,attack,arale-norimaki,Arale Norimaki,True,animationFrames key exists but has no frame refs
cmd:1+3,attack,bobobo-bo-bo-bobo,Bobobo-bo Bo-bobo,True,animationFrames key exists but has no frame refs
cmd:2+3,attack,bobobo-bo-bo-bobo,Bobobo-bo Bo-bobo,True,animationFrames key exists but has no frame refs
cmd:2+4,attack,bobobo-bo-bo-bobo,Bobobo-bo Bo-bobo,True,animationFrames key exists but has no frame refs
cmd:FC+1,attack,bobobo-bo-bo-bobo,Bobobo-bo Bo-bobo,True,animationFrames key exists but has no frame refs
cmd:FC+2,attack,bobobo-bo-bo-bobo,Bobobo-bo Bo-bobo,True,animationFrames key exists but has no frame refs
cmd:O+2,attack,bobobo-bo-bo-bobo,Bobobo-bo Bo-bobo,True,animationFrames key exists but has no frame refs
cmd:WS+4,attack,bobobo-bo-bo-bobo,Bobobo-bo Bo-bobo,True,animationFrames key exists but has no frame refs
cmd:d/f+2,attack,bobobo-bo-bo-bobo,Bobobo-bo Bo-bobo,True,animationFrames key exists but has no frame refs
cmd:f+1,attack,bobobo-bo-bo-bobo,Bobobo-bo Bo-bobo,True,animationFrames key exists but has no frame refs
cmd:qcf+4,attack,bobobo-bo-bo-bobo,Bobobo-bo Bo-bobo,True,animationFrames key exists but has no frame refs
getupRollUp,non-attack,bobobo-bo-bo-bobo,Bobobo-bo Bo-bobo,False,animationFrames key exists but has no frame refs
hitHeavy,non-attack,bobobo-bo-bo-bobo,Bobobo-bo Bo-bobo,False,animationFrames key exists but has no frame refs
jabright,attack,bobobo-bo-bo-bobo,Bobobo-bo Bo-bobo,True,animationFrames key exists but has no frame refs
kickright,attack,bobobo-bo-bo-bobo,Bobobo-bo Bo-bobo,True,animationFrames key exists but has no frame refs
cmd:1+2,attack,caramelman-j,Caramelman J,True,animationFrames key exists but has no frame refs
cmd:1+3,attack,caramelman-j,Caramelman J,True,animationFrames key exists but has no frame refs
cmd:2+3,attack,caramelman-j,Caramelman J,True,animationFrames key exists but has no frame refs
cmd:2+4,attack,caramelman-j,Caramelman J,True,animationFrames key exists but has no frame refs
cmd:3+4,attack,caramelman-j,Caramelman J,True,animationFrames key exists but has no frame refs
cmd:FC+1,attack,caramelman-j,Caramelman J,True,animationFrames key exists but has no frame refs
cmd:FC+2,attack,caramelman-j,Caramelman J,True,animationFrames key exists but has no frame refs
cmd:O+2,attack,caramelman-j,Caramelman J,True,animationFrames key exists but has no frame refs
cmd:WS+4,attack,caramelman-j,Caramelman J,True,animationFrames key exists but has no frame refs
cmd:d/f+2,attack,caramelman-j,Caramelman J,True,animationFrames key exists but has no frame refs
cmd:f+1,attack,caramelman-j,Caramelman J,True,animationFrames key exists but has no frame refs
cmd:qcf+4,attack,caramelman-j,Caramelman J,True,animationFrames key exists but has no frame refs
getupRollUp,non-attack,caramelman-j,Caramelman J,False,animationFrames key exists but has no frame refs
getupStand,non-attack,caramelman-j,Caramelman J,False,animationFrames key exists but has no frame refs
hitHeavy,non-attack,caramelman-j,Caramelman J,False,animationFrames key exists but has no frame refs
knockdown,non-attack,caramelman-j,Caramelman J,False,animationFrames key exists but has no frame refs
lose,non-attack,caramelman-j,Caramelman J,False,animationFrames key exists but has no frame refs
cmd:1+2,attack,cygnus-hyoga,Cygnus Hyōga,True,animationFrames key exists but has no frame refs
cmd:1+3,attack,cygnus-hyoga,Cygnus Hyōga,True,animationFrames key exists but has no frame refs
cmd:2+3,attack,cygnus-hyoga,Cygnus Hyōga,True,animationFrames key exists but has no frame refs
cmd:2+4,attack,cygnus-hyoga,Cygnus Hyōga,True,animationFrames key exists but has no frame refs
cmd:3+4,attack,cygnus-hyoga,Cygnus Hyōga,True,animationFrames key exists but has no frame refs
cmd:FC+1,attack,cygnus-hyoga,Cygnus Hyōga,True,animationFrames key exists but has no frame refs
cmd:FC+2,attack,cygnus-hyoga,Cygnus Hyōga,True,animationFrames key exists but has no frame refs
cmd:O+2,attack,cygnus-hyoga,Cygnus Hyōga,True,animationFrames key exists but has no frame refs
cmd:WS+4,attack,cygnus-hyoga,Cygnus Hyōga,True,animationFrames key exists but has no frame refs
cmd:d/f+2,attack,cygnus-hyoga,Cygnus Hyōga,True,animationFrames key exists but has no frame refs
cmd:f+1,attack,cygnus-hyoga,Cygnus Hyōga,True,animationFrames key exists but has no frame refs
cmd:qcf+4,attack,cygnus-hyoga,Cygnus Hyōga,True,animationFrames key exists but has no frame refs
getupRollUp,non-attack,cygnus-hyoga,Cygnus Hyōga,False,animationFrames key exists but has no frame refs
getupStand,non-attack,cygnus-hyoga,Cygnus Hyōga,False,animationFrames key exists but has no frame refs
hitHeavy,non-attack,cygnus-hyoga,Cygnus Hyōga,False,animationFrames key exists but has no frame refs
hitLight,non-attack,cygnus-hyoga,Cygnus Hyōga,False,animationFrames key exists but has no frame refs
idle,non-attack,cygnus-hyoga,Cygnus Hyōga,False,animationFrames key exists but has no frame refs
juggle,non-attack,cygnus-hyoga,Cygnus Hyōga,False,animationFrames key exists but has no frame refs
knockdown,non-attack,cygnus-hyoga,Cygnus Hyōga,False,animationFrames key exists but has no frame refs
lose,non-attack,cygnus-hyoga,Cygnus Hyōga,False,animationFrames key exists but has no frame refs
cmd:1+3,attack,dio,DIO,True,animationFrames key exists but has no frame refs
cmd:2+3,attack,dio,DIO,True,animationFrames key exists but has no frame refs
cmd:2+4,attack,dio,DIO,True,animationFrames key exists but has no frame refs
cmd:FC+1,attack,dio,DIO,True,animationFrames key exists but has no frame refs
cmd:FC+2,attack,dio,DIO,True,animationFrames key exists but has no frame refs
cmd:O+2,attack,dio,DIO,True,animationFrames key exists but has no frame refs
cmd:WS+4,attack,dio,DIO,True,animationFrames key exists but has no frame refs
cmd:d/f+2,attack,dio,DIO,True,animationFrames key exists but has no frame refs
cmd:f+1,attack,dio,DIO,True,animationFrames key exists but has no frame refs
cmd:qcf+4,attack,dio,DIO,True,animationFrames key exists but has no frame refs
getupRollUp,non-attack,dio,DIO,False,animationFrames key exists but has no frame refs
hitHeavy,non-attack,dio,DIO,False,animationFrames key exists but has no frame refs
jabright,attack,dio,DIO,True,animationFrames key exists but has no frame refs
kickleft,attack,dio,DIO,True,animationFrames key exists but has no frame refs
kickright,attack,dio,DIO,True,animationFrames key exists but has no frame refs
cmd:1+3,attack,don-patch-poppa-rocks,Don Patch _ Poppa Rocks,True,animationFrames key exists but has no frame refs
cmd:2+3,attack,don-patch-poppa-rocks,Don Patch _ Poppa Rocks,True,animationFrames key exists but has no frame refs
cmd:2+4,attack,don-patch-poppa-rocks,Don Patch _ Poppa Rocks,True,animationFrames key exists but has no frame refs
cmd:FC+1,attack,don-patch-poppa-rocks,Don Patch _ Poppa Rocks,True,animationFrames key exists but has no frame refs
cmd:FC+2,attack,don-patch-poppa-rocks,Don Patch _ Poppa Rocks,True,animationFrames key exists but has no frame refs
cmd:O+2,attack,don-patch-poppa-rocks,Don Patch _ Poppa Rocks,True,animationFrames key exists but has no frame refs
cmd:WS+4,attack,don-patch-poppa-rocks,Don Patch _ Poppa Rocks,True,animationFrames key exists but has no frame refs
cmd:d/f+2,attack,don-patch-poppa-rocks,Don Patch _ Poppa Rocks,True,animationFrames key exists but has no frame refs
cmd:f+1,attack,don-patch-poppa-rocks,Don Patch _ Poppa Rocks,True,animationFrames key exists but has no frame refs
cmd:qcf+4,attack,don-patch-poppa-rocks,Don Patch _ Poppa Rocks,True,animationFrames key exists but has no frame refs
getupRollUp,non-attack,don-patch-poppa-rocks,Don Patch _ Poppa Rocks,False,animationFrames key exists but has no frame refs
hitHeavy,non-attack,don-patch-poppa-rocks,Don Patch _ Poppa Rocks,False,animationFrames key exists but has no frame refs
cmd:1+3,attack,dr-mashirito,Dr. Mashirito,True,animationFrames key exists but has no frame refs
cmd:2+3,attack,dr-mashirito,Dr. Mashirito,True,animationFrames key exists but has no frame refs
cmd:2+4,attack,dr-mashirito,Dr. Mashirito,True,animationFrames key exists but has no frame refs
cmd:FC+1,attack,dr-mashirito,Dr. Mashirito,True,animationFrames key exists but has no frame refs
cmd:FC+2,attack,dr-mashirito,Dr. Mashirito,True,animationFrames key exists but has no frame refs
cmd:O+2,attack,dr-mashirito,Dr. Mashirito,True,animationFrames key exists but has no frame refs
cmd:WS+4,attack,dr-mashirito,Dr. Mashirito,True,animationFrames key exists but has no frame refs
cmd:d/f+2,attack,dr-mashirito,Dr. Mashirito,True,animationFrames key exists but has no frame refs
cmd:f+1,attack,dr-mashirito,Dr. Mashirito,True,animationFrames key exists but has no frame refs
cmd:qcf+4,attack,dr-mashirito,Dr. Mashirito,True,animationFrames key exists but has no frame refs
getupRollUp,non-attack,dr-mashirito,Dr. Mashirito,False,animationFrames key exists but has no frame refs
hitHeavy,non-attack,dr-mashirito,Dr. Mashirito,False,animationFrames key exists but has no frame refs
kickleft,attack,dr-mashirito,Dr. Mashirito,True,animationFrames key exists but has no frame refs
kickright,attack,dr-mashirito,Dr. Mashirito,True,animationFrames key exists but has no frame refs
cmd:1+2,attack,dragon-shiryu,Dragon Shiryū,True,animationFrames key exists but has no frame refs
cmd:1+3,attack,dragon-shiryu,Dragon Shiryū,True,animationFrames key exists but has no frame refs
cmd:2+3,attack,dragon-shiryu,Dragon Shiryū,True,animationFrames key exists but has no frame refs
cmd:2+4,attack,dragon-shiryu,Dragon Shiryū,True,animationFrames key exists but has no frame refs
cmd:3+4,attack,dragon-shiryu,Dragon Shiryū,True,animationFrames key exists but has no frame refs
cmd:FC+1,attack,dragon-shiryu,Dragon Shiryū,True,animationFrames key exists but has no frame refs
cmd:FC+2,attack,dragon-shiryu,Dragon Shiryū,True,animationFrames key exists but has no frame refs
cmd:O+2,attack,dragon-shiryu,Dragon Shiryū,True,animationFrames key exists but has no frame refs
cmd:WS+4,attack,dragon-shiryu,Dragon Shiryū,True,animationFrames key exists but has no frame refs
cmd:d/f+2,attack,dragon-shiryu,Dragon Shiryū,True,animationFrames key exists but has no frame refs
cmd:f+1,attack,dragon-shiryu,Dragon Shiryū,True,animationFrames key exists but has no frame refs
cmd:qcf+4,attack,dragon-shiryu,Dragon Shiryū,True,animationFrames key exists but has no frame refs
getupRollUp,non-attack,dragon-shiryu,Dragon Shiryū,False,animationFrames key exists but has no frame refs
getupStand,non-attack,dragon-shiryu,Dragon Shiryū,False,animationFrames key exists but has no frame refs
hitHeavy,non-attack,dragon-shiryu,Dragon Shiryū,False,animationFrames key exists but has no frame refs
hitLight,non-attack,dragon-shiryu,Dragon Shiryū,False,animationFrames key exists but has no frame refs
idle,non-attack,dragon-shiryu,Dragon Shiryū,False,animationFrames key exists but has no frame refs
juggle,non-attack,dragon-shiryu,Dragon Shiryū,False,animationFrames key exists but has no frame refs
knockdown,non-attack,dragon-shiryu,Dragon Shiryū,False,animationFrames key exists but has no frame refs
lose,non-attack,dragon-shiryu,Dragon Shiryū,False,animationFrames key exists but has no frame refs
cmd:1+3,attack,eve,Eve,True,animationFrames key exists but has no frame refs
cmd:2+3,attack,eve,Eve,True,animationFrames key exists but has no frame refs
cmd:2+4,attack,eve,Eve,True,animationFrames key exists but has no frame refs
cmd:FC+1,attack,eve,Eve,True,animationFrames key exists but has no frame refs
cmd:FC+2,attack,eve,Eve,True,animationFrames key exists but has no frame refs
cmd:O+2,attack,eve,Eve,True,animationFrames key exists but has no frame refs
cmd:WS+4,attack,eve,Eve,True,animationFrames key exists but has no frame refs
cmd:d/f+2,attack,eve,Eve,True,animationFrames key exists but has no frame refs
cmd:f+1,attack,eve,Eve,True,animationFrames key exists but has no frame refs
cmd:qcf+4,attack,eve,Eve,True,animationFrames key exists but has no frame refs
getupRollUp,non-attack,eve,Eve,False,animationFrames key exists but has no frame refs
hitHeavy,non-attack,eve,Eve,False,animationFrames key exists but has no frame refs
kickleft,attack,eve,Eve,True,animationFrames key exists but has no frame refs
kickright,attack,eve,Eve,True,animationFrames key exists but has no frame refs
cmd:2+4,attack,franky,Franky,True,animationFrames key exists but has no frame refs
cmd:FC+1,attack,franky,Franky,True,animationFrames key exists but has no frame refs
cmd:FC+2,attack,franky,Franky,True,animationFrames key exists but has no frame refs
cmd:O+2,attack,franky,Franky,True,animationFrames key exists but has no frame refs
cmd:WS+4,attack,franky,Franky,True,animationFrames key exists but has no frame refs
cmd:d/f+2,attack,franky,Franky,True,animationFrames key exists but has no frame refs
cmd:f+1,attack,franky,Franky,True,animationFrames key exists but has no frame refs
cmd:qcf+4,attack,franky,Franky,True,animationFrames key exists but has no frame refs
getupRollUp,non-attack,franky,Franky,False,animationFrames key exists but has no frame refs
hitHeavy,non-attack,franky,Franky,False,animationFrames key exists but has no frame refs
kickleft,attack,franky,Franky,True,animationFrames key exists but has no frame refs
kickright,attack,franky,Franky,True,animationFrames key exists but has no frame refs
cmd:1+3,attack,frieza,Frieza,True,animationFrames key exists but has no frame refs
cmd:2+4,attack,frieza,Frieza,True,animationFrames key exists but has no frame refs
cmd:FC+1,attack,frieza,Frieza,True,animationFrames key exists but has no frame refs
cmd:FC+2,attack,frieza,Frieza,True,animationFrames key exists but has no frame refs
cmd:O+2,attack,frieza,Frieza,True,animationFrames key exists but has no frame refs
cmd:WS+4,attack,frieza,Frieza,True,animationFrames key exists but has no frame refs
cmd:d/f+2,attack,frieza,Frieza,True,animationFrames key exists but has no frame refs
cmd:f+1,attack,frieza,Frieza,True,animationFrames key exists but has no frame refs
cmd:qcf+4,attack,frieza,Frieza,True,animationFrames key exists but has no frame refs
getupRollUp,non-attack,frieza,Frieza,False,animationFrames key exists but has no frame refs
hitHeavy,non-attack,frieza,Frieza,False,animationFrames key exists but has no frame refs
kickleft,attack,frieza,Frieza,True,animationFrames key exists but has no frame refs
cmd:1+3,attack,fuusuke,Fuusuke,True,animationFrames key exists but has no frame refs
cmd:2+4,attack,fuusuke,Fuusuke,True,animationFrames key exists but has no frame refs
cmd:FC+1,attack,fuusuke,Fuusuke,True,animationFrames key exists but has no frame refs
cmd:FC+2,attack,fuusuke,Fuusuke,True,animationFrames key exists but has no frame refs
cmd:O+2,attack,fuusuke,Fuusuke,True,animationFrames key exists but has no frame refs
cmd:WS+4,attack,fuusuke,Fuusuke,True,animationFrames key exists but has no frame refs
cmd:d/f+2,attack,fuusuke,Fuusuke,True,animationFrames key exists but has no frame refs
cmd:f+1,attack,fuusuke,Fuusuke,True,animationFrames key exists but has no frame refs
cmd:qcf+4,attack,fuusuke,Fuusuke,True,animationFrames key exists but has no frame refs
getupRollUp,non-attack,fuusuke,Fuusuke,False,animationFrames key exists but has no frame refs
hitHeavy,non-attack,fuusuke,Fuusuke,False,animationFrames key exists but has no frame refs
kickleft,attack,fuusuke,Fuusuke,True,animationFrames key exists but has no frame refs
cmd:2+3,attack,gintoki-sakata,Gintoki Sakata,True,animationFrames key exists but has no frame refs
cmd:2+4,attack,gintoki-sakata,Gintoki Sakata,True,animationFrames key exists but has no frame refs
cmd:3+4,attack,gintoki-sakata,Gintoki Sakata,True,animationFrames key exists but has no frame refs
cmd:FC+1,attack,gintoki-sakata,Gintoki Sakata,True,animationFrames key exists but has no frame refs
cmd:FC+2,attack,gintoki-sakata,Gintoki Sakata,True,animationFrames key exists but has no frame refs
cmd:O+2,attack,gintoki-sakata,Gintoki Sakata,True,animationFrames key exists but has no frame refs
cmd:WS+4,attack,gintoki-sakata,Gintoki Sakata,True,animationFrames key exists but has no frame refs
cmd:d/f+2,attack,gintoki-sakata,Gintoki Sakata,True,animationFrames key exists but has no frame refs
cmd:f+1,attack,gintoki-sakata,Gintoki Sakata,True,animationFrames key exists but has no frame refs
cmd:qcf+4,attack,gintoki-sakata,Gintoki Sakata,True,animationFrames key exists but has no frame refs
getupRollUp,non-attack,gintoki-sakata,Gintoki Sakata,False,animationFrames key exists but has no frame refs
hitHeavy,non-attack,gintoki-sakata,Gintoki Sakata,False,animationFrames key exists but has no frame refs
kickright,attack,gintoki-sakata,Gintoki Sakata,True,animationFrames key exists but has no frame refs
cmd:1+3,attack,gohan-super-saiyan,Gohan (Super Saiyan),True,animationFrames key exists but has no frame refs
cmd:2+3,attack,gohan-super-saiyan,Gohan (Super Saiyan),True,animationFrames key exists but has no frame refs
cmd:2+4,attack,gohan-super-saiyan,Gohan (Super Saiyan),True,animationFrames key exists but has no frame refs
cmd:FC+1,attack,gohan-super-saiyan,Gohan (Super Saiyan),True,animationFrames key exists but has no frame refs
cmd:FC+2,attack,gohan-super-saiyan,Gohan (Super Saiyan),True,animationFrames key exists but has no frame refs
cmd:O+2,attack,gohan-super-saiyan,Gohan (Super Saiyan),True,animationFrames key exists but has no frame refs
cmd:WS+4,attack,gohan-super-saiyan,Gohan (Super Saiyan),True,animationFrames key exists but has no frame refs
cmd:d/f+2,attack,gohan-super-saiyan,Gohan (Super Saiyan),True,animationFrames key exists but has no frame refs
cmd:f+1,attack,gohan-super-saiyan,Gohan (Super Saiyan),True,animationFrames key exists but has no frame refs
cmd:qcf+4,attack,gohan-super-saiyan,Gohan (Super Saiyan),True,animationFrames key exists but has no frame refs
getupRollUp,non-attack,gohan-super-saiyan,Gohan (Super Saiyan),False,animationFrames key exists but has no frame refs
hitHeavy,non-attack,gohan-super-saiyan,Gohan (Super Saiyan),False,animationFrames key exists but has no frame refs
kickright,attack,gohan-super-saiyan,Gohan (Super Saiyan),True,animationFrames key exists but has no frame refs
cmd:1+3,attack,gohan-super-saiyan-2,Gohan (Super Saiyan 2),True,animationFrames key exists but has no frame refs
cmd:2+3,attack,gohan-super-saiyan-2,Gohan (Super Saiyan 2),True,animationFrames key exists but has no frame refs
cmd:2+4,attack,gohan-super-saiyan-2,Gohan (Super Saiyan 2),True,animationFrames key exists but has no frame refs
cmd:3+4,attack,gohan-super-saiyan-2,Gohan (Super Saiyan 2),True,animationFrames key exists but has no frame refs
cmd:FC+1,attack,gohan-super-saiyan-2,Gohan (Super Saiyan 2),True,animationFrames key exists but has no frame refs
cmd:FC+2,attack,gohan-super-saiyan-2,Gohan (Super Saiyan 2),True,animationFrames key exists but has no frame refs
cmd:O+2,attack,gohan-super-saiyan-2,Gohan (Super Saiyan 2),True,animationFrames key exists but has no frame refs
cmd:WS+4,attack,gohan-super-saiyan-2,Gohan (Super Saiyan 2),True,animationFrames key exists but has no frame refs
cmd:d/f+2,attack,gohan-super-saiyan-2,Gohan (Super Saiyan 2),True,animationFrames key exists but has no frame refs
cmd:f+1,attack,gohan-super-saiyan-2,Gohan (Super Saiyan 2),True,animationFrames key exists but has no frame refs
cmd:qcf+4,attack,gohan-super-saiyan-2,Gohan (Super Saiyan 2),True,animationFrames key exists but has no frame refs
getupRollUp,non-attack,gohan-super-saiyan-2,Gohan (Super Saiyan 2),False,animationFrames key exists but has no frame refs
hitHeavy,non-attack,gohan-super-saiyan-2,Gohan (Super Saiyan 2),False,animationFrames key exists but has no frame refs
kickright,attack,gohan-super-saiyan-2,Gohan (Super Saiyan 2),True,animationFrames key exists but has no frame refs
cmd:1+3,attack,goku,Goku,True,animationFrames key exists but has no frame refs
cmd:2+3,attack,goku,Goku,True,animationFrames key exists but has no frame refs
cmd:2+4,attack,goku,Goku,True,animationFrames key exists but has no frame refs
cmd:FC+1,attack,goku,Goku,True,animationFrames key exists but has no frame refs
cmd:FC+2,attack,goku,Goku,True,animationFrames key exists but has no frame refs
cmd:O+2,attack,goku,Goku,True,animationFrames key exists but has no frame refs
cmd:WS+4,attack,goku,Goku,True,animationFrames key exists but has no frame refs
cmd:d/f+2,attack,goku,Goku,True,animationFrames key exists but has no frame refs
cmd:f+1,attack,goku,Goku,True,animationFrames key exists but has no frame refs
cmd:qcf+4,attack,goku,Goku,True,animationFrames key exists but has no frame refs
getupRollUp,non-attack,goku,Goku,False,animationFrames key exists but has no frame refs
hitHeavy,non-attack,goku,Goku,False,animationFrames key exists but has no frame refs
cmd:1+3,attack,goku-super-saiyan,Goku (Super Saiyan),True,animationFrames key exists but has no frame refs
cmd:2+3,attack,goku-super-saiyan,Goku (Super Saiyan),True,animationFrames key exists but has no frame refs
cmd:2+4,attack,goku-super-saiyan,Goku (Super Saiyan),True,animationFrames key exists but has no frame refs
cmd:FC+1,attack,goku-super-saiyan,Goku (Super Saiyan),True,animationFrames key exists but has no frame refs
cmd:FC+2,attack,goku-super-saiyan,Goku (Super Saiyan),True,animationFrames key exists but has no frame refs
cmd:O+2,attack,goku-super-saiyan,Goku (Super Saiyan),True,animationFrames key exists but has no frame refs
cmd:WS+4,attack,goku-super-saiyan,Goku (Super Saiyan),True,animationFrames key exists but has no frame refs
cmd:d/f+2,attack,goku-super-saiyan,Goku (Super Saiyan),True,animationFrames key exists but has no frame refs
cmd:f+1,attack,goku-super-saiyan,Goku (Super Saiyan),True,animationFrames key exists but has no frame refs
cmd:qcf+4,attack,goku-super-saiyan,Goku (Super Saiyan),True,animationFrames key exists but has no frame refs
getupRollUp,non-attack,goku-super-saiyan,Goku (Super Saiyan),False,animationFrames key exists but has no frame refs
hitHeavy,non-attack,goku-super-saiyan,Goku (Super Saiyan),False,animationFrames key exists but has no frame refs
cmd:3+4,attack,gon-freecss,Gon Freecss,True,animationFrames key exists but has no frame refs
cmd:FC+1,attack,gon-freecss,Gon Freecss,True,animationFrames key exists but has no frame refs
cmd:FC+2,attack,gon-freecss,Gon Freecss,True,animationFrames key exists but has no frame refs
cmd:O+2,attack,gon-freecss,Gon Freecss,True,animationFrames key exists but has no frame refs
cmd:WS+4,attack,gon-freecss,Gon Freecss,True,animationFrames key exists but has no frame refs
cmd:d/f+2,attack,gon-freecss,Gon Freecss,True,animationFrames key exists but has no frame refs
cmd:f+1,attack,gon-freecss,Gon Freecss,True,animationFrames key exists but has no frame refs
cmd:qcf+4,attack,gon-freecss,Gon Freecss,True,animationFrames key exists but has no frame refs
getupRollUp,non-attack,gon-freecss,Gon Freecss,False,animationFrames key exists but has no frame refs
hitHeavy,non-attack,gon-freecss,Gon Freecss,False,animationFrames key exists but has no frame refs
kickleft,attack,gon-freecss,Gon Freecss,True,animationFrames key exists but has no frame refs
kickright,attack,gon-freecss,Gon Freecss,True,animationFrames key exists but has no frame refs
cmd:2+4,attack,gotenks,Gotenks,True,animationFrames key exists but has no frame refs
cmd:3+4,attack,gotenks,Gotenks,True,animationFrames key exists but has no frame refs
cmd:FC+1,attack,gotenks,Gotenks,True,animationFrames key exists but has no frame refs
cmd:FC+2,attack,gotenks,Gotenks,True,animationFrames key exists but has no frame refs
cmd:O+2,attack,gotenks,Gotenks,True,animationFrames key exists but has no frame refs
cmd:WS+4,attack,gotenks,Gotenks,True,animationFrames key exists but has no frame refs
cmd:d/f+2,attack,gotenks,Gotenks,True,animationFrames key exists but has no frame refs
cmd:f+1,attack,gotenks,Gotenks,True,animationFrames key exists but has no frame refs
cmd:qcf+4,attack,gotenks,Gotenks,True,animationFrames key exists but has no frame refs
getupRollUp,non-attack,gotenks,Gotenks,False,animationFrames key exists but has no frame refs
hitHeavy,non-attack,gotenks,Gotenks,False,animationFrames key exists but has no frame refs
kickleft,attack,gotenks,Gotenks,True,animationFrames key exists but has no frame refs
cmd:1+3,attack,gotenks-super-saiyan,Gotenks (Super Saiyan),True,animationFrames key exists but has no frame refs
cmd:2+4,attack,gotenks-super-saiyan,Gotenks (Super Saiyan),True,animationFrames key exists but has no frame refs
cmd:3+4,attack,gotenks-super-saiyan,Gotenks (Super Saiyan),True,animationFrames key exists but has no frame refs
cmd:FC+1,attack,gotenks-super-saiyan,Gotenks (Super Saiyan),True,animationFrames key exists but has no frame refs
cmd:FC+2,attack,gotenks-super-saiyan,Gotenks (Super Saiyan),True,animationFrames key exists but has no frame refs
cmd:O+2,attack,gotenks-super-saiyan,Gotenks (Super Saiyan),True,animationFrames key exists but has no frame refs
cmd:WS+4,attack,gotenks-super-saiyan,Gotenks (Super Saiyan),True,animationFrames key exists but has no frame refs
cmd:d/f+2,attack,gotenks-super-saiyan,Gotenks (Super Saiyan),True,animationFrames key exists but has no frame refs
cmd:f+1,attack,gotenks-super-saiyan,Gotenks (Super Saiyan),True,animationFrames key exists but has no frame refs
cmd:qcf+4,attack,gotenks-super-saiyan,Gotenks (Super Saiyan),True,animationFrames key exists but has no frame refs
getupRollUp,non-attack,gotenks-super-saiyan,Gotenks (Super Saiyan),False,animationFrames key exists but has no frame refs
hitHeavy,non-attack,gotenks-super-saiyan,Gotenks (Super Saiyan),False,animationFrames key exists but has no frame refs
kickleft,attack,gotenks-super-saiyan,Gotenks (Super Saiyan),True,animationFrames key exists but has no frame refs
kickright,attack,gotenks-super-saiyan,Gotenks (Super Saiyan),True,animationFrames key exists but has no frame refs
cmd:FC+1,attack,heihachi-edajima,Heihachi Edajima,True,animationFrames key exists but has no frame refs
cmd:FC+2,attack,heihachi-edajima,Heihachi Edajima,True,animationFrames key exists but has no frame refs
cmd:O+2,attack,heihachi-edajima,Heihachi Edajima,True,animationFrames key exists but has no frame refs
cmd:WS+4,attack,heihachi-edajima,Heihachi Edajima,True,animationFrames key exists but has no frame refs
cmd:d/f+2,attack,heihachi-edajima,Heihachi Edajima,True,animationFrames key exists but has no frame refs
cmd:f+1,attack,heihachi-edajima,Heihachi Edajima,True,animationFrames key exists but has no frame refs
cmd:qcf+4,attack,heihachi-edajima,Heihachi Edajima,True,animationFrames key exists but has no frame refs
getupRollUp,non-attack,heihachi-edajima,Heihachi Edajima,False,animationFrames key exists but has no frame refs
hitHeavy,non-attack,heihachi-edajima,Heihachi Edajima,False,animationFrames key exists but has no frame refs
kickleft,attack,heihachi-edajima,Heihachi Edajima,True,animationFrames key exists but has no frame refs
kickright,attack,heihachi-edajima,Heihachi Edajima,True,animationFrames key exists but has no frame refs
cmd:FC+1,attack,hiei,Hiei,True,animationFrames key exists but has no frame refs
cmd:FC+2,attack,hiei,Hiei,True,animationFrames key exists but has no frame refs
cmd:O+2,attack,hiei,Hiei,True,animationFrames key exists but has no frame refs
cmd:WS+4,attack,hiei,Hiei,True,animationFrames key exists but has no frame refs
cmd:d/f+2,attack,hiei,Hiei,True,animationFrames key exists but has no frame refs
cmd:f+1,attack,hiei,Hiei,True,animationFrames key exists but has no frame refs
cmd:qcf+4,attack,hiei,Hiei,True,animationFrames key exists but has no frame refs
getupRollUp,non-attack,hiei,Hiei,False,animationFrames key exists but has no frame refs
hitHeavy,non-attack,hiei,Hiei,False,animationFrames key exists but has no frame refs
kickleft,attack,hiei,Hiei,True,animationFrames key exists but has no frame refs
kickright,attack,hiei,Hiei,True,animationFrames key exists but has no frame refs
cmd:3+4,attack,ichigo-kurosaki,Ichigo Kurosaki,True,animationFrames key exists but has no frame refs
cmd:FC+1,attack,ichigo-kurosaki,Ichigo Kurosaki,True,animationFrames key exists but has no frame refs
cmd:FC+2,attack,ichigo-kurosaki,Ichigo Kurosaki,True,animationFrames key exists but has no frame refs
cmd:O+2,attack,ichigo-kurosaki,Ichigo Kurosaki,True,animationFrames key exists but has no frame refs
cmd:WS+4,attack,ichigo-kurosaki,Ichigo Kurosaki,True,animationFrames key exists but has no frame refs
cmd:d/f+2,attack,ichigo-kurosaki,Ichigo Kurosaki,True,animationFrames key exists but has no frame refs
cmd:f+1,attack,ichigo-kurosaki,Ichigo Kurosaki,True,animationFrames key exists but has no frame refs
cmd:qcf+4,attack,ichigo-kurosaki,Ichigo Kurosaki,True,animationFrames key exists but has no frame refs
getupRollUp,non-attack,ichigo-kurosaki,Ichigo Kurosaki,False,animationFrames key exists but has no frame refs
hitHeavy,non-attack,ichigo-kurosaki,Ichigo Kurosaki,False,animationFrames key exists but has no frame refs
kickleft,attack,ichigo-kurosaki,Ichigo Kurosaki,True,animationFrames key exists but has no frame refs
kickright,attack,ichigo-kurosaki,Ichigo Kurosaki,True,animationFrames key exists but has no frame refs
cmd:FC+1,attack,jaguar-junichi,Jaguar Junichi,True,animationFrames key exists but has no frame refs
cmd:FC+2,attack,jaguar-junichi,Jaguar Junichi,True,animationFrames key exists but has no frame refs
cmd:O+2,attack,jaguar-junichi,Jaguar Junichi,True,animationFrames key exists but has no frame refs
cmd:WS+4,attack,jaguar-junichi,Jaguar Junichi,True,animationFrames key exists but has no frame refs
cmd:d/f+2,attack,jaguar-junichi,Jaguar Junichi,True,animationFrames key exists but has no frame refs
cmd:f+1,attack,jaguar-junichi,Jaguar Junichi,True,animationFrames key exists but has no frame refs
cmd:qcf+4,attack,jaguar-junichi,Jaguar Junichi,True,animationFrames key exists but has no frame refs
getupRollUp,non-attack,jaguar-junichi,Jaguar Junichi,False,animationFrames key exists but has no frame refs
hitHeavy,non-attack,jaguar-junichi,Jaguar Junichi,False,animationFrames key exists but has no frame refs
kickleft,attack,jaguar-junichi,Jaguar Junichi,True,animationFrames key exists but has no frame refs
kickright,attack,jaguar-junichi,Jaguar Junichi,True,animationFrames key exists but has no frame refs
cmd:2+3,attack,jotaro-kujo,Jotaro Kujo,True,animationFrames key exists but has no frame refs
cmd:2+4,attack,jotaro-kujo,Jotaro Kujo,True,animationFrames key exists but has no frame refs
cmd:3+4,attack,jotaro-kujo,Jotaro Kujo,True,animationFrames key exists but has no frame refs
cmd:FC+1,attack,jotaro-kujo,Jotaro Kujo,True,animationFrames key exists but has no frame refs
cmd:FC+2,attack,jotaro-kujo,Jotaro Kujo,True,animationFrames key exists but has no frame refs
cmd:O+2,attack,jotaro-kujo,Jotaro Kujo,True,animationFrames key exists but has no frame refs
cmd:WS+4,attack,jotaro-kujo,Jotaro Kujo,True,animationFrames key exists but has no frame refs
cmd:d/f+2,attack,jotaro-kujo,Jotaro Kujo,True,animationFrames key exists but has no frame refs
cmd:f+1,attack,jotaro-kujo,Jotaro Kujo,True,animationFrames key exists but has no frame refs
cmd:qcf+4,attack,jotaro-kujo,Jotaro Kujo,True,animationFrames key exists but has no frame refs
getupRollUp,non-attack,jotaro-kujo,Jotaro Kujo,False,animationFrames key exists but has no frame refs
hitHeavy,non-attack,jotaro-kujo,Jotaro Kujo,False,animationFrames key exists but has no frame refs
cmd:FC+1,attack,kagura,Kagura,True,animationFrames key exists but has no frame refs
cmd:FC+2,attack,kagura,Kagura,True,animationFrames key exists but has no frame refs
cmd:O+2,attack,kagura,Kagura,True,animationFrames key exists but has no frame refs
cmd:WS+4,attack,kagura,Kagura,True,animationFrames key exists but has no frame refs
cmd:d/f+2,attack,kagura,Kagura,True,animationFrames key exists but has no frame refs
cmd:f+1,attack,kagura,Kagura,True,animationFrames key exists but has no frame refs
cmd:qcf+4,attack,kagura,Kagura,True,animationFrames key exists but has no frame refs
getupRollUp,non-attack,kagura,Kagura,False,animationFrames key exists but has no frame refs
hitHeavy,non-attack,kagura,Kagura,False,animationFrames key exists but has no frame refs
kickright,attack,kagura,Kagura,True,animationFrames key exists but has no frame refs
cmd:3+4,attack,kakashi-hatake,Kakashi Hatake,True,animationFrames key exists but has no frame refs
cmd:FC+1,attack,kakashi-hatake,Kakashi Hatake,True,animationFrames key exists but has no frame refs
cmd:FC+2,attack,kakashi-hatake,Kakashi Hatake,True,animationFrames key exists but has no frame refs
cmd:O+2,attack,kakashi-hatake,Kakashi Hatake,True,animationFrames key exists but has no frame refs
cmd:WS+4,attack,kakashi-hatake,Kakashi Hatake,True,animationFrames key exists but has no frame refs
cmd:d/f+2,attack,kakashi-hatake,Kakashi Hatake,True,animationFrames key exists but has no frame refs
cmd:f+1,attack,kakashi-hatake,Kakashi Hatake,True,animationFrames key exists but has no frame refs
cmd:qcf+4,attack,kakashi-hatake,Kakashi Hatake,True,animationFrames key exists but has no frame refs
getupRollUp,non-attack,kakashi-hatake,Kakashi Hatake,False,animationFrames key exists but has no frame refs
hitHeavy,non-attack,kakashi-hatake,Kakashi Hatake,False,animationFrames key exists but has no frame refs
kickright,attack,kakashi-hatake,Kakashi Hatake,True,animationFrames key exists but has no frame refs
cmd:2+3,attack,kazuki-muto,Kazuki Muto,True,animationFrames key exists but has no frame refs
cmd:2+4,attack,kazuki-muto,Kazuki Muto,True,animationFrames key exists but has no frame refs
cmd:3+4,attack,kazuki-muto,Kazuki Muto,True,animationFrames key exists but has no frame refs
cmd:FC+1,attack,kazuki-muto,Kazuki Muto,True,animationFrames key exists but has no frame refs
cmd:FC+2,attack,kazuki-muto,Kazuki Muto,True,animationFrames key exists but has no frame refs
cmd:O+2,attack,kazuki-muto,Kazuki Muto,True,animationFrames key exists but has no frame refs
cmd:WS+4,attack,kazuki-muto,Kazuki Muto,True,animationFrames key exists but has no frame refs
cmd:d/f+2,attack,kazuki-muto,Kazuki Muto,True,animationFrames key exists but has no frame refs
cmd:f+1,attack,kazuki-muto,Kazuki Muto,True,animationFrames key exists but has no frame refs
cmd:qcf+4,attack,kazuki-muto,Kazuki Muto,True,animationFrames key exists but has no frame refs
getupRollUp,non-attack,kazuki-muto,Kazuki Muto,False,animationFrames key exists but has no frame refs
hitHeavy,non-attack,kazuki-muto,Kazuki Muto,False,animationFrames key exists but has no frame refs
kickleft,attack,kazuki-muto,Kazuki Muto,True,animationFrames key exists but has no frame refs
kickright,attack,kazuki-muto,Kazuki Muto,True,animationFrames key exists but has no frame refs
cmd:FC+1,attack,kenshin-himura,Kenshin Himura,True,animationFrames key exists but has no frame refs
cmd:FC+2,attack,kenshin-himura,Kenshin Himura,True,animationFrames key exists but has no frame refs
cmd:O+2,attack,kenshin-himura,Kenshin Himura,True,animationFrames key exists but has no frame refs
cmd:WS+4,attack,kenshin-himura,Kenshin Himura,True,animationFrames key exists but has no frame refs
cmd:d/f+2,attack,kenshin-himura,Kenshin Himura,True,animationFrames key exists but has no frame refs
cmd:f+1,attack,kenshin-himura,Kenshin Himura,True,animationFrames key exists but has no frame refs
cmd:qcf+4,attack,kenshin-himura,Kenshin Himura,True,animationFrames key exists but has no frame refs
getupRollUp,non-attack,kenshin-himura,Kenshin Himura,False,animationFrames key exists but has no frame refs
hitHeavy,non-attack,kenshin-himura,Kenshin Himura,False,animationFrames key exists but has no frame refs
kickleft,attack,kenshin-himura,Kenshin Himura,True,animationFrames key exists but has no frame refs
kickright,attack,kenshin-himura,Kenshin Himura,True,animationFrames key exists but has no frame refs
cmd:FC+1,attack,kenshiro,Kenshiro,True,animationFrames key exists but has no frame refs
cmd:FC+2,attack,kenshiro,Kenshiro,True,animationFrames key exists but has no frame refs
cmd:O+2,attack,kenshiro,Kenshiro,True,animationFrames key exists but has no frame refs
cmd:WS+4,attack,kenshiro,Kenshiro,True,animationFrames key exists but has no frame refs
cmd:d/f+2,attack,kenshiro,Kenshiro,True,animationFrames key exists but has no frame refs
cmd:f+1,attack,kenshiro,Kenshiro,True,animationFrames key exists but has no frame refs
cmd:qcf+4,attack,kenshiro,Kenshiro,True,animationFrames key exists but has no frame refs
getupRollUp,non-attack,kenshiro,Kenshiro,False,animationFrames key exists but has no frame refs
hitHeavy,non-attack,kenshiro,Kenshiro,False,animationFrames key exists but has no frame refs
cmd:3+4,attack,killua-zoldyck,Killua Zoldyck,True,animationFrames key exists but has no frame refs
cmd:FC+1,attack,killua-zoldyck,Killua Zoldyck,True,animationFrames key exists but has no frame refs
cmd:FC+2,attack,killua-zoldyck,Killua Zoldyck,True,animationFrames key exists but has no frame refs
cmd:O+2,attack,killua-zoldyck,Killua Zoldyck,True,animationFrames key exists but has no frame refs
cmd:WS+4,attack,killua-zoldyck,Killua Zoldyck,True,animationFrames key exists but has no frame refs
cmd:d/f+2,attack,killua-zoldyck,Killua Zoldyck,True,animationFrames key exists but has no frame refs
cmd:f+1,attack,killua-zoldyck,Killua Zoldyck,True,animationFrames key exists but has no frame refs
cmd:qcf+4,attack,killua-zoldyck,Killua Zoldyck,True,animationFrames key exists but has no frame refs
getupRollUp,non-attack,killua-zoldyck,Killua Zoldyck,False,animationFrames key exists but has no frame refs
hitHeavy,non-attack,killua-zoldyck,Killua Zoldyck,False,animationFrames key exists but has no frame refs
kickleft,attack,killua-zoldyck,Killua Zoldyck,True,animationFrames key exists but has no frame refs
kickright,attack,killua-zoldyck,Killua Zoldyck,True,animationFrames key exists but has no frame refs
cmd:FC+1,attack,kinnikuman,Kinnikuman,True,animationFrames key exists but has no frame refs
cmd:FC+2,attack,kinnikuman,Kinnikuman,True,animationFrames key exists but has no frame refs
cmd:O+2,attack,kinnikuman,Kinnikuman,True,animationFrames key exists but has no frame refs
cmd:WS+4,attack,kinnikuman,Kinnikuman,True,animationFrames key exists but has no frame refs
cmd:d/f+2,attack,kinnikuman,Kinnikuman,True,animationFrames key exists but has no frame refs
cmd:f+1,attack,kinnikuman,Kinnikuman,True,animationFrames key exists but has no frame refs
cmd:qcf+4,attack,kinnikuman,Kinnikuman,True,animationFrames key exists but has no frame refs
getupRollUp,non-attack,kinnikuman,Kinnikuman,False,animationFrames key exists but has no frame refs
hitHeavy,non-attack,kinnikuman,Kinnikuman,False,animationFrames key exists but has no frame refs
kickleft,attack,kinnikuman,Kinnikuman,True,animationFrames key exists but has no frame refs
kickright,attack,kinnikuman,Kinnikuman,True,animationFrames key exists but has no frame refs
cmd:2+4,attack,kurama,Kurama,True,animationFrames key exists but has no frame refs
cmd:3+4,attack,kurama,Kurama,True,animationFrames key exists but has no frame refs
cmd:FC+1,attack,kurama,Kurama,True,animationFrames key exists but has no frame refs
cmd:FC+2,attack,kurama,Kurama,True,animationFrames key exists but has no frame refs
cmd:O+2,attack,kurama,Kurama,True,animationFrames key exists but has no frame refs
cmd:WS+4,attack,kurama,Kurama,True,animationFrames key exists but has no frame refs
cmd:d/f+2,attack,kurama,Kurama,True,animationFrames key exists but has no frame refs
cmd:f+1,attack,kurama,Kurama,True,animationFrames key exists but has no frame refs
cmd:qcf+4,attack,kurama,Kurama,True,animationFrames key exists but has no frame refs
getupRollUp,non-attack,kurama,Kurama,False,animationFrames key exists but has no frame refs
hitHeavy,non-attack,kurama,Kurama,False,animationFrames key exists but has no frame refs
kickleft,attack,kurama,Kurama,True,animationFrames key exists but has no frame refs
kickright,attack,kurama,Kurama,True,animationFrames key exists but has no frame refs
cmd:FC+1,attack,lenalee-lee,Lenalee Lee,True,animationFrames key exists but has no frame refs
cmd:FC+2,attack,lenalee-lee,Lenalee Lee,True,animationFrames key exists but has no frame refs
cmd:O+2,attack,lenalee-lee,Lenalee Lee,True,animationFrames key exists but has no frame refs
cmd:WS+4,attack,lenalee-lee,Lenalee Lee,True,animationFrames key exists but has no frame refs
cmd:d/f+2,attack,lenalee-lee,Lenalee Lee,True,animationFrames key exists but has no frame refs
cmd:f+1,attack,lenalee-lee,Lenalee Lee,True,animationFrames key exists but has no frame refs
cmd:qcf+4,attack,lenalee-lee,Lenalee Lee,True,animationFrames key exists but has no frame refs
getupRollUp,non-attack,lenalee-lee,Lenalee Lee,False,animationFrames key exists but has no frame refs
hitHeavy,non-attack,lenalee-lee,Lenalee Lee,False,animationFrames key exists but has no frame refs
jabright,attack,lenalee-lee,Lenalee Lee,True,animationFrames key exists but has no frame refs
cmd:1+3,attack,majin-buu,Majin Buu,True,animationFrames key exists but has no frame refs
cmd:2+3,attack,majin-buu,Majin Buu,True,animationFrames key exists but has no frame refs
cmd:FC+1,attack,majin-buu,Majin Buu,True,animationFrames key exists but has no frame refs
cmd:FC+2,attack,majin-buu,Majin Buu,True,animationFrames key exists but has no frame refs
cmd:O+2,attack,majin-buu,Majin Buu,True,animationFrames key exists but has no frame refs
cmd:WS+4,attack,majin-buu,Majin Buu,True,animationFrames key exists but has no frame refs
cmd:d/f+2,attack,majin-buu,Majin Buu,True,animationFrames key exists but has no frame refs
cmd:f+1,attack,majin-buu,Majin Buu,True,animationFrames key exists but has no frame refs
cmd:qcf+4,attack,majin-buu,Majin Buu,True,animationFrames key exists but has no frame refs
getupRollUp,non-attack,majin-buu,Majin Buu,False,animationFrames key exists but has no frame refs
hitHeavy,non-attack,majin-buu,Majin Buu,False,animationFrames key exists but has no frame refs
kickleft,attack,majin-buu,Majin Buu,True,animationFrames key exists but has no frame refs
cmd:FC+1,attack,momotaro-tsurugi,Momotaro Tsurugi,True,animationFrames key exists but has no frame refs
cmd:FC+2,attack,momotaro-tsurugi,Momotaro Tsurugi,True,animationFrames key exists but has no frame refs
cmd:O+2,attack,momotaro-tsurugi,Momotaro Tsurugi,True,animationFrames key exists but has no frame refs
cmd:WS+4,attack,momotaro-tsurugi,Momotaro Tsurugi,True,animationFrames key exists but has no frame refs
cmd:d/f+2,attack,momotaro-tsurugi,Momotaro Tsurugi,True,animationFrames key exists but has no frame refs
cmd:f+1,attack,momotaro-tsurugi,Momotaro Tsurugi,True,animationFrames key exists but has no frame refs
cmd:qcf+4,attack,momotaro-tsurugi,Momotaro Tsurugi,True,animationFrames key exists but has no frame refs
getupRollUp,non-attack,momotaro-tsurugi,Momotaro Tsurugi,False,animationFrames key exists but has no frame refs
hitHeavy,non-attack,momotaro-tsurugi,Momotaro Tsurugi,False,animationFrames key exists but has no frame refs
kickleft,attack,momotaro-tsurugi,Momotaro Tsurugi,True,animationFrames key exists but has no frame refs
kickright,attack,momotaro-tsurugi,Momotaro Tsurugi,True,animationFrames key exists but has no frame refs
cmd:3+4,attack,monkey-d-luffy,Monkey D. Luffy,True,animationFrames key exists but has no frame refs
cmd:FC+1,attack,monkey-d-luffy,Monkey D. Luffy,True,animationFrames key exists but has no frame refs
cmd:FC+2,attack,monkey-d-luffy,Monkey D. Luffy,True,animationFrames key exists but has no frame refs
cmd:O+2,attack,monkey-d-luffy,Monkey D. Luffy,True,animationFrames key exists but has no frame refs
cmd:WS+4,attack,monkey-d-luffy,Monkey D. Luffy,True,animationFrames key exists but has no frame refs
cmd:d/f+2,attack,monkey-d-luffy,Monkey D. Luffy,True,animationFrames key exists but has no frame refs
cmd:f+1,attack,monkey-d-luffy,Monkey D. Luffy,True,animationFrames key exists but has no frame refs
cmd:qcf+4,attack,monkey-d-luffy,Monkey D. Luffy,True,animationFrames key exists but has no frame refs
getupRollUp,non-attack,monkey-d-luffy,Monkey D. Luffy,False,animationFrames key exists but has no frame refs
hitHeavy,non-attack,monkey-d-luffy,Monkey D. Luffy,False,animationFrames key exists but has no frame refs
jabright,attack,monkey-d-luffy,Monkey D. Luffy,True,animationFrames key exists but has no frame refs
kickleft,attack,monkey-d-luffy,Monkey D. Luffy,True,animationFrames key exists but has no frame refs
kickright,attack,monkey-d-luffy,Monkey D. Luffy,True,animationFrames key exists but has no frame refs
cmd:2+3,attack,monkey-d-luffy-2nd-gear,Monkey D. Luffy (2nd Gear),True,animationFrames key exists but has no frame refs
cmd:FC+1,attack,monkey-d-luffy-2nd-gear,Monkey D. Luffy (2nd Gear),True,animationFrames key exists but has no frame refs
cmd:FC+2,attack,monkey-d-luffy-2nd-gear,Monkey D. Luffy (2nd Gear),True,animationFrames key exists but has no frame refs
cmd:O+2,attack,monkey-d-luffy-2nd-gear,Monkey D. Luffy (2nd Gear),True,animationFrames key exists but has no frame refs
cmd:WS+4,attack,monkey-d-luffy-2nd-gear,Monkey D. Luffy (2nd Gear),True,animationFrames key exists but has no frame refs
cmd:d/f+2,attack,monkey-d-luffy-2nd-gear,Monkey D. Luffy (2nd Gear),True,animationFrames key exists but has no frame refs
cmd:f+1,attack,monkey-d-luffy-2nd-gear,Monkey D. Luffy (2nd Gear),True,animationFrames key exists but has no frame refs
cmd:qcf+4,attack,monkey-d-luffy-2nd-gear,Monkey D. Luffy (2nd Gear),True,animationFrames key exists but has no frame refs
getupRollUp,non-attack,monkey-d-luffy-2nd-gear,Monkey D. Luffy (2nd Gear),False,animationFrames key exists but has no frame refs
hitHeavy,non-attack,monkey-d-luffy-2nd-gear,Monkey D. Luffy (2nd Gear),False,animationFrames key exists but has no frame refs
kickleft,attack,monkey-d-luffy-2nd-gear,Monkey D. Luffy (2nd Gear),True,animationFrames key exists but has no frame refs
kickright,attack,monkey-d-luffy-2nd-gear,Monkey D. Luffy (2nd Gear),True,animationFrames key exists but has no frame refs
cmd:3+4,attack,nami,Nami,True,animationFrames key exists but has no frame refs
cmd:FC+1,attack,nami,Nami,True,animationFrames key exists but has no frame refs
cmd:FC+2,attack,nami,Nami,True,animationFrames key exists but has no frame refs
cmd:O+2,attack,nami,Nami,True,animationFrames key exists but has no frame refs
cmd:WS+4,attack,nami,Nami,True,animationFrames key exists but has no frame refs
cmd:d/f+2,attack,nami,Nami,True,animationFrames key exists but has no frame refs
cmd:f+1,attack,nami,Nami,True,animationFrames key exists but has no frame refs
cmd:qcf+4,attack,nami,Nami,True,animationFrames key exists but has no frame refs
getupRollUp,non-attack,nami,Nami,False,animationFrames key exists but has no frame refs
hitHeavy,non-attack,nami,Nami,False,animationFrames key exists but has no frame refs
kickleft,attack,nami,Nami,True,animationFrames key exists but has no frame refs
kickright,attack,nami,Nami,True,animationFrames key exists but has no frame refs
cmd:FC+1,attack,nami-perfect-clima-tact,Nami (Perfect Clima-Tact),True,animationFrames key exists but has no frame refs
cmd:FC+2,attack,nami-perfect-clima-tact,Nami (Perfect Clima-Tact),True,animationFrames key exists but has no frame refs
cmd:O+2,attack,nami-perfect-clima-tact,Nami (Perfect Clima-Tact),True,animationFrames key exists but has no frame refs
cmd:WS+4,attack,nami-perfect-clima-tact,Nami (Perfect Clima-Tact),True,animationFrames key exists but has no frame refs
cmd:d/f+2,attack,nami-perfect-clima-tact,Nami (Perfect Clima-Tact),True,animationFrames key exists but has no frame refs
cmd:f+1,attack,nami-perfect-clima-tact,Nami (Perfect Clima-Tact),True,animationFrames key exists but has no frame refs
cmd:qcf+4,attack,nami-perfect-clima-tact,Nami (Perfect Clima-Tact),True,animationFrames key exists but has no frame refs
getupRollUp,non-attack,nami-perfect-clima-tact,Nami (Perfect Clima-Tact),False,animationFrames key exists but has no frame refs
hitHeavy,non-attack,nami-perfect-clima-tact,Nami (Perfect Clima-Tact),False,animationFrames key exists but has no frame refs
kickleft,attack,nami-perfect-clima-tact,Nami (Perfect Clima-Tact),True,animationFrames key exists but has no frame refs
kickright,attack,nami-perfect-clima-tact,Nami (Perfect Clima-Tact),True,animationFrames key exists but has no frame refs
cmd:2+4,attack,naruto-uzumaki-nine-tails-kyubi,Naruto Uzumaki (Nine-Tails_Kyubi),True,animationFrames key exists but has no frame refs
cmd:3+4,attack,naruto-uzumaki-nine-tails-kyubi,Naruto Uzumaki (Nine-Tails_Kyubi),True,animationFrames key exists but has no frame refs
cmd:FC+1,attack,naruto-uzumaki-nine-tails-kyubi,Naruto Uzumaki (Nine-Tails_Kyubi),True,animationFrames key exists but has no frame refs
cmd:FC+2,attack,naruto-uzumaki-nine-tails-kyubi,Naruto Uzumaki (Nine-Tails_Kyubi),True,animationFrames key exists but has no frame refs
cmd:O+2,attack,naruto-uzumaki-nine-tails-kyubi,Naruto Uzumaki (Nine-Tails_Kyubi),True,animationFrames key exists but has no frame refs
cmd:WS+4,attack,naruto-uzumaki-nine-tails-kyubi,Naruto Uzumaki (Nine-Tails_Kyubi),True,animationFrames key exists but has no frame refs
cmd:d/f+2,attack,naruto-uzumaki-nine-tails-kyubi,Naruto Uzumaki (Nine-Tails_Kyubi),True,animationFrames key exists but has no frame refs
cmd:f+1,attack,naruto-uzumaki-nine-tails-kyubi,Naruto Uzumaki (Nine-Tails_Kyubi),True,animationFrames key exists but has no frame refs
cmd:qcf+4,attack,naruto-uzumaki-nine-tails-kyubi,Naruto Uzumaki (Nine-Tails_Kyubi),True,animationFrames key exists but has no frame refs
kickright,attack,naruto-uzumaki-nine-tails-kyubi,Naruto Uzumaki (Nine-Tails_Kyubi),True,animationFrames key exists but has no frame refs
cmd:1+2,attack,near,Near,True,animationFrames key exists but has no frame refs
cmd:1+3,attack,near,Near,True,animationFrames key exists but has no frame refs
cmd:2+3,attack,near,Near,True,animationFrames key exists but has no frame refs
cmd:2+4,attack,near,Near,True,animationFrames key exists but has no frame refs
cmd:3+4,attack,near,Near,True,animationFrames key exists but has no frame refs
cmd:FC+1,attack,near,Near,True,animationFrames key exists but has no frame refs
cmd:FC+2,attack,near,Near,True,animationFrames key exists but has no frame refs
cmd:O+2,attack,near,Near,True,animationFrames key exists but has no frame refs
cmd:WS+4,attack,near,Near,True,animationFrames key exists but has no frame refs
cmd:d/f+2,attack,near,Near,True,animationFrames key exists but has no frame refs
cmd:f+1,attack,near,Near,True,animationFrames key exists but has no frame refs
cmd:qcf+4,attack,near,Near,True,animationFrames key exists but has no frame refs
getupRollUp,non-attack,near,Near,False,animationFrames key exists but has no frame refs
getupStand,non-attack,near,Near,False,animationFrames key exists but has no frame refs
hitHeavy,non-attack,near,Near,False,animationFrames key exists but has no frame refs
hitLight,non-attack,near,Near,False,animationFrames key exists but has no frame refs
juggle,non-attack,near,Near,False,animationFrames key exists but has no frame refs
kickright,attack,near,Near,True,animationFrames key exists but has no frame refs
knockdown,non-attack,near,Near,False,animationFrames key exists but has no frame refs
lose,non-attack,near,Near,False,animationFrames key exists but has no frame refs
cmd:2+3,attack,neuro-nogami,Neuro Nogami,True,animationFrames key exists but has no frame refs
cmd:FC+1,attack,neuro-nogami,Neuro Nogami,True,animationFrames key exists but has no frame refs
cmd:FC+2,attack,neuro-nogami,Neuro Nogami,True,animationFrames key exists but has no frame refs
cmd:O+2,attack,neuro-nogami,Neuro Nogami,True,animationFrames key exists but has no frame refs
cmd:WS+4,attack,neuro-nogami,Neuro Nogami,True,animationFrames key exists but has no frame refs
cmd:d/f+2,attack,neuro-nogami,Neuro Nogami,True,animationFrames key exists but has no frame refs
cmd:f+1,attack,neuro-nogami,Neuro Nogami,True,animationFrames key exists but has no frame refs
cmd:qcf+4,attack,neuro-nogami,Neuro Nogami,True,animationFrames key exists but has no frame refs
getupRollUp,non-attack,neuro-nogami,Neuro Nogami,False,animationFrames key exists but has no frame refs
hitHeavy,non-attack,neuro-nogami,Neuro Nogami,False,animationFrames key exists but has no frame refs
jabright,attack,neuro-nogami,Neuro Nogami,True,animationFrames key exists but has no frame refs
kickleft,attack,neuro-nogami,Neuro Nogami,True,animationFrames key exists but has no frame refs
kickright,attack,neuro-nogami,Neuro Nogami,True,animationFrames key exists but has no frame refs
cmd:FC+1,attack,nico-robin,Nico Robin,True,animationFrames key exists but has no frame refs
cmd:FC+2,attack,nico-robin,Nico Robin,True,animationFrames key exists but has no frame refs
cmd:O+2,attack,nico-robin,Nico Robin,True,animationFrames key exists but has no frame refs
cmd:WS+4,attack,nico-robin,Nico Robin,True,animationFrames key exists but has no frame refs
cmd:d/f+2,attack,nico-robin,Nico Robin,True,animationFrames key exists but has no frame refs
cmd:f+1,attack,nico-robin,Nico Robin,True,animationFrames key exists but has no frame refs
cmd:qcf+4,attack,nico-robin,Nico Robin,True,animationFrames key exists but has no frame refs
getupRollUp,non-attack,nico-robin,Nico Robin,False,animationFrames key exists but has no frame refs
hitHeavy,non-attack,nico-robin,Nico Robin,False,animationFrames key exists but has no frame refs
jabright,attack,nico-robin,Nico Robin,True,animationFrames key exists but has no frame refs
kickleft,attack,nico-robin,Nico Robin,True,animationFrames key exists but has no frame refs
kickright,attack,nico-robin,Nico Robin,True,animationFrames key exists but has no frame refs
cmd:2+4,attack,pegasus-seiya,Pegasus Seiya,True,animationFrames key exists but has no frame refs
cmd:3+4,attack,pegasus-seiya,Pegasus Seiya,True,animationFrames key exists but has no frame refs
cmd:FC+1,attack,pegasus-seiya,Pegasus Seiya,True,animationFrames key exists but has no frame refs
cmd:FC+2,attack,pegasus-seiya,Pegasus Seiya,True,animationFrames key exists but has no frame refs
cmd:O+2,attack,pegasus-seiya,Pegasus Seiya,True,animationFrames key exists but has no frame refs
cmd:WS+4,attack,pegasus-seiya,Pegasus Seiya,True,animationFrames key exists but has no frame refs
cmd:d/f+2,attack,pegasus-seiya,Pegasus Seiya,True,animationFrames key exists but has no frame refs
cmd:f+1,attack,pegasus-seiya,Pegasus Seiya,True,animationFrames key exists but has no frame refs
cmd:qcf+4,attack,pegasus-seiya,Pegasus Seiya,True,animationFrames key exists but has no frame refs
getupRollUp,non-attack,pegasus-seiya,Pegasus Seiya,False,animationFrames key exists but has no frame refs
hitHeavy,non-attack,pegasus-seiya,Pegasus Seiya,False,animationFrames key exists but has no frame refs
kickright,attack,pegasus-seiya,Pegasus Seiya,True,animationFrames key exists but has no frame refs
cmd:2+4,attack,piccolo,Piccolo,True,animationFrames key exists but has no frame refs
cmd:3+4,attack,piccolo,Piccolo,True,animationFrames key exists but has no frame refs
cmd:FC+1,attack,piccolo,Piccolo,True,animationFrames key exists but has no frame refs
cmd:FC+2,attack,piccolo,Piccolo,True,animationFrames key exists but has no frame refs
cmd:O+2,attack,piccolo,Piccolo,True,animationFrames key exists but has no frame refs
cmd:WS+4,attack,piccolo,Piccolo,True,animationFrames key exists but has no frame refs
cmd:d/f+2,attack,piccolo,Piccolo,True,animationFrames key exists but has no frame refs
cmd:f+1,attack,piccolo,Piccolo,True,animationFrames key exists but has no frame refs
cmd:qcf+4,attack,piccolo,Piccolo,True,animationFrames key exists but has no frame refs
getupRollUp,non-attack,piccolo,Piccolo,False,animationFrames key exists but has no frame refs
hitHeavy,non-attack,piccolo,Piccolo,False,animationFrames key exists but has no frame refs
jabright,attack,piccolo,Piccolo,True,animationFrames key exists but has no frame refs
kickleft,attack,piccolo,Piccolo,True,animationFrames key exists but has no frame refs
cmd:2+4,attack,raoh,Raoh,True,animationFrames key exists but has no frame refs
cmd:3+4,attack,raoh,Raoh,True,animationFrames key exists but has no frame refs
cmd:FC+1,attack,raoh,Raoh,True,animationFrames key exists but has no frame refs
cmd:FC+2,attack,raoh,Raoh,True,animationFrames key exists but has no frame refs
cmd:O+2,attack,raoh,Raoh,True,animationFrames key exists but has no frame refs
cmd:WS+4,attack,raoh,Raoh,True,animationFrames key exists but has no frame refs
cmd:d/f+2,attack,raoh,Raoh,True,animationFrames key exists but has no frame refs
cmd:f+1,attack,raoh,Raoh,True,animationFrames key exists but has no frame refs
cmd:qcf+4,attack,raoh,Raoh,True,animationFrames key exists but has no frame refs
getupRollUp,non-attack,raoh,Raoh,False,animationFrames key exists but has no frame refs
hitHeavy,non-attack,raoh,Raoh,False,animationFrames key exists but has no frame refs
jabright,attack,raoh,Raoh,True,animationFrames key exists but has no frame refs
kickright,attack,raoh,Raoh,True,animationFrames key exists but has no frame refs
cmd:2+3,attack,renji-abarai,Renji Abarai,True,animationFrames key exists but has no frame refs
cmd:2+4,attack,renji-abarai,Renji Abarai,True,animationFrames key exists but has no frame refs
cmd:3+4,attack,renji-abarai,Renji Abarai,True,animationFrames key exists but has no frame refs
cmd:FC+1,attack,renji-abarai,Renji Abarai,True,animationFrames key exists but has no frame refs
cmd:FC+2,attack,renji-abarai,Renji Abarai,True,animationFrames key exists but has no frame refs
cmd:O+2,attack,renji-abarai,Renji Abarai,True,animationFrames key exists but has no frame refs
cmd:WS+4,attack,renji-abarai,Renji Abarai,True,animationFrames key exists but has no frame refs
cmd:d/f+2,attack,renji-abarai,Renji Abarai,True,animationFrames key exists but has no frame refs
cmd:f+1,attack,renji-abarai,Renji Abarai,True,animationFrames key exists but has no frame refs
cmd:qcf+4,attack,renji-abarai,Renji Abarai,True,animationFrames key exists but has no frame refs
getupRollUp,non-attack,renji-abarai,Renji Abarai,False,animationFrames key exists but has no frame refs
hitHeavy,non-attack,renji-abarai,Renji Abarai,False,animationFrames key exists but has no frame refs
kickleft,attack,renji-abarai,Renji Abarai,True,animationFrames key exists but has no frame refs
kickright,attack,renji-abarai,Renji Abarai,True,animationFrames key exists but has no frame refs
cmd:FC+1,attack,roronoa-zoro,Roronoa Zoro,True,animationFrames key exists but has no frame refs
cmd:FC+2,attack,roronoa-zoro,Roronoa Zoro,True,animationFrames key exists but has no frame refs
cmd:O+2,attack,roronoa-zoro,Roronoa Zoro,True,animationFrames key exists but has no frame refs
cmd:WS+4,attack,roronoa-zoro,Roronoa Zoro,True,animationFrames key exists but has no frame refs
cmd:d/f+2,attack,roronoa-zoro,Roronoa Zoro,True,animationFrames key exists but has no frame refs
cmd:f+1,attack,roronoa-zoro,Roronoa Zoro,True,animationFrames key exists but has no frame refs
cmd:qcf+4,attack,roronoa-zoro,Roronoa Zoro,True,animationFrames key exists but has no frame refs
getupRollUp,non-attack,roronoa-zoro,Roronoa Zoro,False,animationFrames key exists but has no frame refs
hitHeavy,non-attack,roronoa-zoro,Roronoa Zoro,False,animationFrames key exists but has no frame refs
kickleft,attack,roronoa-zoro,Roronoa Zoro,True,animationFrames key exists but has no frame refs
kickright,attack,roronoa-zoro,Roronoa Zoro,True,animationFrames key exists but has no frame refs
cmd:1+2,attack,rukia-kuchiki,Rukia Kuchiki,True,animationFrames key exists but has no frame refs
cmd:1+3,attack,rukia-kuchiki,Rukia Kuchiki,True,animationFrames key exists but has no frame refs
cmd:2+3,attack,rukia-kuchiki,Rukia Kuchiki,True,animationFrames key exists but has no frame refs
cmd:2+4,attack,rukia-kuchiki,Rukia Kuchiki,True,animationFrames key exists but has no frame refs
cmd:3+4,attack,rukia-kuchiki,Rukia Kuchiki,True,animationFrames key exists but has no frame refs
cmd:FC+1,attack,rukia-kuchiki,Rukia Kuchiki,True,animationFrames key exists but has no frame refs
cmd:FC+2,attack,rukia-kuchiki,Rukia Kuchiki,True,animationFrames key exists but has no frame refs
cmd:O+2,attack,rukia-kuchiki,Rukia Kuchiki,True,animationFrames key exists but has no frame refs
cmd:WS+4,attack,rukia-kuchiki,Rukia Kuchiki,True,animationFrames key exists but has no frame refs
cmd:d/f+2,attack,rukia-kuchiki,Rukia Kuchiki,True,animationFrames key exists but has no frame refs
cmd:f+1,attack,rukia-kuchiki,Rukia Kuchiki,True,animationFrames key exists but has no frame refs
cmd:qcf+4,attack,rukia-kuchiki,Rukia Kuchiki,True,animationFrames key exists but has no frame refs
getupRollUp,non-attack,rukia-kuchiki,Rukia Kuchiki,False,animationFrames key exists but has no frame refs
hitHeavy,non-attack,rukia-kuchiki,Rukia Kuchiki,False,animationFrames key exists but has no frame refs
cmd:FC+1,attack,ryotsu-kankichi,Ryotsu Kankichi,True,animationFrames key exists but has no frame refs
cmd:FC+2,attack,ryotsu-kankichi,Ryotsu Kankichi,True,animationFrames key exists but has no frame refs
cmd:O+2,attack,ryotsu-kankichi,Ryotsu Kankichi,True,animationFrames key exists but has no frame refs
cmd:WS+4,attack,ryotsu-kankichi,Ryotsu Kankichi,True,animationFrames key exists but has no frame refs
cmd:d/f+2,attack,ryotsu-kankichi,Ryotsu Kankichi,True,animationFrames key exists but has no frame refs
cmd:f+1,attack,ryotsu-kankichi,Ryotsu Kankichi,True,animationFrames key exists but has no frame refs
cmd:qcf+4,attack,ryotsu-kankichi,Ryotsu Kankichi,True,animationFrames key exists but has no frame refs
getupRollUp,non-attack,ryotsu-kankichi,Ryotsu Kankichi,False,animationFrames key exists but has no frame refs
hitHeavy,non-attack,ryotsu-kankichi,Ryotsu Kankichi,False,animationFrames key exists but has no frame refs
kickleft,attack,ryotsu-kankichi,Ryotsu Kankichi,True,animationFrames key exists but has no frame refs
cmd:2+4,attack,sakura-haruno,Sakura Haruno,True,animationFrames key exists but has no frame refs
cmd:3+4,attack,sakura-haruno,Sakura Haruno,True,animationFrames key exists but has no frame refs
cmd:FC+1,attack,sakura-haruno,Sakura Haruno,True,animationFrames key exists but has no frame refs
cmd:FC+2,attack,sakura-haruno,Sakura Haruno,True,animationFrames key exists but has no frame refs
cmd:O+2,attack,sakura-haruno,Sakura Haruno,True,animationFrames key exists but has no frame refs
cmd:WS+4,attack,sakura-haruno,Sakura Haruno,True,animationFrames key exists but has no frame refs
cmd:d/f+2,attack,sakura-haruno,Sakura Haruno,True,animationFrames key exists but has no frame refs
cmd:f+1,attack,sakura-haruno,Sakura Haruno,True,animationFrames key exists but has no frame refs
cmd:qcf+4,attack,sakura-haruno,Sakura Haruno,True,animationFrames key exists but has no frame refs
getupRollUp,non-attack,sakura-haruno,Sakura Haruno,False,animationFrames key exists but has no frame refs
hitHeavy,non-attack,sakura-haruno,Sakura Haruno,False,animationFrames key exists but has no frame refs
jabright,attack,sakura-haruno,Sakura Haruno,True,animationFrames key exists but has no frame refs
kickright,attack,sakura-haruno,Sakura Haruno,True,animationFrames key exists but has no frame refs
cmd:1+3,attack,sanji-vinsmoke,Sanji Vinsmoke,True,animationFrames key exists but has no frame refs
cmd:FC+1,attack,sanji-vinsmoke,Sanji Vinsmoke,True,animationFrames key exists but has no frame refs
cmd:FC+2,attack,sanji-vinsmoke,Sanji Vinsmoke,True,animationFrames key exists but has no frame refs
cmd:O+2,attack,sanji-vinsmoke,Sanji Vinsmoke,True,animationFrames key exists but has no frame refs
cmd:WS+4,attack,sanji-vinsmoke,Sanji Vinsmoke,True,animationFrames key exists but has no frame refs
cmd:d/f+2,attack,sanji-vinsmoke,Sanji Vinsmoke,True,animationFrames key exists but has no frame refs
cmd:f+1,attack,sanji-vinsmoke,Sanji Vinsmoke,True,animationFrames key exists but has no frame refs
cmd:qcf+4,attack,sanji-vinsmoke,Sanji Vinsmoke,True,animationFrames key exists but has no frame refs
getupRollUp,non-attack,sanji-vinsmoke,Sanji Vinsmoke,False,animationFrames key exists but has no frame refs
hitHeavy,non-attack,sanji-vinsmoke,Sanji Vinsmoke,False,animationFrames key exists but has no frame refs
jableft,attack,sanji-vinsmoke,Sanji Vinsmoke,True,animationFrames key exists but has no frame refs
jabright,attack,sanji-vinsmoke,Sanji Vinsmoke,True,animationFrames key exists but has no frame refs
cmd:1+2,attack,seto-kaiba,Seto Kaiba,True,animationFrames key exists but has no frame refs
cmd:1+3,attack,seto-kaiba,Seto Kaiba,True,animationFrames key exists but has no frame refs
cmd:2+3,attack,seto-kaiba,Seto Kaiba,True,animationFrames key exists but has no frame refs
cmd:2+4,attack,seto-kaiba,Seto Kaiba,True,animationFrames key exists but has no frame refs
cmd:3+4,attack,seto-kaiba,Seto Kaiba,True,animationFrames key exists but has no frame refs
cmd:FC+1,attack,seto-kaiba,Seto Kaiba,True,animationFrames key exists but has no frame refs
cmd:FC+2,attack,seto-kaiba,Seto Kaiba,True,animationFrames key exists but has no frame refs
cmd:O+2,attack,seto-kaiba,Seto Kaiba,True,animationFrames key exists but has no frame refs
cmd:WS+4,attack,seto-kaiba,Seto Kaiba,True,animationFrames key exists but has no frame refs
cmd:d/f+2,attack,seto-kaiba,Seto Kaiba,True,animationFrames key exists but has no frame refs
cmd:f+1,attack,seto-kaiba,Seto Kaiba,True,animationFrames key exists but has no frame refs
cmd:qcf+4,attack,seto-kaiba,Seto Kaiba,True,animationFrames key exists but has no frame refs
getupRollUp,non-attack,seto-kaiba,Seto Kaiba,False,animationFrames key exists but has no frame refs
getupStand,non-attack,seto-kaiba,Seto Kaiba,False,animationFrames key exists but has no frame refs
hitHeavy,non-attack,seto-kaiba,Seto Kaiba,False,animationFrames key exists but has no frame refs
hitLight,non-attack,seto-kaiba,Seto Kaiba,False,animationFrames key exists but has no frame refs
jableft,attack,seto-kaiba,Seto Kaiba,True,animationFrames key exists but has no frame refs
jabright,attack,seto-kaiba,Seto Kaiba,True,animationFrames key exists but has no frame refs
juggle,non-attack,seto-kaiba,Seto Kaiba,False,animationFrames key exists but has no frame refs
knockdown,non-attack,seto-kaiba,Seto Kaiba,False,animationFrames key exists but has no frame refs
lose,non-attack,seto-kaiba,Seto Kaiba,False,animationFrames key exists but has no frame refs
cmd:1+2,attack,sven-vollfied,Sven Vollfied,True,animationFrames key exists but has no frame refs
cmd:1+3,attack,sven-vollfied,Sven Vollfied,True,animationFrames key exists but has no frame refs
cmd:2+3,attack,sven-vollfied,Sven Vollfied,True,animationFrames key exists but has no frame refs
cmd:2+4,attack,sven-vollfied,Sven Vollfied,True,animationFrames key exists but has no frame refs
cmd:3+4,attack,sven-vollfied,Sven Vollfied,True,animationFrames key exists but has no frame refs
cmd:FC+1,attack,sven-vollfied,Sven Vollfied,True,animationFrames key exists but has no frame refs
cmd:FC+2,attack,sven-vollfied,Sven Vollfied,True,animationFrames key exists but has no frame refs
cmd:O+2,attack,sven-vollfied,Sven Vollfied,True,animationFrames key exists but has no frame refs
cmd:WS+4,attack,sven-vollfied,Sven Vollfied,True,animationFrames key exists but has no frame refs
cmd:d/f+2,attack,sven-vollfied,Sven Vollfied,True,animationFrames key exists but has no frame refs
cmd:f+1,attack,sven-vollfied,Sven Vollfied,True,animationFrames key exists but has no frame refs
cmd:qcf+4,attack,sven-vollfied,Sven Vollfied,True,animationFrames key exists but has no frame refs
getupRollUp,non-attack,sven-vollfied,Sven Vollfied,False,animationFrames key exists but has no frame refs
getupStand,non-attack,sven-vollfied,Sven Vollfied,False,animationFrames key exists but has no frame refs
hitHeavy,non-attack,sven-vollfied,Sven Vollfied,False,animationFrames key exists but has no frame refs
hitLight,non-attack,sven-vollfied,Sven Vollfied,False,animationFrames key exists but has no frame refs
jableft,attack,sven-vollfied,Sven Vollfied,True,animationFrames key exists but has no frame refs
jabright,attack,sven-vollfied,Sven Vollfied,True,animationFrames key exists but has no frame refs
juggle,non-attack,sven-vollfied,Sven Vollfied,False,animationFrames key exists but has no frame refs
knockdown,non-attack,sven-vollfied,Sven Vollfied,False,animationFrames key exists but has no frame refs
lose,non-attack,sven-vollfied,Sven Vollfied,False,animationFrames key exists but has no frame refs
cmd:3+4,attack,taikoubou,Taikoubou,True,animationFrames key exists but has no frame refs
cmd:FC+1,attack,taikoubou,Taikoubou,True,animationFrames key exists but has no frame refs
cmd:FC+2,attack,taikoubou,Taikoubou,True,animationFrames key exists but has no frame refs
cmd:O+2,attack,taikoubou,Taikoubou,True,animationFrames key exists but has no frame refs
cmd:WS+4,attack,taikoubou,Taikoubou,True,animationFrames key exists but has no frame refs
cmd:d/f+2,attack,taikoubou,Taikoubou,True,animationFrames key exists but has no frame refs
cmd:f+1,attack,taikoubou,Taikoubou,True,animationFrames key exists but has no frame refs
cmd:qcf+4,attack,taikoubou,Taikoubou,True,animationFrames key exists but has no frame refs
getupRollUp,non-attack,taikoubou,Taikoubou,False,animationFrames key exists but has no frame refs
hitHeavy,non-attack,taikoubou,Taikoubou,False,animationFrames key exists but has no frame refs
kickleft,attack,taikoubou,Taikoubou,True,animationFrames key exists but has no frame refs
kickright,attack,taikoubou,Taikoubou,True,animationFrames key exists but has no frame refs
cmd:1+2,attack,taizo-momote,Taizo Momote,True,animationFrames key exists but has no frame refs
cmd:1+3,attack,taizo-momote,Taizo Momote,True,animationFrames key exists but has no frame refs
cmd:2+3,attack,taizo-momote,Taizo Momote,True,animationFrames key exists but has no frame refs
cmd:2+4,attack,taizo-momote,Taizo Momote,True,animationFrames key exists but has no frame refs
cmd:3+4,attack,taizo-momote,Taizo Momote,True,animationFrames key exists but has no frame refs
cmd:FC+1,attack,taizo-momote,Taizo Momote,True,animationFrames key exists but has no frame refs
cmd:FC+2,attack,taizo-momote,Taizo Momote,True,animationFrames key exists but has no frame refs
cmd:O+2,attack,taizo-momote,Taizo Momote,True,animationFrames key exists but has no frame refs
cmd:WS+4,attack,taizo-momote,Taizo Momote,True,animationFrames key exists but has no frame refs
cmd:d/f+2,attack,taizo-momote,Taizo Momote,True,animationFrames key exists but has no frame refs
cmd:f+1,attack,taizo-momote,Taizo Momote,True,animationFrames key exists but has no frame refs
cmd:qcf+4,attack,taizo-momote,Taizo Momote,True,animationFrames key exists but has no frame refs
getupRollUp,non-attack,taizo-momote,Taizo Momote,False,animationFrames key exists but has no frame refs
getupStand,non-attack,taizo-momote,Taizo Momote,False,animationFrames key exists but has no frame refs
hitHeavy,non-attack,taizo-momote,Taizo Momote,False,animationFrames key exists but has no frame refs
hitLight,non-attack,taizo-momote,Taizo Momote,False,animationFrames key exists but has no frame refs
jableft,attack,taizo-momote,Taizo Momote,True,animationFrames key exists but has no frame refs
jabright,attack,taizo-momote,Taizo Momote,True,animationFrames key exists but has no frame refs
juggle,non-attack,taizo-momote,Taizo Momote,False,animationFrames key exists but has no frame refs
kickleft,attack,taizo-momote,Taizo Momote,True,animationFrames key exists but has no frame refs
kickright,attack,taizo-momote,Taizo Momote,True,animationFrames key exists but has no frame refs
knockdown,non-attack,taizo-momote,Taizo Momote,False,animationFrames key exists but has no frame refs
lose,non-attack,taizo-momote,Taizo Momote,False,animationFrames key exists but has no frame refs
cmd:FC+1,attack,toshiro-hitsugaya,Tōshirō Hitsugaya,True,animationFrames key exists but has no frame refs
cmd:FC+2,attack,toshiro-hitsugaya,Tōshirō Hitsugaya,True,animationFrames key exists but has no frame refs
cmd:O+2,attack,toshiro-hitsugaya,Tōshirō Hitsugaya,True,animationFrames key exists but has no frame refs
cmd:WS+4,attack,toshiro-hitsugaya,Tōshirō Hitsugaya,True,animationFrames key exists but has no frame refs
cmd:d/f+2,attack,toshiro-hitsugaya,Tōshirō Hitsugaya,True,animationFrames key exists but has no frame refs
cmd:f+1,attack,toshiro-hitsugaya,Tōshirō Hitsugaya,True,animationFrames key exists but has no frame refs
cmd:qcf+4,attack,toshiro-hitsugaya,Tōshirō Hitsugaya,True,animationFrames key exists but has no frame refs
getupRollUp,non-attack,toshiro-hitsugaya,Tōshirō Hitsugaya,False,animationFrames key exists but has no frame refs
hitHeavy,non-attack,toshiro-hitsugaya,Tōshirō Hitsugaya,False,animationFrames key exists but has no frame refs
kickleft,attack,toshiro-hitsugaya,Tōshirō Hitsugaya,True,animationFrames key exists but has no frame refs
kickright,attack,toshiro-hitsugaya,Tōshirō Hitsugaya,True,animationFrames key exists but has no frame refs
cmd:2+4,attack,train-heartnet,Train Heartnet,True,animationFrames key exists but has no frame refs
cmd:FC+1,attack,train-heartnet,Train Heartnet,True,animationFrames key exists but has no frame refs
cmd:FC+2,attack,train-heartnet,Train Heartnet,True,animationFrames key exists but has no frame refs
cmd:O+2,attack,train-heartnet,Train Heartnet,True,animationFrames key exists but has no frame refs
cmd:WS+4,attack,train-heartnet,Train Heartnet,True,animationFrames key exists but has no frame refs
cmd:d/f+2,attack,train-heartnet,Train Heartnet,True,animationFrames key exists but has no frame refs
cmd:f+1,attack,train-heartnet,Train Heartnet,True,animationFrames key exists but has no frame refs
cmd:qcf+4,attack,train-heartnet,Train Heartnet,True,animationFrames key exists but has no frame refs
getupRollUp,non-attack,train-heartnet,Train Heartnet,False,animationFrames key exists but has no frame refs
hitHeavy,non-attack,train-heartnet,Train Heartnet,False,animationFrames key exists but has no frame refs
kickleft,attack,train-heartnet,Train Heartnet,True,animationFrames key exists but has no frame refs
kickright,attack,train-heartnet,Train Heartnet,True,animationFrames key exists but has no frame refs
cmd:2+3,attack,vegeta,Vegeta,True,animationFrames key exists but has no frame refs
cmd:FC+1,attack,vegeta,Vegeta,True,animationFrames key exists but has no frame refs
cmd:FC+2,attack,vegeta,Vegeta,True,animationFrames key exists but has no frame refs
cmd:O+2,attack,vegeta,Vegeta,True,animationFrames key exists but has no frame refs
cmd:WS+4,attack,vegeta,Vegeta,True,animationFrames key exists but has no frame refs
cmd:d/f+2,attack,vegeta,Vegeta,True,animationFrames key exists but has no frame refs
cmd:f+1,attack,vegeta,Vegeta,True,animationFrames key exists but has no frame refs
cmd:qcf+4,attack,vegeta,Vegeta,True,animationFrames key exists but has no frame refs
getupRollUp,non-attack,vegeta,Vegeta,False,animationFrames key exists but has no frame refs
hitHeavy,non-attack,vegeta,Vegeta,False,animationFrames key exists but has no frame refs
cmd:1+2,attack,vegeta-super-saiyan,Vegeta (Super Saiyan),True,animationFrames key exists but has no frame refs
cmd:2+3,attack,vegeta-super-saiyan,Vegeta (Super Saiyan),True,animationFrames key exists but has no frame refs
cmd:2+4,attack,vegeta-super-saiyan,Vegeta (Super Saiyan),True,animationFrames key exists but has no frame refs
cmd:3+4,attack,vegeta-super-saiyan,Vegeta (Super Saiyan),True,animationFrames key exists but has no frame refs
cmd:FC+1,attack,vegeta-super-saiyan,Vegeta (Super Saiyan),True,animationFrames key exists but has no frame refs
cmd:FC+2,attack,vegeta-super-saiyan,Vegeta (Super Saiyan),True,animationFrames key exists but has no frame refs
cmd:O+2,attack,vegeta-super-saiyan,Vegeta (Super Saiyan),True,animationFrames key exists but has no frame refs
cmd:WS+4,attack,vegeta-super-saiyan,Vegeta (Super Saiyan),True,animationFrames key exists but has no frame refs
cmd:d/f+2,attack,vegeta-super-saiyan,Vegeta (Super Saiyan),True,animationFrames key exists but has no frame refs
cmd:f+1,attack,vegeta-super-saiyan,Vegeta (Super Saiyan),True,animationFrames key exists but has no frame refs
cmd:qcf+4,attack,vegeta-super-saiyan,Vegeta (Super Saiyan),True,animationFrames key exists but has no frame refs
getupRollUp,non-attack,vegeta-super-saiyan,Vegeta (Super Saiyan),False,animationFrames key exists but has no frame refs
hitHeavy,non-attack,vegeta-super-saiyan,Vegeta (Super Saiyan),False,animationFrames key exists but has no frame refs
cmd:1+2,attack,vegito,Vegito,True,animationFrames key exists but has no frame refs
cmd:1+3,attack,vegito,Vegito,True,animationFrames key exists but has no frame refs
cmd:FC+1,attack,vegito,Vegito,True,animationFrames key exists but has no frame refs
cmd:FC+2,attack,vegito,Vegito,True,animationFrames key exists but has no frame refs
cmd:O+2,attack,vegito,Vegito,True,animationFrames key exists but has no frame refs
cmd:WS+4,attack,vegito,Vegito,True,animationFrames key exists but has no frame refs
cmd:d/f+2,attack,vegito,Vegito,True,animationFrames key exists but has no frame refs
cmd:f+1,attack,vegito,Vegito,True,animationFrames key exists but has no frame refs
cmd:qcf+4,attack,vegito,Vegito,True,animationFrames key exists but has no frame refs
getupRollUp,non-attack,vegito,Vegito,False,animationFrames key exists but has no frame refs
hitHeavy,non-attack,vegito,Vegito,False,animationFrames key exists but has no frame refs
jableft,attack,vegito,Vegito,True,animationFrames key exists but has no frame refs
cmd:1+2,attack,yasutora-sado,Yasutora Sado,True,animationFrames key exists but has no frame refs
cmd:1+3,attack,yasutora-sado,Yasutora Sado,True,animationFrames key exists but has no frame refs
cmd:2+3,attack,yasutora-sado,Yasutora Sado,True,animationFrames key exists but has no frame refs
cmd:2+4,attack,yasutora-sado,Yasutora Sado,True,animationFrames key exists but has no frame refs
cmd:3+4,attack,yasutora-sado,Yasutora Sado,True,animationFrames key exists but has no frame refs
cmd:FC+1,attack,yasutora-sado,Yasutora Sado,True,animationFrames key exists but has no frame refs
cmd:FC+2,attack,yasutora-sado,Yasutora Sado,True,animationFrames key exists but has no frame refs
cmd:O+2,attack,yasutora-sado,Yasutora Sado,True,animationFrames key exists but has no frame refs
cmd:WS+4,attack,yasutora-sado,Yasutora Sado,True,animationFrames key exists but has no frame refs
cmd:d/f+2,attack,yasutora-sado,Yasutora Sado,True,animationFrames key exists but has no frame refs
cmd:f+1,attack,yasutora-sado,Yasutora Sado,True,animationFrames key exists but has no frame refs
cmd:qcf+4,attack,yasutora-sado,Yasutora Sado,True,animationFrames key exists but has no frame refs
getupRollUp,non-attack,yasutora-sado,Yasutora Sado,False,animationFrames key exists but has no frame refs
getupStand,non-attack,yasutora-sado,Yasutora Sado,False,animationFrames key exists but has no frame refs
hitHeavy,non-attack,yasutora-sado,Yasutora Sado,False,animationFrames key exists but has no frame refs
hitLight,non-attack,yasutora-sado,Yasutora Sado,False,animationFrames key exists but has no frame refs
jableft,attack,yasutora-sado,Yasutora Sado,True,animationFrames key exists but has no frame refs
juggle,non-attack,yasutora-sado,Yasutora Sado,False,animationFrames key exists but has no frame refs
knockdown,non-attack,yasutora-sado,Yasutora Sado,False,animationFrames key exists but has no frame refs
lose,non-attack,yasutora-sado,Yasutora Sado,False,animationFrames key exists but has no frame refs
cmd:FC+1,attack,yoh-asakura,Yoh Asakura,True,animationFrames key exists but has no frame refs
cmd:FC+2,attack,yoh-asakura,Yoh Asakura,True,animationFrames key exists but has no frame refs
cmd:O+2,attack,yoh-asakura,Yoh Asakura,True,animationFrames key exists but has no frame refs
cmd:WS+4,attack,yoh-asakura,Yoh Asakura,True,animationFrames key exists but has no frame refs
cmd:d/f+2,attack,yoh-asakura,Yoh Asakura,True,animationFrames key exists but has no frame refs
cmd:f+1,attack,yoh-asakura,Yoh Asakura,True,animationFrames key exists but has no frame refs
cmd:qcf+4,attack,yoh-asakura,Yoh Asakura,True,animationFrames key exists but has no frame refs
getupRollUp,non-attack,yoh-asakura,Yoh Asakura,False,animationFrames key exists but has no frame refs
hitHeavy,non-attack,yoh-asakura,Yoh Asakura,False,animationFrames key exists but has no frame refs
jableft,attack,yoh-asakura,Yoh Asakura,True,animationFrames key exists but has no frame refs
kickleft,attack,yoh-asakura,Yoh Asakura,True,animationFrames key exists but has no frame refs
kickright,attack,yoh-asakura,Yoh Asakura,True,animationFrames key exists but has no frame refs
cmd:FC+1,attack,yoh-asakura-power-sword,Yoh Asakura (Power Sword),True,animationFrames key exists but has no frame refs
cmd:FC+2,attack,yoh-asakura-power-sword,Yoh Asakura (Power Sword),True,animationFrames key exists but has no frame refs
cmd:O+2,attack,yoh-asakura-power-sword,Yoh Asakura (Power Sword),True,animationFrames key exists but has no frame refs
cmd:WS+4,attack,yoh-asakura-power-sword,Yoh Asakura (Power Sword),True,animationFrames key exists but has no frame refs
cmd:d/f+2,attack,yoh-asakura-power-sword,Yoh Asakura (Power Sword),True,animationFrames key exists but has no frame refs
cmd:f+1,attack,yoh-asakura-power-sword,Yoh Asakura (Power Sword),True,animationFrames key exists but has no frame refs
cmd:qcf+4,attack,yoh-asakura-power-sword,Yoh Asakura (Power Sword),True,animationFrames key exists but has no frame refs
getupRollUp,non-attack,yoh-asakura-power-sword,Yoh Asakura (Power Sword),False,animationFrames key exists but has no frame refs
hitHeavy,non-attack,yoh-asakura-power-sword,Yoh Asakura (Power Sword),False,animationFrames key exists but has no frame refs
jableft,attack,yoh-asakura-power-sword,Yoh Asakura (Power Sword),True,animationFrames key exists but has no frame refs
kickleft,attack,yoh-asakura-power-sword,Yoh Asakura (Power Sword),True,animationFrames key exists but has no frame refs
kickright,attack,yoh-asakura-power-sword,Yoh Asakura (Power Sword),True,animationFrames key exists but has no frame refs
cmd:2+4,attack,yugi-mutou,Yugi Mutou,True,animationFrames key exists but has no frame refs
cmd:FC+1,attack,yugi-mutou,Yugi Mutou,True,animationFrames key exists but has no frame refs
cmd:FC+2,attack,yugi-mutou,Yugi Mutou,True,animationFrames key exists but has no frame refs
cmd:O+2,attack,yugi-mutou,Yugi Mutou,True,animationFrames key exists but has no frame refs
cmd:WS+4,attack,yugi-mutou,Yugi Mutou,True,animationFrames key exists but has no frame refs
cmd:d/f+2,attack,yugi-mutou,Yugi Mutou,True,animationFrames key exists but has no frame refs
cmd:f+1,attack,yugi-mutou,Yugi Mutou,True,animationFrames key exists but has no frame refs
cmd:qcf+4,attack,yugi-mutou,Yugi Mutou,True,animationFrames key exists but has no frame refs
getupRollUp,non-attack,yugi-mutou,Yugi Mutou,False,animationFrames key exists but has no frame refs
hitHeavy,non-attack,yugi-mutou,Yugi Mutou,False,animationFrames key exists but has no frame refs
kickleft,attack,yugi-mutou,Yugi Mutou,True,animationFrames key exists but has no frame refs
kickright,attack,yugi-mutou,Yugi Mutou,True,animationFrames key exists but has no frame refs
cmd:3+4,attack,yusuke-urameshi,Yusuke Urameshi,True,animationFrames key exists but has no frame refs
cmd:FC+1,attack,yusuke-urameshi,Yusuke Urameshi,True,animationFrames key exists but has no frame refs
cmd:FC+2,attack,yusuke-urameshi,Yusuke Urameshi,True,animationFrames key exists but has no frame refs
cmd:O+2,attack,yusuke-urameshi,Yusuke Urameshi,True,animationFrames key exists but has no frame refs
cmd:WS+4,attack,yusuke-urameshi,Yusuke Urameshi,True,animationFrames key exists but has no frame refs
cmd:d/f+2,attack,yusuke-urameshi,Yusuke Urameshi,True,animationFrames key exists but has no frame refs
cmd:f+1,attack,yusuke-urameshi,Yusuke Urameshi,True,animationFrames key exists but has no frame refs
cmd:qcf+4,attack,yusuke-urameshi,Yusuke Urameshi,True,animationFrames key exists but has no frame refs
getupRollUp,non-attack,yusuke-urameshi,Yusuke Urameshi,False,animationFrames key exists but has no frame refs
hitHeavy,non-attack,yusuke-urameshi,Yusuke Urameshi,False,animationFrames key exists but has no frame refs
jableft,attack,yusuke-urameshi,Yusuke Urameshi,True,animationFrames key exists but has no frame refs
kickleft,attack,yusuke-urameshi,Yusuke Urameshi,True,animationFrames key exists but has no frame refs
kickright,attack,yusuke-urameshi,Yusuke Urameshi,True,animationFrames key exists but has no frame refs
