characterId,displayName,animation,frame,reason,measure,adjacentRatio,medianRatio,scaleSource,scaleWidth,scaleHeight,flags
"monkey-d-luffy-2nd-gear","Monkey D. Luffy (2nd Gear)","cmd:3+4","101","adjacent-2.20;median-1.73","2.1989","2.1989","1.7277","frame","1.0800","1.1600","possible-two-character-crop"
"monkey-d-luffy-2nd-gear","Monkey D. Luffy (2nd Gear)","cmd:3+4","100","adjacent-2.20;default-next-to-frame-scale","1.0000","2.1989","1.2727","default","1.0800","1.1600",""
"nico-robin","Nico Robin","sprint","37","adjacent-2.07","1.0000","2.0666","1.4993","default","0.9500","1.0800",""
"nico-robin","Nico Robin","sprint","36","adjacent-2.07","2.0666","2.0666","1.3784","default","0.9500","1.0800","wide-body-vs-idle"
"gintoki-sakata","Gintoki Sakata","sprint","35","adjacent-1.93","1.0000","1.9316","1.4837","default","0.9200","1.0800",""
"gintoki-sakata","Gintoki Sakata","sprint","36","adjacent-1.93","1.9316","1.9316","1.3019","default","0.9200","1.0800","wide-body-vs-idle"
"killua-zoldyck","Killua Zoldyck","jabright","149","adjacent-1.93;median-1.62","1.9270","1.9270","1.6199","default","0.9800","1.0800","wide-body-vs-idle"
"killua-zoldyck","Killua Zoldyck","jabright","150","adjacent-1.93","1.0000","1.9270","1.1896","default","0.9800","1.0800",""
"vegeta-super-saiyan","Vegeta (Super Saiyan)","kickright","76","adjacent-1.88;median-1.64","1.8830","1.8830","1.6364","default","1.0900","1.0300","wide-body-vs-idle"
"vegeta-super-saiyan","Vegeta (Super Saiyan)","kickright","75","adjacent-1.88","1.0000","1.8830","1.1507","default","1.0900","1.0300",""
"vegeta-super-saiyan","Vegeta (Super Saiyan)","kickright","77","adjacent-1.88","1.0000","1.8830","1.1507","default","1.0900","1.0300",""
"monkey-d-luffy-2nd-gear","Monkey D. Luffy (2nd Gear)","sprint","39","adjacent-1.87;median-1.77","1.0000","1.8729","1.7728","default","1.0800","1.1600",""
"monkey-d-luffy-2nd-gear","Monkey D. Luffy (2nd Gear)","sprint","38","adjacent-1.87","1.8729","1.8729","1.0565","default","1.0800","1.1600","wide-body-vs-idle"
"monkey-d-luffy-2nd-gear","Monkey D. Luffy (2nd Gear)","cmd:3+4","98","adjacent-1.85","1.8506","1.8506","1.4540","default","1.0800","1.1600",""
"monkey-d-luffy-2nd-gear","Monkey D. Luffy (2nd Gear)","cmd:3+4","97","adjacent-1.85","1.0000","1.8506","1.2727","default","1.0800","1.1600",""
"monkey-d-luffy-2nd-gear","Monkey D. Luffy (2nd Gear)","cmd:3+4","99","adjacent-1.85","1.0000","1.8506","1.2727","default","1.0800","1.1600",""
"piccolo","Piccolo","sprint","34","adjacent-1.84","0.7047","1.8399","1.5393","default","0.7100","1.1400",""
"piccolo","Piccolo","sprint","33","adjacent-1.84","1.2965","1.8399","1.1953","default","0.7100","1.1400",""
"jaguar-junichi","Jaguar Junichi","sprint","39","adjacent-1.84","1.0000","1.8362","1.4298","default","1.0800","1.2800",""
"jaguar-junichi","Jaguar Junichi","sprint","38","adjacent-1.84","1.8362","1.8362","1.2842","default","1.0800","1.2800","wide-body-vs-idle"
"dio","DIO","sprint","32","adjacent-1.83","2.2482","1.8322","1.3742","default","1.0800","1.1800","wide-body-vs-idle"
"dio","DIO","sprint","33","adjacent-1.83","1.2271","1.8322","1.3332","default","1.0800","1.1800",""
"dr-mashirito","Dr. Mashirito","knockdown","29","adjacent-1.79;median-1.42","1.0000","1.7938","1.4233","default","0.9500","1.0800",""
"dr-mashirito","Dr. Mashirito","knockdown","30","adjacent-1.79","1.7938","1.7938","1.2603","default","0.9500","1.0800","huge-prone-footprint-vs-idle-height"
"dr-mashirito","Dr. Mashirito","sprint","35","adjacent-1.79","1.7937","1.7937","1.4676","default","0.9500","1.0800","wide-body-vs-idle"
"dr-mashirito","Dr. Mashirito","sprint","36","adjacent-1.79","1.0000","1.7937","1.2222","default","0.9500","1.0800",""
"franky","Franky","getupStand","33","adjacent-1.79;median-1.79","0.5577","1.7931","1.7931","frame","0.3150","0.5085",""
"franky","Franky","getupStand","52","adjacent-1.79;default-next-to-frame-scale","1.0000","1.7931","1.0000","default","0.7000","1.1300",""
"kakashi-hatake","Kakashi Hatake","getupStand","37","adjacent-1.75;median-1.75","0.9003","1.7464","1.7464","frame","0.2583","0.2163","tiny-frame-vs-animation"
"kakashi-hatake","Kakashi Hatake","getupStand","52","adjacent-1.75;default-next-to-frame-scale","1.5723","1.7464","1.0000","default","1.2300","1.0300","huge-prone-footprint-vs-idle-height|huge-frame-vs-animation"
"kenshin-himura","Kenshin Himura","cmd:2+3","99","adjacent-1.73;median-1.73","1.7298","1.7298","1.7298","default","1.0400","1.1800",""
"kenshin-himura","Kenshin Himura","cmd:2+3","98","adjacent-1.73","1.0000","1.7298","1.0000","default","1.0400","1.1800",""
"fuusuke","Fuusuke","sprint","39","adjacent-1.73;median-1.57","1.0000","1.7263","1.5716","default","0.8200","0.7300",""
"fuusuke","Fuusuke","sprint","38","adjacent-1.73","1.7263","1.7263","1.0984","default","0.8200","0.7300","wide-body-vs-idle"
"riven","Sasuke","cmd:FC+4","120","adjacent-1.72;median-1.56","1.0000","1.7158","1.5608","default","1.0800","1.0800",""
"riven","Sasuke","cmd:FC+4","94","adjacent-1.72","1.7158","1.7158","1.0993","default","1.0800","1.0800",""
"vegeta-super-saiyan","Vegeta (Super Saiyan)","cmd:1+3","128","adjacent-1.71;median-1.71","1.0000","1.7117","1.7117","default","1.0900","1.0300",""
"vegeta-super-saiyan","Vegeta (Super Saiyan)","cmd:1+3","129","adjacent-1.71","1.7117","1.7117","1.0000","default","1.0900","1.0300",""
"bobobo-bo-bo-bobo","Bobobo-bo Bo-bobo","cmd:1+2","131","adjacent-1.71","1.7110","1.7110","1.4543","frame","0.9300","1.1800",""
"bobobo-bo-bo-bobo","Bobobo-bo Bo-bobo","cmd:1+2","130","adjacent-1.71;default-next-to-frame-scale","1.0000","1.7110","1.1765","default","0.9300","1.1800",""
"pegasus-seiya","Pegasus Seiya","sprint","35","adjacent-1.71","1.0000","1.7097","1.5224","default","1.0800","1.0800",""
"pegasus-seiya","Pegasus Seiya","sprint","34","adjacent-1.71;default-next-to-frame-scale","1.7097","1.7097","1.1230","default","1.0800","1.0800","wide-body-vs-idle"
"sakura-haruno","Sakura Haruno","sprint","36","adjacent-1.70","1.6979","1.6979","1.3394","default","0.9500","1.0800","wide-body-vs-idle"
"sakura-haruno","Sakura Haruno","sprint","37","adjacent-1.70","1.6979","1.6979","1.3394","default","0.9500","1.0800","wide-body-vs-idle"
"sakura-haruno","Sakura Haruno","sprint","35","adjacent-1.70","1.0000","1.6979","1.2676","default","0.9500","1.0800",""
"sakura-haruno","Sakura Haruno","sprint","38","adjacent-1.70","1.0000","1.6979","1.2676","default","0.9500","1.0800",""
"yusuke-urameshi","Yusuke Urameshi","cmd:1+4","117","adjacent-1.70;median-1.70","1.6952","1.6952","1.6952","default","0.9500","1.1500",""
"yusuke-urameshi","Yusuke Urameshi","cmd:1+4","116","adjacent-1.70","1.0000","1.6952","1.0000","default","0.9500","1.1500",""
"yusuke-urameshi","Yusuke Urameshi","cmd:1+4","118","adjacent-1.70","1.0000","1.6952","1.0000","default","0.9500","1.1500",""
"sanji-vinsmoke","Sanji Vinsmoke","cmd:1+2","164","adjacent-1.69;median-1.69","1.0000","1.6936","1.6936","default","1.0800","1.0800",""
"sanji-vinsmoke","Sanji Vinsmoke","cmd:3+4","261","adjacent-1.69;median-1.69","1.0000","1.6936","1.6936","default","1.0800","1.0800",""
"sanji-vinsmoke","Sanji Vinsmoke","cmd:1+2","163","adjacent-1.69","1.6936","1.6936","1.0000","default","1.0800","1.0800",""
"sanji-vinsmoke","Sanji Vinsmoke","cmd:3+4","260","adjacent-1.69","1.6936","1.6936","1.0000","default","1.0800","1.0800",""
"monkey-d-luffy","Monkey D. Luffy","jableft","76","adjacent-1.69;default-next-to-frame-scale","1.2174","1.6910","1.3684","default","0.8500","1.0800",""
"monkey-d-luffy","Monkey D. Luffy","jableft","75","adjacent-1.69","2.0587","1.6910","1.2358","frame","0.8500","1.0800","wide-body-vs-idle"
"raoh","Raoh","sprint","38","adjacent-1.69","0.9226","1.6892","1.4900","default","1.0200","1.1500",""
"raoh","Raoh","sprint","37","adjacent-1.69","1.5584","1.6892","1.1337","default","1.0200","1.1500",""
"arale-norimaki","Arale Norimaki","sprint","38","adjacent-1.68","1.0000","1.6758","1.4162","default","0.8500","0.7500",""
"arale-norimaki","Arale Norimaki","sprint","37","adjacent-1.68","1.6758","1.6758","1.1833","default","0.8500","0.7500","wide-body-vs-idle"
"train-heartnet","Train Heartnet","sprint","32","adjacent-1.67;median-1.56","1.3093","1.6674","1.5583","frame","0.4644","0.5160","tiny-height-vs-idle|wide-body-vs-idle|tiny-frame-vs-animation"
"train-heartnet","Train Heartnet","sprint","33","adjacent-1.67;default-next-to-frame-scale","2.1832","1.6674","1.0700","default","1.0800","1.2000","wide-body-vs-idle"
"pegasus-seiya","Pegasus Seiya","sprint","36","adjacent-1.66","1.0000","1.6574","1.5224","default","1.0800","1.0800",""
"pegasus-seiya","Pegasus Seiya","sprint","37","adjacent-1.66","1.6574","1.6574","1.0887","default","1.0800","1.0800","wide-body-vs-idle"
"kenshin-himura","Kenshin Himura","sprint","36","adjacent-1.66","1.0000","1.6561","1.3005","default","1.0400","1.1800",""
"kenshin-himura","Kenshin Himura","sprint","39","adjacent-1.66","1.0000","1.6561","1.3005","default","1.0400","1.1800",""
"kenshin-himura","Kenshin Himura","sprint","37","adjacent-1.66","1.6561","1.6561","1.2735","default","1.0400","1.1800","wide-body-vs-idle"
"kenshin-himura","Kenshin Himura","sprint","38","adjacent-1.66","1.6561","1.6561","1.2735","default","1.0400","1.1800","wide-body-vs-idle"
"gotenks-super-saiyan","Gotenks (Super Saiyan)","sprint","33","adjacent-1.65;median-1.62","2.1036","1.6477","1.6240","default","1.0800","1.0800","wide-body-vs-idle"
"gotenks-super-saiyan","Gotenks (Super Saiyan)","sprint","34","adjacent-1.65","1.2766","1.6477","1.0146","default","1.0800","1.0800",""
"jaguar-junichi","Jaguar Junichi","sprint","34","adjacent-1.64;default-next-to-frame-scale","1.9674","1.6410","1.3759","default","1.0800","1.2800","wide-body-vs-idle"
"jaguar-junichi","Jaguar Junichi","sprint","35","adjacent-1.64","1.1989","1.6410","1.1927","default","1.0800","1.2800",""
"dio","DIO","sprint","37","adjacent-1.64;median-1.64","1.0000","1.6359","1.6359","default","1.0800","1.1800",""
"dio","DIO","sprint","36","adjacent-1.64","1.6359","1.6359","1.0000","default","1.0800","1.1800","wide-body-vs-idle"
"nami-perfect-clima-tact","Nami (Perfect Clima-Tact)","sprint","37","adjacent-1.63","1.0000","1.6344","1.3340","default","1.0800","1.0800",""
"nami-perfect-clima-tact","Nami (Perfect Clima-Tact)","sprint","36","adjacent-1.63","1.6344","1.6344","1.2252","default","1.0800","1.0800","wide-body-vs-idle"
"gon-freecss","Gon Freecss","sprint","38","adjacent-1.63","1.6287","1.6287","1.3114","default","0.9400","1.0400","wide-body-vs-idle"
"gon-freecss","Gon Freecss","sprint","39","adjacent-1.63","1.0000","1.6287","1.2420","default","0.9400","1.0400",""
"riven","Sasuke","cmd:2+4","191","adjacent-1.61","1.6098","1.6098","1.4841","frame","1.0800","1.0800",""
"riven","Sasuke","cmd:2+4","186","adjacent-1.61;default-next-to-frame-scale","1.0000","1.6098","1.0847","default","1.0800","1.0800",""
"killua-zoldyck","Killua Zoldyck","sprint","34","adjacent-1.61","2.1585","1.6054","1.3656","default","0.9800","1.0800","wide-body-vs-idle"
"killua-zoldyck","Killua Zoldyck","sprint","35","adjacent-1.61","1.3445","1.6054","1.1756","default","0.9800","1.0800",""
"lenalee-lee","Lenalee Lee","cmd:2+4","94","adjacent-1.60;median-1.60","1.6029","1.6029","1.6029","frame","0.9800","1.0700",""
"lenalee-lee","Lenalee Lee","cmd:2+4","93","adjacent-1.60;default-next-to-frame-scale","1.0000","1.6029","1.0000","default","0.9800","1.0700",""
"lenalee-lee","Lenalee Lee","cmd:2+4","95","adjacent-1.60;default-next-to-frame-scale","1.0000","1.6029","1.0000","default","0.9800","1.0700",""
"riven","Sasuke","cmd:O+1","174","adjacent-1.60;median-1.62","1.0000","1.6003","1.6213","default","1.0800","1.0800",""
"riven","Sasuke","cmd:O+1","175","adjacent-1.60","1.6003","1.6003","1.0131","default","1.0800","1.0800",""
"sanji-vinsmoke","Sanji Vinsmoke","cmd:1+4","145","adjacent-1.60","1.9184","1.5989","1.3011","default","1.0800","1.0800",""
"sanji-vinsmoke","Sanji Vinsmoke","cmd:1+4","144","adjacent-1.60","1.1998","1.5989","1.2289","default","1.0800","1.0800",""
"gintoki-sakata","Gintoki Sakata","sprint","37","adjacent-1.59","1.9316","1.5939","1.3019","default","0.9200","1.0800","wide-body-vs-idle"
"gintoki-sakata","Gintoki Sakata","sprint","38","adjacent-1.59","1.2119","1.5939","1.2243","default","0.9200","1.0800",""
"sakura-haruno","Sakura Haruno","cmd:d+3+4","111","adjacent-1.59","1.0000","1.5892","1.2614","default","0.9500","1.0800",""
"sakura-haruno","Sakura Haruno","cmd:d+3+4","112","adjacent-1.59","1.5892","1.5892","1.2599","default","0.9500","1.0800",""
"rukia-kuchiki","Rukia Kuchiki","sprint","37","adjacent-1.59","1.5883","1.5883","1.3327","default","0.8600","1.0800",""
"rukia-kuchiki","Rukia Kuchiki","sprint","38","adjacent-1.59","1.5883","1.5883","1.3327","default","0.8600","1.0800",""
"rukia-kuchiki","Rukia Kuchiki","sprint","36","adjacent-1.59","1.0000","1.5883","1.1918","default","0.8600","1.0800",""
"rukia-kuchiki","Rukia Kuchiki","sprint","39","adjacent-1.59","1.0000","1.5883","1.1918","default","0.8600","1.0800",""
"yusuke-urameshi","Yusuke Urameshi","sprint","31","adjacent-1.58;default-next-to-frame-scale","1.5840","1.5840","1.3072","default","0.9500","1.1500",""
"yusuke-urameshi","Yusuke Urameshi","sprint","32","adjacent-1.58","1.0000","1.5840","1.2118","default","0.9500","1.1500",""
"sakura-haruno","Sakura Haruno","cmd:d+3+4","116","adjacent-1.58","1.0000","1.5815","1.2614","default","0.9500","1.0800",""
"sakura-haruno","Sakura Haruno","cmd:d+3+4","117","adjacent-1.58","1.5815","1.5815","1.2538","default","0.9500","1.0800",""
"kurama","Kurama","cmd:1+2","84","adjacent-1.58","1.0000","1.5780","1.5178","default","1.0800","1.0800",""
"kurama","Kurama","cmd:1+2","85","adjacent-1.58","1.5780","1.5780","1.0397","default","1.0800","1.0800",""
"allen-walker","Allen Walker","cmd:1+2","99","adjacent-1.58;median-1.58","1.5760","1.5760","1.5760","default","0.8100","1.1100",""
"allen-walker","Allen Walker","cmd:1+2","98","adjacent-1.58","1.0000","1.5760","1.0000","default","0.8100","1.1100",""
"train-heartnet","Train Heartnet","jableft","101","adjacent-1.57","1.0000","1.5740","1.3095","default","1.0800","1.2000",""
"train-heartnet","Train Heartnet","jableft","100","adjacent-1.57","1.5740","1.5740","1.2020","default","1.0800","1.2000",""
"train-heartnet","Train Heartnet","sprint","39","adjacent-1.57;median-2.04;default-next-to-frame-scale","1.0000","1.5711","2.0403","default","1.0800","1.2000",""
"train-heartnet","Train Heartnet","sprint","38","adjacent-1.57","1.5711","1.5711","1.2986","frame","0.7344","0.8160","wide-body-vs-idle"
"jotaro-kujo","Jotaro Kujo","sprint","32","adjacent-1.57","1.0675","1.5701","1.3488","frame","0.4324","0.5687","tiny-height-vs-idle|tiny-frame-vs-animation"
"jotaro-kujo","Jotaro Kujo","sprint","33","adjacent-1.57;default-next-to-frame-scale","1.6761","1.5701","1.1641","default","0.9200","1.2100","wide-body-vs-idle"
"killua-zoldyck","Killua Zoldyck","sprint","39","adjacent-1.57","1.2060","1.5656","1.3106","default","0.9800","1.0800",""
"killua-zoldyck","Killua Zoldyck","sprint","38","adjacent-1.57","1.8881","1.5656","1.1945","default","0.9800","1.0800","wide-body-vs-idle"
"kurama","Kurama","sprint","31","adjacent-1.56","1.1767","1.5624","1.3727","frame","0.4752","0.4752","tiny-height-vs-idle|wide-body-vs-idle|tiny-frame-vs-animation"
"kurama","Kurama","sprint","32","adjacent-1.56;default-next-to-frame-scale","1.8386","1.5624","1.1382","default","1.0800","1.0800","wide-body-vs-idle"
"train-heartnet","Train Heartnet","cmd:1+2","90","adjacent-1.56","1.0000","1.5623","1.3226","default","1.0800","1.2000",""
"train-heartnet","Train Heartnet","cmd:1+2","89","adjacent-1.56","1.5623","1.5623","1.1813","default","1.0800","1.2000",""
"raoh","Raoh","sprint","35","adjacent-1.56","1.0000","1.5584","1.3746","default","1.0200","1.1500",""
"raoh","Raoh","sprint","36","adjacent-1.56","1.5584","1.5584","1.1337","default","1.0200","1.1500",""
"anna-kyoyama","Anna Kyoyama","sprint","37","adjacent-1.56","1.5581","1.5581","1.3760","default","0.7900","1.0800",""
"anna-kyoyama","Anna Kyoyama","sprint","38","adjacent-1.56","1.0000","1.5581","1.1323","default","0.7900","1.0800",""
"bobobo-bo-bo-bobo","Bobobo-bo Bo-bobo","sprint","34","adjacent-1.56;default-next-to-frame-scale","1.5565","1.5565","1.3756","default","0.9300","1.1800",""
"bobobo-bo-bo-bobo","Bobobo-bo Bo-bobo","sprint","35","adjacent-1.56","1.0000","1.5565","1.1315","default","0.9300","1.1800",""
"train-heartnet","Train Heartnet","sprint","31","adjacent-1.56;default-next-to-frame-scale","2.0374","1.5561","1.0015","default","1.0800","1.2000","wide-body-vs-idle"
"bobobo-bo-bo-bobo","Bobobo-bo Bo-bobo","sprint","31","adjacent-1.55","1.5536","1.5536","1.3730","default","0.9300","1.1800",""
"bobobo-bo-bo-bobo","Bobobo-bo Bo-bobo","sprint","30","adjacent-1.55","1.0000","1.5536","1.1315","default","0.9300","1.1800",""
"eve","Eve","jableft","81","adjacent-1.55","1.5495","1.5495","1.3149","default","0.8600","1.0400",""
"eve","Eve","jableft","80","adjacent-1.55","1.0000","1.5495","1.1784","default","0.8600","1.0400",""
"monkey-d-luffy-2nd-gear","Monkey D. Luffy (2nd Gear)","cmd:1+2","86","adjacent-1.55","1.2379","1.5473","1.4615","default","1.0800","1.1600",""
"monkey-d-luffy-2nd-gear","Monkey D. Luffy (2nd Gear)","cmd:1+2","85","adjacent-1.55","1.9154","1.5473","1.0587","default","1.0800","1.1600","possible-two-character-crop"
"ryotsu-kankichi","Ryotsu Kankichi","sprint","37","adjacent-1.55","1.0000","1.5466","1.2489","default","0.8200","1.0800",""
"ryotsu-kankichi","Ryotsu Kankichi","sprint","36","adjacent-1.55","1.5466","1.5466","1.2384","default","0.8200","1.0800",""
"goku-super-saiyan","Goku (Super Saiyan)","sprint","32","adjacent-1.55;default-next-to-frame-scale","1.7573","1.5463","1.3646","default","1.0000","1.2600","wide-body-vs-idle"
"goku-super-saiyan","Goku (Super Saiyan)","sprint","33","adjacent-1.55","1.1364","1.5463","1.1332","default","1.0000","1.2600",""
"vegito","Vegito","sprint","32","adjacent-1.55;default-next-to-frame-scale","1.8319","1.5463","1.3539","default","1.1600","1.1000","wide-body-vs-idle"
"vegito","Vegito","sprint","33","adjacent-1.55","1.1847","1.5463","1.1421","default","1.1600","1.1000",""
"kenshin-himura","Kenshin Himura","jableft","75","adjacent-1.55","1.5453","1.5453","1.2495","default","1.0400","1.1800",""
"kenshin-himura","Kenshin Himura","jableft","74","adjacent-1.55","1.0000","1.5453","1.2368","default","1.0400","1.1800",""
"renji-abarai","Renji Abarai","sprint","33","adjacent-1.54;default-next-to-frame-scale","1.2737","1.5412","1.2737","default","0.9300","1.1500",""
"renji-abarai","Renji Abarai","sprint","32","adjacent-1.54","0.8265","1.5412","1.2100","frame","0.4929","0.6095","tiny-height-vs-idle|tiny-frame-vs-animation"
"pegasus-seiya","Pegasus Seiya","sprint","39","adjacent-1.54","1.0000","1.5409","1.5224","default","1.0800","1.0800",""
"pegasus-seiya","Pegasus Seiya","sprint","38","adjacent-1.54","1.5409","1.5409","1.0121","default","1.0800","1.0800",""
"piccolo","Piccolo","sprint","35","adjacent-1.54","1.0847","1.5393","1.0000","default","0.7100","1.1400",""
"vegito","Vegito","cmd:2+4","111","adjacent-1.54","1.0000","1.5390","1.3333","default","1.1600","1.1000",""
"vegito","Vegito","cmd:2+4","110","adjacent-1.54","1.5390","1.5390","1.1543","default","1.1600","1.1000",""
"majin-buu","Majin Buu","sprint","32","adjacent-1.54","1.5359","1.5359","1.5359","default","0.9600","0.9600",""
"majin-buu","Majin Buu","sprint","33","adjacent-1.54","1.5359","1.5359","1.5359","default","0.9600","0.9600",""
"majin-buu","Majin Buu","sprint","31","adjacent-1.54","1.0000","1.5359","1.0000","default","0.9600","0.9600",""
"majin-buu","Majin Buu","sprint","34","adjacent-1.54","1.0000","1.5359","1.0000","default","0.9600","0.9600",""
"jaguar-junichi","Jaguar Junichi","sprint","37","adjacent-1.53","1.8362","1.5316","1.2842","default","1.0800","1.2800","wide-body-vs-idle"
"jaguar-junichi","Jaguar Junichi","sprint","36","adjacent-1.53","1.1989","1.5316","1.1927","default","1.0800","1.2800",""
"riven","Sasuke","cmd:FC+3","120","adjacent-1.53","0.7804","1.5265","1.4735","animation","0.7560","0.9396",""
"riven","Sasuke","cmd:FC+3","121","adjacent-1.53","1.1912","1.5265","1.0360","animation","0.7560","0.9396",""
"riven","Sasuke","cmd:qcf+3","120","adjacent-1.53","1.0000","1.5265","1.4735","default","1.0800","1.0800",""
"riven","Sasuke","cmd:qcf+3","121","adjacent-1.53","1.5265","1.5265","1.0359","default","1.0800","1.0800",""
"frieza","Frieza","cmd:2+3","166","adjacent-1.52","1.1320","1.5223","1.3463","default","0.9600","1.0800",""
"frieza","Frieza","cmd:2+3","165","adjacent-1.52","1.7233","1.5223","1.1307","default","0.9600","1.0800",""
"kenshin-himura","Kenshin Himura","cmd:1+2+3","143","adjacent-1.52","1.5210","1.5210","1.2827","default","1.0400","1.1800",""
"kenshin-himura","Kenshin Himura","cmd:1+2+3","142","adjacent-1.52","1.0000","1.5210","1.1858","default","1.0400","1.1800",""
"eve","Eve","jableft","82","adjacent-1.52","1.5188","1.5188","1.2889","default","0.8600","1.0400",""
"eve","Eve","jableft","83","adjacent-1.52","1.0000","1.5188","1.1784","default","0.8600","1.0400",""
"gintoki-sakata","Gintoki Sakata","cmd:1+4","195","adjacent-1.52","1.8280","1.5182","1.3285","default","0.9200","1.0800",""
"gintoki-sakata","Gintoki Sakata","cmd:1+4","194","adjacent-1.52","1.2040","1.5182","1.1428","default","0.9200","1.0800",""
"gohan-super-saiyan","Gohan (Super Saiyan)","kickleft","128","adjacent-1.52","1.5170","1.5170","1.5170","default","0.9100","0.8800",""
"gohan-super-saiyan","Gohan (Super Saiyan)","kickleft","129","adjacent-1.52","1.0000","1.5170","1.0000","default","0.9100","0.8800",""
"gohan-super-saiyan","Gohan (Super Saiyan)","sprint","38","adjacent-1.52","1.5160","1.5160","1.5160","default","0.9100","0.8800",""
"gohan-super-saiyan","Gohan (Super Saiyan)","sprint","39","adjacent-1.52","1.0000","1.5160","1.0000","default","0.9100","0.8800",""
"train-heartnet","Train Heartnet","cmd:3+4","94","adjacent-1.51","1.5122","1.5122","1.5122","default","1.0800","1.2000",""
"train-heartnet","Train Heartnet","cmd:3+4","93","adjacent-1.51","1.0000","1.5122","1.0000","default","1.0800","1.2000",""
"train-heartnet","Train Heartnet","cmd:3+4","95","adjacent-1.51","1.0000","1.5122","1.0000","default","1.0800","1.2000",""
"eve","Eve","cmd:1+2","153","adjacent-1.51;default-next-to-frame-scale","1.1694","1.5089","1.5089","default","0.8600","1.0400",""
"eve","Eve","cmd:1+2","154","adjacent-1.51","1.7645","1.5089","1.0000","frame","0.8600","1.0400",""
"pegasus-seiya","Pegasus Seiya","cmd:d+2","129","adjacent-1.51","1.5077","1.5077","1.3188","default","1.0800","1.0800",""
"pegasus-seiya","Pegasus Seiya","cmd:d+2","130","adjacent-1.51","1.0000","1.5077","1.1433","default","1.0800","1.0800",""
"hiei","Hiei","jableft","82","adjacent-1.51","1.0000","1.5065","1.4189","default","0.8800","0.9700",""
"hiei","Hiei","jabright","82","adjacent-1.51","1.0000","1.5065","1.3504","default","0.8800","0.9700",""
"hiei","Hiei","cmd:1+4","82","adjacent-1.51","1.0000","1.5065","1.3504","default","0.8800","0.9700",""
"hiei","Hiei","jabright","83","adjacent-1.51","1.5065","1.5065","1.1156","default","0.8800","0.9700",""
"hiei","Hiei","cmd:1+4","83","adjacent-1.51","1.5065","1.5065","1.1156","default","0.8800","0.9700",""
"hiei","Hiei","jableft","83","adjacent-1.51","1.5065","1.5065","1.0617","default","0.8800","0.9700",""
"anna-kyoyama","Anna Kyoyama","getupStand","37","adjacent-1.50;median-1.50","0.6648","1.5042","1.5042","frame","0.3792","0.5184",""
"anna-kyoyama","Anna Kyoyama","getupStand","53","adjacent-1.50;default-next-to-frame-scale","1.0000","1.5042","1.0000","default","0.7900","1.0800",""
"gohan-super-saiyan","Gohan (Super Saiyan)","kickleft","127","adjacent-1.50","1.5034","1.5034","1.5034","default","0.9100","0.8800",""
"gohan-super-saiyan","Gohan (Super Saiyan)","kickleft","126","adjacent-1.50","1.0000","1.5034","1.0000","default","0.9100","0.8800",""
"toshiro-hitsugaya","Tōshirō Hitsugaya","cmd:1+3","219","adjacent-1.50","1.5032","1.5032","1.5032","frame","0.8600","1.0800",""
"toshiro-hitsugaya","Tōshirō Hitsugaya","cmd:1+3","220","adjacent-1.50;default-next-to-frame-scale","1.0000","1.5032","1.0000","default","0.8600","1.0800",""
"kinnikuman","Kinnikuman","sprint","32","adjacent-1.50","1.0061","1.5023","1.4773","frame","0.4326","0.4956","tiny-height-vs-idle|tiny-frame-vs-animation"
"kinnikuman","Kinnikuman","sprint","33","adjacent-1.50;default-next-to-frame-scale","1.5115","1.5023","1.0169","default","1.0300","1.1800",""
"jotaro-kujo","Jotaro Kujo","sprint","37","adjacent-1.50","1.0000","1.5016","1.4399","default","0.9200","1.2100",""
"jotaro-kujo","Jotaro Kujo","sprint","36","adjacent-1.50;default-next-to-frame-scale","1.5016","1.5016","1.0429","default","0.9200","1.2100",""
"monkey-d-luffy","Monkey D. Luffy","jableft","73","adjacent-1.50;default-next-to-frame-scale","1.1741","1.5015","1.4188","default","0.8500","1.0800",""
"monkey-d-luffy","Monkey D. Luffy","jableft","74","adjacent-1.50","1.7629","1.5015","1.0582","frame","0.8500","1.0800","wide-body-vs-idle"
"kurama","Kurama","juggle","29","adjacent-1.50","1.0000","1.5004","1.5004","default","1.0800","1.0800",""
"kurama","Kurama","juggle","30","adjacent-1.50","1.5004","1.5004","1.0000","default","1.0800","1.0800",""
"gohan-super-saiyan-2","Gohan (Super Saiyan 2)","sprint","37","adjacent-1.50","1.0000","1.4992","1.2999","default","1.0800","1.0800",""
"gohan-super-saiyan-2","Gohan (Super Saiyan 2)","sprint","38","adjacent-1.50;default-next-to-frame-scale","1.4992","1.4992","1.1533","default","1.0800","1.0800",""
"riven","Sasuke","jabright","83","adjacent-1.50;median-1.61;default-next-to-frame-scale","1.0000","1.4983","1.6120","default","1.0800","1.0800",""
"riven","Sasuke","jabright","84","adjacent-1.50","1.4983","1.4983","1.0759","frame","1.0800","1.0800",""
"anna-kyoyama","Anna Kyoyama","jabright","89","adjacent-1.50","1.0000","1.4981","1.2360","default","0.7900","1.0800",""
"anna-kyoyama","Anna Kyoyama","jabright","88","adjacent-1.50;default-next-to-frame-scale","1.4981","1.4981","1.2120","default","0.7900","1.0800",""
"sakura-haruno","Sakura Haruno","cmd:2+3","153","adjacent-1.49","1.4910","1.4910","1.4910","default","0.9500","1.0800",""
"sakura-haruno","Sakura Haruno","cmd:2+3","152","adjacent-1.49","1.0000","1.4910","1.0000","default","0.9500","1.0800",""
"sanji-vinsmoke","Sanji Vinsmoke","cmd:3+4","252","adjacent-1.49","1.2025","1.4910","1.4085","default","1.0800","1.0800",""
"sanji-vinsmoke","Sanji Vinsmoke","cmd:3+4","253","adjacent-1.49","1.7928","1.4910","1.0586","default","1.0800","1.0800",""
"monkey-d-luffy","Monkey D. Luffy","sprint","38","adjacent-1.49","1.0000","1.4900","1.4900","default","0.8500","1.0800",""
"monkey-d-luffy","Monkey D. Luffy","sprint","37","adjacent-1.49","1.4900","1.4900","1.0000","default","0.8500","1.0800",""
"nico-robin","Nico Robin","cmd:1+2","99","adjacent-1.49","1.4895","1.4895","1.4895","default","0.9500","1.0800",""
"nico-robin","Nico Robin","cmd:1+2","98","adjacent-1.49","1.0000","1.4895","1.0000","default","0.9500","1.0800",""
"nico-robin","Nico Robin","jableft","75","adjacent-1.49","1.0000","1.4871","1.5491","default","0.9500","1.0800",""
"nico-robin","Nico Robin","jableft","76","adjacent-1.49","1.4871","1.4871","1.0417","default","0.9500","1.0800",""
"riven","Sasuke","cmd:SS+4","148","adjacent-1.49","1.3822","1.4869","1.4677","default","1.0800","1.0800",""
"riven","Sasuke","cmd:1+4","147","adjacent-1.49","2.0551","1.4869","1.3167","default","1.0800","1.0800",""
"riven","Sasuke","cmd:1+4","148","adjacent-1.49","1.3822","1.4869","1.1292","default","1.0800","1.0800",""
"riven","Sasuke","cmd:SS+4","147","adjacent-1.49","2.0551","1.4869","1.0131","default","1.0800","1.0800",""
"heihachi-edajima","Heihachi Edajima","jabright","94","adjacent-1.49","1.4856","1.4856","1.4856","default","1.1300","1.2300",""
"heihachi-edajima","Heihachi Edajima","cmd:1+2","94","adjacent-1.49","1.4856","1.4856","1.4856","default","1.1300","1.2300",""
"heihachi-edajima","Heihachi Edajima","jabright","93","adjacent-1.49","1.0000","1.4856","1.0000","default","1.1300","1.2300",""
"heihachi-edajima","Heihachi Edajima","jabright","95","adjacent-1.49","1.0000","1.4856","1.0000","default","1.1300","1.2300",""
"heihachi-edajima","Heihachi Edajima","cmd:1+2","93","adjacent-1.49","1.0000","1.4856","1.0000","default","1.1300","1.2300",""
"heihachi-edajima","Heihachi Edajima","cmd:1+2","95","adjacent-1.49","1.0000","1.4856","1.0000","default","1.1300","1.2300",""
"sanji-vinsmoke","Sanji Vinsmoke","sprint","32","adjacent-1.48","1.2726","1.4846","1.4074","default","1.0800","1.0800","possible-two-character-crop"
"sanji-vinsmoke","Sanji Vinsmoke","sprint","33","adjacent-1.48","1.8894","1.4846","1.0548","default","1.0800","1.0800","wide-body-vs-idle"
"gotenks-super-saiyan","Gotenks (Super Saiyan)","jabright","65","adjacent-1.48","1.0000","1.4840","1.4344","default","1.0800","1.0800",""
"gotenks-super-saiyan","Gotenks (Super Saiyan)","cmd:1+2","65","adjacent-1.48","1.0000","1.4840","1.4344","default","1.0800","1.0800",""
"gotenks-super-saiyan","Gotenks (Super Saiyan)","jabright","66","adjacent-1.48","1.4840","1.4840","1.0346","default","1.0800","1.0800",""
"gotenks-super-saiyan","Gotenks (Super Saiyan)","cmd:1+2","66","adjacent-1.48","1.4840","1.4840","1.0346","default","1.0800","1.0800",""
"monkey-d-luffy-2nd-gear","Monkey D. Luffy (2nd Gear)","jabright","90","adjacent-1.48","1.4806","1.4806","1.2555","default","1.0800","1.1600",""
"monkey-d-luffy-2nd-gear","Monkey D. Luffy (2nd Gear)","jabright","94","adjacent-1.48","1.4806","1.4806","1.2555","default","1.0800","1.1600",""
"monkey-d-luffy-2nd-gear","Monkey D. Luffy (2nd Gear)","cmd:1+3","90","adjacent-1.48","1.4806","1.4806","1.2555","default","1.0800","1.1600",""
"monkey-d-luffy-2nd-gear","Monkey D. Luffy (2nd Gear)","cmd:1+3","94","adjacent-1.48","1.4806","1.4806","1.2555","default","1.0800","1.1600",""
"monkey-d-luffy-2nd-gear","Monkey D. Luffy (2nd Gear)","jabright","91","adjacent-1.48","1.0000","1.4806","1.1793","default","1.0800","1.1600",""
"monkey-d-luffy-2nd-gear","Monkey D. Luffy (2nd Gear)","jabright","95","adjacent-1.48","1.0000","1.4806","1.1793","default","1.0800","1.1600",""
"monkey-d-luffy-2nd-gear","Monkey D. Luffy (2nd Gear)","cmd:1+3","91","adjacent-1.48","1.0000","1.4806","1.1793","default","1.0800","1.1600",""
"monkey-d-luffy-2nd-gear","Monkey D. Luffy (2nd Gear)","cmd:1+3","93","adjacent-1.48","1.0000","1.4806","1.1793","default","1.0800","1.1600","possible-two-character-crop"
"nico-robin","Nico Robin","cmd:2+4","170","adjacent-1.48","1.8598","1.4798","1.3889","default","0.9500","1.0800",""
"nico-robin","Nico Robin","cmd:2+4","171","adjacent-1.48","1.2567","1.4798","1.0655","default","0.9500","1.0800",""
"monkey-d-luffy-2nd-gear","Monkey D. Luffy (2nd Gear)","sprint","30","adjacent-1.48","1.1992","1.4783","1.4783","frame","0.5076","0.5452","tiny-height-vs-idle|wide-body-vs-idle|tiny-frame-vs-animation"
"monkey-d-luffy-2nd-gear","Monkey D. Luffy (2nd Gear)","sprint","31","adjacent-1.48;default-next-to-frame-scale","1.7728","1.4783","1.0000","default","1.0800","1.1600","wide-body-vs-idle"
"goku-super-saiyan","Goku (Super Saiyan)","cmd:3+4","110","adjacent-1.48","1.4763","1.4763","1.2617","frame","1.0000","1.2600",""
"goku-super-saiyan","Goku (Super Saiyan)","cmd:3+4","111","adjacent-1.48;default-next-to-frame-scale","1.0000","1.4763","1.1701","default","1.0000","1.2600",""
"ryotsu-kankichi","Ryotsu Kankichi","getupStand","30","adjacent-1.48;median-1.48","0.6778","1.4754","1.4754","frame","0.4182","0.5508","tiny-frame-vs-animation"
"ryotsu-kankichi","Ryotsu Kankichi","knockdown","29","adjacent-1.48;default-next-to-frame-scale","1.0000","1.4754","1.2739","default","0.8200","1.0800","huge-frame-vs-animation"
"ryotsu-kankichi","Ryotsu Kankichi","knockdown","30","adjacent-1.48","0.6778","1.4754","1.1582","frame","0.4182","0.5508",""
"ryotsu-kankichi","Ryotsu Kankichi","getupStand","29","adjacent-1.48;default-next-to-frame-scale","1.0000","1.4754","1.0000","default","0.8200","1.0800",""
"frieza","Frieza","jableft","81","adjacent-1.48","1.4752","1.4752","1.2199","default","0.9600","1.0800",""
"frieza","Frieza","kickright","135","adjacent-1.48","1.4752","1.4752","1.2199","default","0.9600","1.0800",""
"frieza","Frieza","cmd:3+4","81","adjacent-1.48","1.4752","1.4752","1.2175","default","0.9600","1.0800",""
"frieza","Frieza","cmd:3+4","82","adjacent-1.48","1.0000","1.4752","1.2117","default","0.9600","1.0800",""
"frieza","Frieza","jableft","82","adjacent-1.48","1.0000","1.4752","1.2093","default","0.9600","1.0800",""
"frieza","Frieza","kickright","136","adjacent-1.48","1.0000","1.4752","1.2093","default","0.9600","1.0800",""
"riven","Sasuke","cmd:1+2","117","adjacent-1.47","1.1935","1.4743","1.2468","default","1.0800","1.0800",""
"riven","Sasuke","cmd:1+2","116","adjacent-1.47","1.7596","1.4743","1.1824","default","1.0800","1.0800",""
"heihachi-edajima","Heihachi Edajima","block","14","adjacent-1.47","1.0000","1.4738","1.4738","default","1.1300","1.2300",""
"heihachi-edajima","Heihachi Edajima","cmd:1+4","109","adjacent-1.47","1.0000","1.4738","1.3548","default","1.1300","1.2300",""
"heihachi-edajima","Heihachi Edajima","cmd:1+4","108","adjacent-1.47","1.4738","1.4738","1.0878","default","1.1300","1.2300",""
"heihachi-edajima","Heihachi Edajima","block","108","adjacent-1.47","1.4738","1.4738","1.0000","default","1.1300","1.2300",""
"gohan-super-saiyan-2","Gohan (Super Saiyan 2)","cmd:1+2","90","adjacent-1.47","1.0000","1.4729","1.3008","default","1.0800","1.0800",""
"gohan-super-saiyan-2","Gohan (Super Saiyan 2)","cmd:1+2","89","adjacent-1.47","1.4729","1.4729","1.1323","default","1.0800","1.0800",""
"gintoki-sakata","Gintoki Sakata","sprint","34","adjacent-1.47;default-next-to-frame-scale","1.0000","1.4709","1.4837","default","0.9200","1.0800",""
"gintoki-sakata","Gintoki Sakata","sprint","33","adjacent-1.47","1.4709","1.4709","1.0087","frame","0.6256","0.7344","wide-body-vs-idle"
"sakura-haruno","Sakura Haruno","cmd:1+3","161","adjacent-1.47","1.4707","1.4707","1.2880","default","0.9500","1.0800",""
"sakura-haruno","Sakura Haruno","cmd:1+3","162","adjacent-1.47","1.0000","1.4707","1.1419","default","0.9500","1.0800",""
"riven","Sasuke","cmd:3+4","107","adjacent-1.47","1.9744","1.4707","1.3253","default","1.0800","1.0800",""
"riven","Sasuke","cmd:3+4","106","adjacent-1.47","1.3425","1.4707","1.1097","default","1.0800","1.0800",""
"dr-mashirito","Dr. Mashirito","sprint","34","adjacent-1.47","1.7937","1.4676","1.4676","default","0.9500","1.0800","wide-body-vs-idle"
"dr-mashirito","Dr. Mashirito","sprint","33","adjacent-1.47","1.2222","1.4676","1.0000","default","0.9500","1.0800",""
"raoh","Raoh","sprint","34","adjacent-1.47","1.0000","1.4665","1.3746","default","1.0200","1.1500",""
"raoh","Raoh","sprint","33","adjacent-1.47;default-next-to-frame-scale","1.4665","1.4665","1.0669","default","1.0200","1.1500",""
"kagura","Kagura","sprint","39","adjacent-1.47","1.0000","1.4663","1.2931","default","1.0500","1.1700",""
"kagura","Kagura","sprint","38","adjacent-1.47","1.4663","1.4663","1.1340","default","1.0500","1.1700",""
"dio","DIO","cmd:1+2","161","adjacent-1.46","1.0000","1.4632","1.3924","default","1.0800","1.1800",""
"dio","DIO","cmd:1+2","162","adjacent-1.46","1.4632","1.4632","1.0508","default","1.0800","1.1800",""
"jotaro-kujo","Jotaro Kujo","getupStand","36","adjacent-1.46;median-1.46","0.6836","1.4628","1.4628","frame","0.5704","0.7502",""
"jotaro-kujo","Jotaro Kujo","getupStand","54","adjacent-1.46;default-next-to-frame-scale","1.0000","1.4628","1.0000","default","0.9200","1.2100",""
"killua-zoldyck","Killua Zoldyck","jabright","147","adjacent-1.46","1.7378","1.4608","1.4608","default","0.9800","1.0800","wide-body-vs-idle"
"killua-zoldyck","Killua Zoldyck","jabright","146","adjacent-1.46","1.1896","1.4608","1.0000","default","0.9800","1.0800",""
"vegeta-super-saiyan","Vegeta (Super Saiyan)","sprint","33","adjacent-1.46;default-next-to-frame-scale","1.0000","1.4590","1.3705","default","1.0900","1.0300",""
"vegeta-super-saiyan","Vegeta (Super Saiyan)","sprint","32","adjacent-1.46","1.4590","1.4590","1.0645","frame","0.7412","0.7004","wide-body-vs-idle"
"vegeta","Vegeta","kickright","76","adjacent-1.46","1.4576","1.4576","1.4576","default","1.0800","1.0800",""
"vegeta","Vegeta","cmd:2+4","76","adjacent-1.46","1.4576","1.4576","1.4576","default","1.0800","1.0800",""
"vegeta","Vegeta","kickright","75","adjacent-1.46","1.0000","1.4576","1.0000","default","1.0800","1.0800",""
"vegeta","Vegeta","kickright","77","adjacent-1.46","1.0000","1.4576","1.0000","default","1.0800","1.0800",""
"vegeta","Vegeta","cmd:2+4","75","adjacent-1.46","1.0000","1.4576","1.0000","default","1.0800","1.0800",""
"vegeta","Vegeta","cmd:2+4","77","adjacent-1.46","1.0000","1.4576","1.0000","default","1.0800","1.0800",""
"majin-buu","Majin Buu","cmd:1+2","109","adjacent-1.46;default-next-to-frame-scale","1.4560","1.4560","1.2351","default","0.9600","0.9600",""
"majin-buu","Majin Buu","cmd:1+2","110","adjacent-1.46","1.0000","1.4560","1.1789","default","0.9600","0.9600",""
"naruto-uzumaki-nine-tails-kyubi","Naruto Uzumaki (Nine-Tails_Kyubi)","cmd:2+3","94","adjacent-1.45","1.4534","1.4534","1.4534","default","0.9200","1.3800",""
"pegasus-seiya","Pegasus Seiya","cmd:d+2","128","adjacent-1.45","1.4534","1.4534","1.2713","default","1.0800","1.0800",""
"pegasus-seiya","Pegasus Seiya","cmd:d+2","127","adjacent-1.45","1.0000","1.4534","1.1433","default","1.0800","1.0800",""
"naruto-uzumaki-nine-tails-kyubi","Naruto Uzumaki (Nine-Tails_Kyubi)","cmd:2+3","93","adjacent-1.45","1.0000","1.4534","1.0000","default","0.9200","1.3800",""
"naruto-uzumaki-nine-tails-kyubi","Naruto Uzumaki (Nine-Tails_Kyubi)","cmd:2+3","95","adjacent-1.45","1.0000","1.4534","1.0000","default","0.9200","1.3800",""
"vegeta-super-saiyan","Vegeta (Super Saiyan)","jabright","0","adjacent-1.45","1.0000","1.4510","1.4833","default","1.0900","1.0300",""
"vegeta-super-saiyan","Vegeta (Super Saiyan)","jabright","80","adjacent-1.45","1.4510","1.4510","1.0222","default","1.0900","1.0300",""
"train-heartnet","Train Heartnet","cmd:1+4","112","adjacent-1.45","1.0000","1.4508","1.2969","default","1.0800","1.2000",""
"train-heartnet","Train Heartnet","cmd:1+4","111","adjacent-1.45","1.4508","1.4508","1.1187","default","1.0800","1.2000",""
"gohan-super-saiyan-2","Gohan (Super Saiyan 2)","kickleft","82","adjacent-1.45","1.9375","1.4498","1.3322","default","1.0800","1.0800","wide-body-vs-idle"
"gohan-super-saiyan-2","Gohan (Super Saiyan 2)","kickleft","83","adjacent-1.45","1.3364","1.4498","1.0883","default","1.0800","1.0800",""
"riven","Sasuke","cmd:FC+1","120","adjacent-1.45","1.0000","1.4497","1.4117","default","1.0800","1.0800",""
"riven","Sasuke","cmd:FC+1","80","adjacent-1.45","1.4497","1.4497","1.0269","default","1.0800","1.0800",""
"goku-super-saiyan","Goku (Super Saiyan)","kickright","100","adjacent-1.45","1.4482","1.4482","1.4482","default","1.0000","1.2600",""
"goku-super-saiyan","Goku (Super Saiyan)","kickright","99","adjacent-1.45","1.0000","1.4482","1.0000","default","1.0000","1.2600",""
"kenshiro","Kenshiro","sprint","32","adjacent-1.45","1.0000","1.4469","1.2438","default","1.0900","1.3000",""
"kenshiro","Kenshiro","sprint","33","adjacent-1.45","1.4469","1.4469","1.1633","default","1.0900","1.3000",""
"arale-norimaki","Arale Norimaki","sprint","34","adjacent-1.44","1.1597","1.4450","1.2211","default","0.8500","0.7500",""
"arale-norimaki","Arale Norimaki","sprint","35","adjacent-1.44","1.6758","1.4450","1.1833","default","0.8500","0.7500","wide-body-vs-idle"
"kenshin-himura","Kenshin Himura","cmd:1+4","127","adjacent-1.44","1.7298","1.4446","1.4927","default","1.0400","1.1800",""
"kenshin-himura","Kenshin Himura","cmd:1+4","126","adjacent-1.44","1.1974","1.4446","1.0333","default","1.0400","1.1800",""
"jotaro-kujo","Jotaro Kujo","sprint","38","adjacent-1.44","1.0000","1.4399","1.4399","default","0.9200","1.2100",""
"jotaro-kujo","Jotaro Kujo","sprint","39","adjacent-1.44","1.4399","1.4399","1.0000","default","0.9200","1.2100",""
"kiro","Naruto","kickleft","87","adjacent-1.44","1.4393","1.4393","1.4393","default","0.9300","1.0800",""
"kiro","Naruto","kickleft","86","adjacent-1.44","1.0000","1.4393","1.0000","default","0.9300","1.0800",""
"roronoa-zoro","Roronoa Zoro","cmd:3+4","107","adjacent-1.44","1.4389","1.4389","1.2099","default","0.9900","1.2000",""
"roronoa-zoro","Roronoa Zoro","cmd:3+4","106","adjacent-1.44","1.0000","1.4389","1.1892","default","0.9900","1.2000",""
"ichigo-kurosaki","Ichigo Kurosaki","sprint","31","adjacent-1.44","0.6964","1.4360","1.4360","frame","0.4200","0.5418","tiny-height-vs-idle|tiny-frame-vs-animation"
"ichigo-kurosaki","Ichigo Kurosaki","sprint","30","adjacent-1.44;default-next-to-frame-scale","1.0000","1.4360","1.0000","default","1.0000","1.2900",""
"gon-freecss","Gon Freecss","cmd:2+4","133","adjacent-1.44","1.0000","1.4353","1.2799","default","0.9400","1.0400",""
"gon-freecss","Gon Freecss","cmd:2+4","134","adjacent-1.44","1.4353","1.4353","1.1214","default","0.9400","1.0400",""
"dio","DIO","cmd:3+4","185","adjacent-1.43","1.7001","1.4345","1.3792","default","1.0800","1.1800",""
"dio","DIO","cmd:3+4","184","adjacent-1.43","1.1852","1.4345","1.0401","default","1.0800","1.1800",""
"gotenks-super-saiyan","Gotenks (Super Saiyan)","jabright","68","adjacent-1.43","1.0000","1.4344","1.4344","default","1.0800","1.0800",""
"gotenks-super-saiyan","Gotenks (Super Saiyan)","jabright","67","adjacent-1.43","1.4344","1.4344","1.0000","default","1.0800","1.0800",""
"renji-abarai","Renji Abarai","sprint","34","adjacent-1.43","0.8880","1.4343","1.1261","frame","0.6324","0.7820",""
"kinnikuman","Kinnikuman","sprint","31","adjacent-1.43;default-next-to-frame-scale","1.4426","1.4338","1.0303","default","1.0300","1.1800",""
"piccolo","Piccolo","getupStand","37","adjacent-1.43;median-1.37","0.8100","1.4326","1.3729","frame","0.5751","0.9234",""
"piccolo","Piccolo","getupStand","39","adjacent-1.43;median-1.37","0.8100","1.4326","1.3729","frame","0.5751","0.9234",""
"piccolo","Piccolo","getupStand","38","adjacent-1.43","0.5654","1.4326","1.0435","frame","0.3124","0.5016",""
"sakura-haruno","Sakura Haruno","jableft","127","adjacent-1.43","1.4325","1.4325","1.4325","default","0.9500","1.0800",""
"sakura-haruno","Sakura Haruno","jableft","128","adjacent-1.43","1.0000","1.4325","1.0000","default","0.9500","1.0800",""
"kenshiro","Kenshiro","cmd:3+4","164","adjacent-1.43","1.4318","1.4318","1.2536","default","1.0900","1.3000",""
"kenshiro","Kenshiro","cmd:3+4","165","adjacent-1.43","1.0000","1.4318","1.1421","default","1.0900","1.3000",""
"anna-kyoyama","Anna Kyoyama","sprint","35","adjacent-1.43;default-next-to-frame-scale","1.5565","1.4292","1.3746","default","0.7900","1.0800",""
"anna-kyoyama","Anna Kyoyama","sprint","34","adjacent-1.43","1.0891","1.4292","1.0397","frame","0.5372","0.7344",""
"eve","Eve","sprint","37","adjacent-1.43","1.1717","1.4278","1.1974","frame","0.5848","0.7072",""
"eve","Eve","sprint","36","adjacent-1.43;default-next-to-frame-scale","1.6730","1.4278","1.1924","default","0.8600","1.0400","wide-body-vs-idle"
"gon-freecss","Gon Freecss","cmd:2+4","137","adjacent-1.43","1.0000","1.4269","1.2799","default","0.9400","1.0400",""
"gon-freecss","Gon Freecss","cmd:2+4","135","adjacent-1.43","1.4269","1.4269","1.1148","default","0.9400","1.0400",""
"sakura-haruno","Sakura Haruno","cmd:d+3+4","110","adjacent-1.42","1.4221","1.4221","1.1274","default","0.9500","1.0800",""
"bobobo-bo-bo-bobo","Bobobo-bo Bo-bobo","getupStand","34","adjacent-1.42;median-1.42","0.7036","1.4213","1.4213","frame","0.4743","0.6018","tiny-frame-vs-animation"
"bobobo-bo-bo-bobo","Bobobo-bo Bo-bobo","getupStand","49","adjacent-1.42;default-next-to-frame-scale","1.0000","1.4213","1.0000","default","0.9300","1.1800",""
"piccolo","Piccolo","getupStand","33","adjacent-1.42","0.5700","1.4211","1.0351","frame","0.4047","0.6498",""
"heihachi-edajima","Heihachi Edajima","sprint","36","adjacent-1.42;default-next-to-frame-scale","1.8650","1.4189","1.2207","default","1.1300","1.2300","wide-body-vs-idle"
"heihachi-edajima","Heihachi Edajima","sprint","37","adjacent-1.42","1.3143","1.4189","1.1624","frame","0.7684","0.8364",""
"hiei","Hiei","jableft","85","adjacent-1.42","1.0000","1.4189","1.4189","default","0.8800","0.9700",""
"hiei","Hiei","jabright","85","adjacent-1.42","1.0000","1.4189","1.3504","default","0.8800","0.9700",""
"hiei","Hiei","cmd:1+4","85","adjacent-1.42","1.0000","1.4189","1.3504","default","0.8800","0.9700",""
"hiei","Hiei","jabright","84","adjacent-1.42","1.4189","1.4189","1.0507","default","0.8800","0.9700",""
"hiei","Hiei","cmd:1+4","84","adjacent-1.42","1.4189","1.4189","1.0507","default","0.8800","0.9700",""
"hiei","Hiei","jableft","84","adjacent-1.42","1.4189","1.4189","1.0000","default","0.8800","0.9700",""
"fuusuke","Fuusuke","cmd:3+4","103","adjacent-1.42","1.0000","1.4185","1.1964","default","0.8200","0.7300",""
"fuusuke","Fuusuke","cmd:3+4","104","adjacent-1.42","1.4185","1.4185","1.1857","default","0.8200","0.7300",""
"sakura-haruno","Sakura Haruno","cmd:d+3+4","108","adjacent-1.42","1.0000","1.4174","1.2614","default","0.9500","1.0800",""
"sakura-haruno","Sakura Haruno","cmd:d+3+4","109","adjacent-1.42","1.4174","1.4174","1.1237","default","0.9500","1.0800",""
"arale-norimaki","Arale Norimaki","juggle","29","adjacent-1.42","1.0000","1.4162","1.4162","default","0.8500","0.7500",""
"arale-norimaki","Arale Norimaki","juggle","30","adjacent-1.42","1.4162","1.4162","1.0000","default","0.8500","0.7500",""
"pegasus-seiya","Pegasus Seiya","sprint","30","adjacent-1.42","1.0754","1.4157","1.4157","frame","0.5292","0.5292","tiny-height-vs-idle|tiny-frame-vs-animation"
"pegasus-seiya","Pegasus Seiya","sprint","31","adjacent-1.42;default-next-to-frame-scale","1.5224","1.4157","1.0000","default","1.0800","1.0800",""
"gotenks-super-saiyan","Gotenks (Super Saiyan)","sprint","32","adjacent-1.42;median-1.61;default-next-to-frame-scale","2.0836","1.4155","1.6086","default","1.0800","1.0800","wide-body-vs-idle"
"gotenks-super-saiyan","Gotenks (Super Saiyan)","sprint","31","adjacent-1.42","1.4720","1.4155","1.1364","frame","0.6696","0.6696","wide-body-vs-idle"
"gon-freecss","Gon Freecss","sprint","37","adjacent-1.41;default-next-to-frame-scale","1.6287","1.4147","1.3114","default","0.9400","1.0400","wide-body-vs-idle"
"gon-freecss","Gon Freecss","sprint","36","adjacent-1.41","1.1513","1.4147","1.0787","frame","0.5452","0.6032","tiny-height-vs-idle"
"lenalee-lee","Lenalee Lee","sprint","32","adjacent-1.41;default-next-to-frame-scale","1.3023","1.4141","1.2440","default","0.9800","1.0700",""
"lenalee-lee","Lenalee Lee","sprint","31","adjacent-1.41","0.9210","1.4141","1.1367","frame","0.4998","0.5457","tiny-height-vs-idle|tiny-frame-vs-animation"
"monkey-d-luffy","Monkey D. Luffy","cmd:2+3","149","adjacent-1.41","1.4127","1.4127","1.2074","default","0.8500","1.0800",""
"monkey-d-luffy","Monkey D. Luffy","cmd:2+3","150","adjacent-1.41","1.0000","1.4127","1.1700","default","0.8500","1.0800",""
"riven","Sasuke","cmd:FC+3+4","120","adjacent-1.41","1.0000","1.4117","1.4298","default","1.0800","1.0800",""
"riven","Sasuke","cmd:FC+3+4","22","adjacent-1.41","1.4117","1.4117","1.0128","default","1.0800","1.0800",""
"toshiro-hitsugaya","Tōshirō Hitsugaya","sprint","32","adjacent-1.41;default-next-to-frame-scale","1.3364","1.4115","1.3364","default","0.8600","1.0800",""
"toshiro-hitsugaya","Tōshirō Hitsugaya","sprint","33","adjacent-1.41","0.9468","1.4115","1.0562","frame","0.5848","0.7344",""
"goku-super-saiyan","Goku (Super Saiyan)","getupStand","32","adjacent-1.41;median-1.41","0.7085","1.4114","1.4114","frame","0.5100","0.6426","tiny-frame-vs-animation"
"goku-super-saiyan","Goku (Super Saiyan)","getupStand","47","adjacent-1.41;default-next-to-frame-scale","1.0000","1.4114","1.0000","default","1.0000","1.2600",""
"goku","Goku","sprint","32","adjacent-1.41;default-next-to-frame-scale","1.3969","1.4110","1.3969","default","1.0800","1.0800",""
"goku","Goku","sprint","33","adjacent-1.41","0.9900","1.4110","1.0101","frame","0.7344","0.7344",""
"kagura","Kagura","jableft","108","adjacent-1.41","1.0000","1.4110","1.2019","default","1.0500","1.1700",""
"kagura","Kagura","cmd:1+2","108","adjacent-1.41","1.0000","1.4110","1.2019","default","1.0500","1.1700",""
"kagura","Kagura","jableft","107","adjacent-1.41","1.4110","1.4110","1.1740","default","1.0500","1.1700",""
"kagura","Kagura","cmd:1+2","107","adjacent-1.41","1.4110","1.4110","1.1740","default","1.0500","1.1700",""
"killua-zoldyck","Killua Zoldyck","cmd:1+3","94","adjacent-1.41","1.0000","1.4104","1.2657","default","0.9800","1.0800",""
"killua-zoldyck","Killua Zoldyck","cmd:1+3","96","adjacent-1.41","1.0000","1.4104","1.2657","default","0.9800","1.0800",""
"killua-zoldyck","Killua Zoldyck","cmd:1+3","95","adjacent-1.41","1.4104","1.4104","1.1143","default","0.9800","1.0800",""
"gohan-super-saiyan-2","Gohan (Super Saiyan 2)","sprint","31","adjacent-1.41;default-next-to-frame-scale","1.8331","1.4102","1.4102","default","1.0800","1.0800","wide-body-vs-idle"
"gohan-super-saiyan-2","Gohan (Super Saiyan 2)","sprint","30","adjacent-1.41","1.2999","1.4102","1.0000","frame","0.5616","0.5616","tiny-height-vs-idle|wide-body-vs-idle|tiny-frame-vs-animation"
"bobobo-bo-bo-bobo","Bobobo-bo Bo-bobo","sprint","32","adjacent-1.41;default-next-to-frame-scale","1.5951","1.4097","1.4097","default","0.9300","1.1800",""
"bobobo-bo-bo-bobo","Bobobo-bo Bo-bobo","sprint","33","adjacent-1.41","1.1315","1.4097","1.0000","frame","0.6324","0.8024",""
"goku-super-saiyan","Goku (Super Saiyan)","getupStand","30","adjacent-1.41;median-1.41","0.7099","1.4086","1.4086","frame","0.4400","0.5544","tiny-frame-vs-animation"
"monkey-d-luffy","Monkey D. Luffy","getupStand","33","adjacent-1.41;median-1.41","0.7099","1.4086","1.4086","frame","0.3910","0.4968",""
"goku-super-saiyan","Goku (Super Saiyan)","knockdown","29","adjacent-1.41;median-1.38;default-next-to-frame-scale","1.0000","1.4086","1.3841","default","1.0000","1.2600","huge-frame-vs-animation"
"goku-super-saiyan","Goku (Super Saiyan)","knockdown","30","adjacent-1.41","0.7099","1.4086","1.0177","frame","0.4400","0.5544",""
"goku-super-saiyan","Goku (Super Saiyan)","getupStand","29","adjacent-1.41;default-next-to-frame-scale","1.0000","1.4086","1.0000","default","1.0000","1.2600",""
"monkey-d-luffy","Monkey D. Luffy","getupStand","51","adjacent-1.41;default-next-to-frame-scale","1.0000","1.4086","1.0000","default","0.8500","1.0800",""
"nami","Nami","getupStand","32","adjacent-1.41;median-1.41","0.7102","1.4081","1.4081","frame","0.3182","0.3996","tiny-frame-vs-animation"
"nami","Nami","getupStand","51","adjacent-1.41;default-next-to-frame-scale","1.0000","1.4081","1.0000","default","0.8600","1.0800",""
"gohan-super-saiyan","Gohan (Super Saiyan)","sprint","30","adjacent-1.41;default-next-to-frame-scale","1.5034","1.4062","1.5034","default","0.9100","0.8800",""
"gohan-super-saiyan","Gohan (Super Saiyan)","sprint","31","adjacent-1.41","1.0691","1.4062","1.0691","frame","0.6188","0.5984",""
"gotenks","Gotenks","sprint","32","adjacent-1.41;default-next-to-frame-scale","1.3318","1.4059","1.3318","default","1.0800","1.0800",""
"gotenks","Gotenks","sprint","31","adjacent-1.41","0.9473","1.4059","1.0556","frame","0.6804","0.6804",""
"yoh-asakura","Yoh Asakura","sprint","33","adjacent-1.40;default-next-to-frame-scale","1.4307","1.4048","1.4307","default","0.8000","0.9300",""
"yoh-asakura","Yoh Asakura","sprint","34","adjacent-1.40","1.0184","1.4048","1.0184","frame","0.5440","0.6324",""
"heihachi-edajima","Heihachi Edajima","cmd:1+4","101","adjacent-1.40","1.0000","1.4046","1.3548","default","1.1300","1.2300",""
"heihachi-edajima","Heihachi Edajima","cmd:1+4","102","adjacent-1.40","1.4046","1.4046","1.0368","default","1.1300","1.2300",""
"kinnikuman","Kinnikuman","cmd:2+3","140","adjacent-1.40","1.0000","1.4043","1.1865","default","1.0300","1.1800",""
"kinnikuman","Kinnikuman","cmd:2+3","141","adjacent-1.40","1.4043","1.4043","1.1836","default","1.0300","1.1800",""
"killua-zoldyck","Killua Zoldyck","sprint","37","adjacent-1.40","1.8881","1.4043","1.1945","default","0.9800","1.0800","wide-body-vs-idle"
"killua-zoldyck","Killua Zoldyck","sprint","36","adjacent-1.40","1.3445","1.4043","1.1756","default","0.9800","1.0800",""
"vegeta-super-saiyan","Vegeta (Super Saiyan)","kickleft","73","adjacent-1.40","1.1507","1.4041","1.3018","default","1.0900","1.0300",""
"vegeta-super-saiyan","Vegeta (Super Saiyan)","kickleft","72","adjacent-1.40","1.6157","1.4041","1.0786","default","1.0900","1.0300",""
"sanji-vinsmoke","Sanji Vinsmoke","cmd:1+2","165","adjacent-1.40","1.4036","1.4036","1.2066","default","1.0800","1.0800",""
"sanji-vinsmoke","Sanji Vinsmoke","cmd:3+4","262","adjacent-1.40","1.4036","1.4036","1.2066","default","1.0800","1.0800",""
"train-heartnet","Train Heartnet","jabright","85","adjacent-1.40","1.1669","1.4035","1.1861","default","1.0800","1.2000",""
"train-heartnet","Train Heartnet","jabright","84","adjacent-1.40","1.6378","1.4035","1.1833","default","1.0800","1.2000","wide-body-vs-idle"
"eve","Eve","sprint","33","adjacent-1.40","1.0000","1.4031","1.4031","default","0.8600","1.0400",""
"eve","Eve","sprint","34","adjacent-1.40","1.4031","1.4031","1.0000","default","0.8600","1.0400",""
"franky","Franky","cmd:1+4","100","adjacent-1.40","1.4019","1.4019","1.4019","default","0.7000","1.1300","possible-two-character-crop"
"franky","Franky","cmd:1+2","99","adjacent-1.40","1.0000","1.4019","1.3469","default","0.7000","1.1300",""
"franky","Franky","cmd:1+2","100","adjacent-1.40","1.4019","1.4019","1.0408","default","0.7000","1.1300","possible-two-character-crop"
"franky","Franky","cmd:1+4","99","adjacent-1.40","1.0000","1.4019","1.0000","default","0.7000","1.1300",""
"eve","Eve","sprint","38","adjacent-1.40;default-next-to-frame-scale","1.6417","1.4011","1.1701","default","0.8600","1.0400","wide-body-vs-idle"
"eve","Eve","jabright","90","adjacent-1.40","1.0000","1.4009","1.2198","default","0.8600","1.0400",""
"eve","Eve","jabright","89","adjacent-1.40","1.4009","1.4009","1.1485","default","0.8600","1.0400",""
"neuro-nogami","Neuro Nogami","cmd:f+1","188","adjacent-1.40","1.2645","1.4007","1.4007","default","0.9900","1.0800","possible-two-character-crop"
"neuro-nogami","Neuro Nogami","cmd:f+1","187","adjacent-1.40","0.9028","1.4007","1.0000","default","0.9900","1.0800",""
"kazuki-muto","Kazuki Muto","sprint","33","adjacent-1.40","0.7140","1.4005","1.4005","frame","0.4536","0.4536","tiny-height-vs-idle|tiny-frame-vs-animation"
"kazuki-muto","Kazuki Muto","sprint","32","adjacent-1.40;default-next-to-frame-scale","1.0000","1.4005","1.0000","default","1.0800","1.0800",""
"kazuki-muto","Kazuki Muto","sprint","34","adjacent-1.40;default-next-to-frame-scale","1.0000","1.4005","1.0000","default","1.0800","1.0800",""
"monkey-d-luffy-2nd-gear","Monkey D. Luffy (2nd Gear)","sprint","34","adjacent-1.40","1.3896","1.3997","1.2757","frame","0.6804","0.7308","wide-body-vs-idle"
"monkey-d-luffy-2nd-gear","Monkey D. Luffy (2nd Gear)","sprint","33","adjacent-1.40;default-next-to-frame-scale","1.9450","1.3997","1.0972","default","1.0800","1.1600","wide-body-vs-idle"
"killua-zoldyck","Killua Zoldyck","cmd:1+2","75","adjacent-1.40","1.0000","1.3977","1.3706","default","0.9800","1.0800",""
"killua-zoldyck","Killua Zoldyck","cmd:1+2","74","adjacent-1.40","1.3977","1.3977","1.0198","default","0.9800","1.0800",""
"vegito","Vegito","kickright","100","adjacent-1.40","1.3972","1.3972","1.3972","default","1.1600","1.1000",""
"vegito","Vegito","cmd:3+4","100","adjacent-1.40","1.3972","1.3972","1.3972","default","1.1600","1.1000",""
"vegito","Vegito","kickright","99","adjacent-1.40","1.0000","1.3972","1.0000","default","1.1600","1.1000",""
"vegito","Vegito","cmd:3+4","99","adjacent-1.40","1.0000","1.3972","1.0000","default","1.1600","1.1000",""
"roronoa-zoro","Roronoa Zoro","jableft","76","adjacent-1.40","1.3960","1.3960","1.2327","default","0.9900","1.2000",""
"roronoa-zoro","Roronoa Zoro","jableft","77","adjacent-1.40","1.0000","1.3960","1.1325","default","0.9900","1.2000",""
"bobobo-bo-bo-bobo","Bobobo-bo Bo-bobo","cmd:1+2","132","adjacent-1.40;default-next-to-frame-scale","1.6003","1.3956","1.3603","default","0.9300","1.1800",""
"bobobo-bo-bo-bobo","Bobobo-bo Bo-bobo","cmd:1+2","133","adjacent-1.40","1.1467","1.3956","1.0260","default","0.9300","1.1800",""
"ryotsu-kankichi","Ryotsu Kankichi","cmd:3+4","122","adjacent-1.40","1.0000","1.3953","1.2164","default","0.8200","1.0800",""
"ryotsu-kankichi","Ryotsu Kankichi","cmd:3+4","123","adjacent-1.40","1.3953","1.3953","1.1471","default","0.8200","1.0800",""
"yoh-asakura","Yoh Asakura","sprint","32","adjacent-1.39","1.0258","1.3947","1.0258","frame","0.5200","0.6045",""
"frieza","Frieza","sprint","34","adjacent-1.39","1.1952","1.3931","1.3931","default","0.9600","1.0800",""
"frieza","Frieza","sprint","37","adjacent-1.39","1.1952","1.3931","1.3931","default","0.9600","1.0800",""
"frieza","Frieza","sprint","35","adjacent-1.39","1.6651","1.3931","1.0000","default","0.9600","1.0800","wide-body-vs-idle"
"frieza","Frieza","sprint","36","adjacent-1.39","1.6651","1.3931","1.0000","default","0.9600","1.0800","wide-body-vs-idle"
"nami-perfect-clima-tact","Nami (Perfect Clima-Tact)","sprint","31","adjacent-1.39;default-next-to-frame-scale","1.8576","1.3925","1.3925","default","1.0800","1.0800","wide-body-vs-idle"
"nami-perfect-clima-tact","Nami (Perfect Clima-Tact)","sprint","32","adjacent-1.39","1.3340","1.3925","1.0000","frame","0.6588","0.6588","wide-body-vs-idle"
"pegasus-seiya","Pegasus Seiya","sprint","33","adjacent-1.39","1.2287","1.3915","1.2391","frame","0.7344","0.7344",""
"monkey-d-luffy-2nd-gear","Monkey D. Luffy (2nd Gear)","sprint","36","adjacent-1.39","1.3463","1.3911","1.3167","default","1.0800","1.1600",""
"monkey-d-luffy-2nd-gear","Monkey D. Luffy (2nd Gear)","sprint","37","adjacent-1.39","1.8729","1.3911","1.0565","default","1.0800","1.1600","wide-body-vs-idle"
"franky","Franky","jableft","109","adjacent-1.39","1.3895","1.3895","1.3895","default","0.7000","1.1300",""
"franky","Franky","jableft","110","adjacent-1.39","1.0000","1.3895","1.0000","default","0.7000","1.1300",""
"dr-mashirito","Dr. Mashirito","cmd:1+2","159","adjacent-1.39","1.0000","1.3895","1.2159","default","0.9500","1.0800",""
"dr-mashirito","Dr. Mashirito","cmd:1+2","148","adjacent-1.39","1.3895","1.3895","1.1428","default","0.9500","1.0800",""
"goku","Goku","getupStand","50","adjacent-1.39","0.7200","1.3889","1.2476","frame","0.7776","0.7776",""
"goku","Goku","getupStand","51","adjacent-1.39;default-next-to-frame-scale","1.0000","1.3889","1.1132","default","1.0800","1.0800",""
"vegeta-super-saiyan","Vegeta (Super Saiyan)","sprint","31","adjacent-1.39;default-next-to-frame-scale","2.0259","1.3886","1.4782","default","1.0900","1.0300","wide-body-vs-idle"
"kenshin-himura","Kenshin Himura","cmd:3+4","122","adjacent-1.39","1.3882","1.3882","1.1856","default","1.0400","1.1800",""
"kenshin-himura","Kenshin Himura","cmd:3+4","121","adjacent-1.39","1.0000","1.3882","1.1709","default","1.0400","1.1800",""
"rukia-kuchiki","Rukia Kuchiki","getupStand","34","adjacent-1.39;median-1.39","0.7209","1.3872","1.3872","frame","0.3268","0.4104","tiny-frame-vs-animation"
"rukia-kuchiki","Rukia Kuchiki","getupStand","52","adjacent-1.39;default-next-to-frame-scale","1.0000","1.3872","1.0000","default","0.8600","1.0800",""
"sanji-vinsmoke","Sanji Vinsmoke","kickleft","94","adjacent-1.39","1.3869","1.3869","1.3869","default","1.0800","1.0800",""
"sanji-vinsmoke","Sanji Vinsmoke","kickleft","93","adjacent-1.39","1.0000","1.3869","1.0000","default","1.0800","1.0800",""
"sanji-vinsmoke","Sanji Vinsmoke","kickleft","95","adjacent-1.39","1.0000","1.3869","1.0000","default","1.0800","1.0800",""
"dio","DIO","cmd:1+2","167","adjacent-1.39","1.8293","1.3861","1.3138","default","1.0800","1.1800",""
"dio","DIO","cmd:1+2","166","adjacent-1.39","1.3197","1.3861","1.0551","default","1.0800","1.1800",""
"kiro","Naruto","kickleft","88","adjacent-1.38","1.3837","1.3837","1.3837","default","0.9300","1.0800",""
"kiro","Naruto","kickleft","89","adjacent-1.38","1.0000","1.3837","1.0000","default","0.9300","1.0800",""
"kenshin-himura","Kenshin Himura","cmd:3+4","112","adjacent-1.38","1.3832","1.3832","1.1813","default","1.0400","1.1800",""
"kenshin-himura","Kenshin Himura","cmd:3+4","111","adjacent-1.38","1.0000","1.3832","1.1709","default","1.0400","1.1800",""
"gintoki-sakata","Gintoki Sakata","sprint","30","adjacent-1.38;default-next-to-frame-scale","2.0520","1.3830","1.3830","default","0.9200","1.0800","wide-body-vs-idle"
"gintoki-sakata","Gintoki Sakata","sprint","31","adjacent-1.38","1.4837","1.3830","1.0000","frame","0.6072","0.7128","wide-body-vs-idle"
"jaguar-junichi","Jaguar Junichi","sprint","33","adjacent-1.38","1.4225","1.3830","1.0051","frame","0.7344","0.8704","wide-body-vs-idle"
"riven","Sasuke","cmd:FC+3+4","148","adjacent-1.38","1.3822","1.3822","1.0345","default","1.0800","1.0800",""
"arale-norimaki","Arale Norimaki","sprint","39","adjacent-1.38","1.3815","1.3815","1.0251","default","0.8500","0.7500",""
"kinnikuman","Kinnikuman","sprint","37","adjacent-1.38","1.0760","1.3813","1.3813","frame","0.7004","0.8024",""
"kinnikuman","Kinnikuman","sprint","36","adjacent-1.38;default-next-to-frame-scale","1.4863","1.3813","1.0000","default","1.0300","1.1800",""
"kinnikuman","Kinnikuman","sprint","39","adjacent-1.38","1.0000","1.3813","1.4863","default","1.0300","1.1800",""
"kinnikuman","Kinnikuman","sprint","38","adjacent-1.38;default-next-to-frame-scale","1.3813","1.3813","1.0760","default","1.0300","1.1800",""
"arale-norimaki","Arale Norimaki","sprint","32","adjacent-1.38","1.1597","1.3804","1.2211","default","0.8500","0.7500",""
"arale-norimaki","Arale Norimaki","sprint","31","adjacent-1.38","1.6009","1.3804","1.1305","default","0.8500","0.7500",""
"nami","Nami","knockdown","29","adjacent-1.38;median-1.38;default-next-to-frame-scale","1.0000","1.3793","1.3793","default","0.8600","1.0800","huge-frame-vs-animation"
"nami","Nami","getupStand","30","adjacent-1.38;median-1.38","0.7250","1.3793","1.3793","frame","0.3354","0.4212","tiny-frame-vs-animation"
"nami","Nami","knockdown","30","adjacent-1.38","0.7250","1.3793","1.0000","frame","0.3354","0.4212",""
"nami","Nami","getupStand","29","adjacent-1.38;default-next-to-frame-scale","1.0000","1.3793","1.0000","default","0.8600","1.0800",""
"pegasus-seiya","Pegasus Seiya","sprint","32","default-next-to-frame-scale","1.6938","1.3786","1.1126","default","1.0800","1.0800","wide-body-vs-idle"
"gon-freecss","Gon Freecss","jabright","112","default-next-to-frame-scale","1.5835","1.3761","1.2854","default","0.9400","1.0400",""
"ryotsu-kankichi","Ryotsu Kankichi","sprint","30","default-next-to-frame-scale","1.7090","1.3755","1.3685","default","0.8200","1.0800","wide-body-vs-idle"
"gintoki-sakata","Gintoki Sakata","sprint","32","default-next-to-frame-scale","2.0186","1.3723","1.3605","default","0.9200","1.0800","wide-body-vs-idle"
"killua-zoldyck","Killua Zoldyck","sprint","33","default-next-to-frame-scale","2.0602","1.3716","1.3034","default","0.9800","1.0800","wide-body-vs-idle"
"vegito","Vegito","sprint","38","default-next-to-frame-scale","1.3715","1.3715","1.0136","default","1.1600","1.1000",""
"vegeta-super-saiyan","Vegeta (Super Saiyan)","sprint","38","default-next-to-frame-scale","1.3705","1.3705","1.0000","default","1.0900","1.0300",""
"yoh-asakura-power-sword","Yoh Asakura (Power Sword)","cmd:1+3","93","default-next-to-frame-scale","1.0000","1.3684","1.0000","default","0.9800","1.0200",""
"yoh-asakura-power-sword","Yoh Asakura (Power Sword)","cmd:1+3","95","default-next-to-frame-scale","1.0000","1.3684","1.0000","default","0.9800","1.0200",""
"monkey-d-luffy-2nd-gear","Monkey D. Luffy (2nd Gear)","cmd:3+4","102","median-1.67","2.1206","1.3672","1.6662","frame","1.0800","1.1600","possible-two-character-crop"
"monkey-d-luffy-2nd-gear","Monkey D. Luffy (2nd Gear)","cmd:3+4","103","default-next-to-frame-scale","1.5510","1.3672","1.2187","default","1.0800","1.1600",""
"yoh-asakura","Yoh Asakura","sprint","31","default-next-to-frame-scale","1.3619","1.3619","1.3619","default","0.8000","0.9300",""
"naruto-uzumaki-nine-tails-kyubi","Naruto Uzumaki (Nine-Tails_Kyubi)","sprint","32","default-next-to-frame-scale","1.0000","1.3610","1.1806","default","0.9200","1.3800",""
"nami","Nami","sprint","31","default-next-to-frame-scale","1.3804","1.3585","1.3585","default","0.8600","1.0800",""
"yusuke-urameshi","Yusuke Urameshi","knockdown","30","adjacent-1.36;median-1.36","0.7367","1.3574","1.3574","frame","0.3895","0.4715","tiny-frame-vs-animation"
"yusuke-urameshi","Yusuke Urameshi","getupStand","30","adjacent-1.36;median-1.36","0.7367","1.3574","1.3574","frame","0.3895","0.4715","tiny-frame-vs-animation"
"yusuke-urameshi","Yusuke Urameshi","knockdown","29","adjacent-1.36;default-next-to-frame-scale","1.0000","1.3574","1.0000","default","0.9500","1.1500",""
"yusuke-urameshi","Yusuke Urameshi","getupStand","29","adjacent-1.36;default-next-to-frame-scale","1.0000","1.3574","1.0000","default","0.9500","1.1500",""
"vegeta","Vegeta","sprint","31","default-next-to-frame-scale","1.5025","1.3516","1.5025","default","1.0800","1.0800",""
"yoh-asakura-power-sword","Yoh Asakura (Power Sword)","jabright","142","default-next-to-frame-scale","1.0000","1.3512","1.2357","default","0.9800","1.0200",""
"yusuke-urameshi","Yusuke Urameshi","getupStand","31","adjacent-1.34","0.7436","1.3448","1.3448","frame","0.5700","0.6900",""
"yusuke-urameshi","Yusuke Urameshi","getupStand","50","adjacent-1.34;default-next-to-frame-scale","1.0000","1.3448","1.0000","default","0.9500","1.1500",""
"heihachi-edajima","Heihachi Edajima","sprint","38","default-next-to-frame-scale","1.7131","1.3438","1.1213","default","1.1300","1.2300","wide-body-vs-idle"
"eve","Eve","getupStand","39","adjacent-1.34","0.7458","1.3408","1.3408","frame","0.3956","0.4784",""
"eve","Eve","getupStand","54","adjacent-1.34;default-next-to-frame-scale","1.0000","1.3408","1.0000","default","0.8600","1.0400",""
"eve","Eve","sprint","30","default-next-to-frame-scale","1.3635","1.3406","1.0290","default","0.8600","1.0400",""
"roronoa-zoro","Roronoa Zoro","getupStand","33","adjacent-1.34","0.7460","1.3405","1.3405","frame","0.4653","0.5640",""
"roronoa-zoro","Roronoa Zoro","getupStand","51","adjacent-1.34;default-next-to-frame-scale","1.0000","1.3405","1.0000","default","0.9900","1.2000",""
"goku","Goku","sprint","34","default-next-to-frame-scale","1.3259","1.3393","1.3259","default","1.0800","1.0800",""
"don-patch-poppa-rocks","Don Patch _ Poppa Rocks","kickright","193","default-next-to-frame-scale","1.0000","1.3365","1.0000","default","0.6600","0.7900",""
"don-patch-poppa-rocks","Don Patch _ Poppa Rocks","kickright","197","default-next-to-frame-scale","1.0000","1.3365","1.0000","default","0.6600","0.7900",""
"toshiro-hitsugaya","Tōshirō Hitsugaya","sprint","31","default-next-to-frame-scale","1.0000","1.3364","1.0000","default","0.8600","1.0800",""
"sanji-vinsmoke","Sanji Vinsmoke","sprint","39","default-next-to-frame-scale","1.1941","1.3351","1.5000","default","1.0800","1.0800",""
"kinnikuman","Kinnikuman","cmd:1+2","104","default-next-to-frame-scale","1.2853","1.3328","1.0000","default","1.0300","1.1800",""
"dr-mashirito","Dr. Mashirito","sprint","31","default-next-to-frame-scale","1.6288","1.3327","1.3327","default","0.9500","1.0800","wide-body-vs-idle"
"kenshiro","Kenshiro","knockdown","39","adjacent-1.33","0.7512","1.3312","1.3312","frame","0.4251","0.5070","tiny-frame-vs-animation"
"kenshiro","Kenshiro","getupStand","39","adjacent-1.33","0.7512","1.3312","1.3312","frame","0.4251","0.5070","tiny-frame-vs-animation"
"kenshiro","Kenshiro","knockdown","40","adjacent-1.33;default-next-to-frame-scale","1.0000","1.3312","1.0000","default","1.0900","1.3000",""
"kenshiro","Kenshiro","getupStand","40","adjacent-1.33;default-next-to-frame-scale","1.0000","1.3312","1.0000","default","1.0900","1.3000",""
"lenalee-lee","Lenalee Lee","sprint","34","default-next-to-frame-scale","1.3451","1.3294","1.2848","default","0.9800","1.0700",""
"jaguar-junichi","Jaguar Junichi","getupStand","52","adjacent-1.33;default-next-to-frame-scale","1.0000","1.3268","1.3092","default","1.0800","1.2800","huge-frame-vs-animation"
"jaguar-junichi","Jaguar Junichi","getupStand","34","adjacent-1.33","0.7537","1.3268","1.0134","frame","0.5076","0.6016",""
"kagura","Kagura","sprint","31","default-next-to-frame-scale","1.2862","1.3261","1.0053","default","1.0500","1.1700",""
"jotaro-kujo","Jotaro Kujo","sprint","34","default-next-to-frame-scale","1.6532","1.3188","1.1482","default","0.9200","1.2100","wide-body-vs-idle"
"gon-freecss","Gon Freecss","jabright","110","default-next-to-frame-scale","1.3672","1.3184","1.1098","default","0.9400","1.0400",""
"majin-buu","Majin Buu","cmd:1+2","107","default-next-to-frame-scale","1.5538","1.3181","1.3181","default","0.9600","0.9600",""
"goku-super-saiyan","Goku (Super Saiyan)","sprint","38","default-next-to-frame-scale","1.3159","1.3159","1.0218","default","1.0000","1.2600",""
"majin-buu","Majin Buu","cmd:1+2","108","median-1.62","1.9151","1.3154","1.6246","frame","0.9600","0.9600",""
"kenshiro","Kenshiro","sprint","36","default-next-to-frame-scale","1.4469","1.3147","1.1633","default","1.0900","1.3000",""
"riven","Sasuke","cmd:2+4","186","default-next-to-frame-scale","1.0000","1.3122","1.0847","default","1.0800","1.0800",""
"kenshiro","Kenshiro","sprint","34","default-next-to-frame-scale","1.4436","1.3117","1.1606","default","1.0900","1.3000",""
"nico-robin","Nico Robin","cmd:1+3","101","median-1.98","1.0000","1.3106","1.9833","default","0.9500","1.0800",""
"gintoki-sakata","Gintoki Sakata","getupStand","33","adjacent-1.31","0.7635","1.3098","1.3098","frame","0.3772","0.4428",""
"gintoki-sakata","Gintoki Sakata","getupStand","52","adjacent-1.31;default-next-to-frame-scale","1.0000","1.3098","1.0000","default","0.9200","1.0800",""
"jotaro-kujo","Jotaro Kujo","sprint","31","default-next-to-frame-scale","1.3941","1.3059","1.0328","default","0.9200","1.2100",""
"kiro","Naruto","cmd:2+3","180","default-next-to-frame-scale","1.0000","1.2998","1.1729","default","0.9300","1.0800",""
"fuusuke","Fuusuke","sprint","31","default-next-to-frame-scale","1.5716","1.2993","1.0000","default","0.8200","0.7300",""
"train-heartnet","Train Heartnet","sprint","36","default-next-to-frame-scale","2.0403","1.2972","1.0000","default","1.0800","1.2000","wide-body-vs-idle"
"ryotsu-kankichi","Ryotsu Kankichi","cmd:1+2","87","default-next-to-frame-scale","1.7743","1.2885","1.0000","default","0.8200","1.0800",""
"sanji-vinsmoke","Sanji Vinsmoke","sprint","37","default-next-to-frame-scale","2.0526","1.2875","1.1460","default","1.0800","1.0800","wide-body-vs-idle"
"franky","Franky","sprint","30","default-next-to-frame-scale","1.4089","1.2846","1.2846","default","0.7000","1.1300",""
"yoh-asakura","Yoh Asakura","getupStand","53","adjacent-1.28;default-next-to-frame-scale","1.0000","1.2845","1.2786","default","0.8000","0.9300","huge-frame-vs-animation"
"yoh-asakura","Yoh Asakura","getupStand","34","adjacent-1.28","0.7785","1.2845","1.0046","frame","0.3360","0.3906",""
"roronoa-zoro","Roronoa Zoro","sprint","32","default-next-to-frame-scale","1.3811","1.2792","1.0420","default","0.9900","1.2000",""
"kazuki-muto","Kazuki Muto","cmd:1+4","275","default-next-to-frame-scale","1.0000","1.2775","1.0000","default","1.0800","1.0800",""
"kinnikuman","Kinnikuman","getupStand","52","default-next-to-frame-scale","1.0000","1.2758","1.2594","default","1.0300","1.1800","huge-frame-vs-animation"
"kurama","Kurama","sprint","30","default-next-to-frame-scale","1.5004","1.2751","1.0766","default","1.0800","1.0800",""
"ryotsu-kankichi","Ryotsu Kankichi","getupStand","50","default-next-to-frame-scale","1.0000","1.2739","1.0000","default","0.8200","1.0800",""
"yoh-asakura-power-sword","Yoh Asakura (Power Sword)","cmd:1+2","86","default-next-to-frame-scale","1.0000","1.2731","1.0000","default","0.9800","1.0200",""
"naruto-uzumaki-nine-tails-kyubi","Naruto Uzumaki (Nine-Tails_Kyubi)","kickleft","88","default-next-to-frame-scale","1.0000","1.2688","1.0000","default","0.9200","1.3800",""
"yugi-mutou","Yugi Mutou","sprint","39","default-next-to-frame-scale","1.1357","1.2674","1.2228","default","1.0200","1.0800",""
"dr-mashirito","Dr. Mashirito","getupStand","29","default-next-to-frame-scale","1.0000","1.2669","1.0000","default","0.9500","1.0800",""
"sakura-haruno","Sakura Haruno","getupStand","53","default-next-to-frame-scale","1.0000","1.2621","1.0000","default","0.9500","1.0800",""
"gon-freecss","Gon Freecss","sprint","31","default-next-to-frame-scale","1.3632","1.2606","1.0977","default","0.9400","1.0400",""
"kazuki-muto","Kazuki Muto","cmd:1+4","278","default-next-to-frame-scale","1.0000","1.2605","1.0000","default","1.0800","1.0800",""
"allen-walker","Allen Walker","cmd:1+2","101","median-1.64","1.6412","1.2602","1.6412","default","0.8100","1.1100",""
"kenshin-himura","Kenshin Himura","getupStand","52","default-next-to-frame-scale","1.0000","1.2601","1.2436","default","1.0400","1.1800","huge-frame-vs-animation"
"roronoa-zoro","Roronoa Zoro","sprint","30","default-next-to-frame-scale","1.3593","1.2590","1.0256","default","0.9900","1.2000",""
"frieza","Frieza","getupStand","41","default-next-to-frame-scale","1.0000","1.2585","1.0000","default","0.9600","1.0800",""
"dr-mashirito","Dr. Mashirito","getupStand","49","default-next-to-frame-scale","1.0000","1.2547","1.0000","default","0.9500","1.0800",""
"raoh","Raoh","getupStand","42","default-next-to-frame-scale","1.0000","1.2489","1.0000","default","1.0200","1.1500",""
"train-heartnet","Train Heartnet","getupStand","52","default-next-to-frame-scale","1.0000","1.2453","1.0000","default","1.0800","1.2000",""
"kagura","Kagura","getupStand","53","default-next-to-frame-scale","1.0000","1.2447","1.0000","default","1.0500","1.1700",""
"gohan-super-saiyan-2","Gohan (Super Saiyan 2)","sprint","33","default-next-to-frame-scale","1.1873","1.2439","1.0948","default","1.0800","1.0800",""
"rukia-kuchiki","Rukia Kuchiki","sprint","35","default-next-to-frame-scale","1.0000","1.2430","1.1918","default","0.8600","1.0800",""
"frieza","Frieza","knockdown","29","default-next-to-frame-scale","1.0000","1.2430","1.2430","default","0.9600","1.0800","huge-frame-vs-animation"
"frieza","Frieza","getupStand","29","default-next-to-frame-scale","1.0000","1.2430","1.0000","default","0.9600","1.0800",""
"franky","Franky","sprint","32","default-next-to-frame-scale","1.3137","1.2384","1.1978","default","0.7000","1.1300",""
"hiei","Hiei","getupStand","52","default-next-to-frame-scale","1.0000","1.2340","1.0000","default","0.8800","0.9700",""
"heihachi-edajima","Heihachi Edajima","jableft","83","median-1.61","1.0000","1.2335","1.6098","default","1.1300","1.2300",""
"nico-robin","Nico Robin","sprint","34","default-next-to-frame-scale","1.9092","1.2323","1.2734","default","0.9500","1.0800","wide-body-vs-idle"
"kazuki-muto","Kazuki Muto","sprint","37","default-next-to-frame-scale","1.0000","1.2319","1.0000","default","1.0800","1.0800",""
"killua-zoldyck","Killua Zoldyck","getupStand","53","default-next-to-frame-scale","1.0000","1.2219","1.2117","default","0.9800","1.0800","huge-frame-vs-animation"
"ryotsu-kankichi","Ryotsu Kankichi","sprint","32","default-next-to-frame-scale","1.5167","1.2207","1.2144","default","0.8200","1.0800",""
"lenalee-lee","Lenalee Lee","getupStand","54","default-next-to-frame-scale","1.0000","1.2203","1.0000","default","0.9800","1.0700",""
"kenshiro","Kenshiro","sprint","37","default-next-to-frame-scale","1.4469","1.2181","1.1633","default","1.0900","1.3000",""
"yoh-asakura-power-sword","Yoh Asakura (Power Sword)","sprint","31","default-next-to-frame-scale","1.0000","1.2168","1.0000","default","0.9800","1.0200",""
"yoh-asakura-power-sword","Yoh Asakura (Power Sword)","sprint","33","default-next-to-frame-scale","1.0000","1.2168","1.0000","default","0.9800","1.0200",""
"heihachi-edajima","Heihachi Edajima","getupStand","53","default-next-to-frame-scale","1.0000","1.2149","1.0000","default","1.1300","1.2300",""
"dio","DIO","knockdown","29","default-next-to-frame-scale","1.0000","1.2137","1.2073","default","1.0800","1.1800","huge-frame-vs-animation"
"dio","DIO","getupStand","29","default-next-to-frame-scale","1.0000","1.2137","1.0000","default","1.0800","1.1800",""
"gon-freecss","Gon Freecss","getupStand","52","default-next-to-frame-scale","1.0000","1.2115","1.0000","default","0.9400","1.0400",""
"dio","DIO","getupStand","50","default-next-to-frame-scale","1.0000","1.2073","1.0000","default","1.0800","1.1800",""
"neuro-nogami","Neuro Nogami","getupStand","54","default-next-to-frame-scale","1.0000","1.2071","1.0000","default","0.9900","1.0800",""
"ichigo-kurosaki","Ichigo Kurosaki","sprint","36","default-next-to-frame-scale","1.0000","1.2056","1.0000","default","1.0000","1.2900",""
"naruto-uzumaki-nine-tails-kyubi","Naruto Uzumaki (Nine-Tails_Kyubi)","sprint","38","default-next-to-frame-scale","1.0000","1.2043","1.1806","default","0.9200","1.3800",""
"monkey-d-luffy-2nd-gear","Monkey D. Luffy (2nd Gear)","getupStand","52","default-next-to-frame-scale","1.0000","1.2042","1.0000","default","1.0800","1.1600",""
"sakura-haruno","Sakura Haruno","sprint","34","default-next-to-frame-scale","1.0000","1.2016","1.2676","default","0.9500","1.0800",""
"taikoubou","Taikoubou","sprint","30","default-next-to-frame-scale","1.2334","1.1999","1.0035","default","1.0800","1.0800",""
"anna-kyoyama","Anna Kyoyama","sprint","32","default-next-to-frame-scale","1.1610","1.1936","1.0253","default","0.7900","1.0800",""
"raoh","Raoh","sprint","31","default-next-to-frame-scale","1.3746","1.1909","1.0000","default","1.0200","1.1500",""
"arale-norimaki","Arale Norimaki","knockdown","38","default-next-to-frame-scale","1.0000","1.1819","1.0000","default","0.8500","0.7500",""
"arale-norimaki","Arale Norimaki","knockdown","40","default-next-to-frame-scale","1.0000","1.1819","1.0000","default","0.8500","0.7500",""
"yoh-asakura-power-sword","Yoh Asakura (Power Sword)","cmd:1+2","89","default-next-to-frame-scale","1.1814","1.1814","1.1814","default","0.9800","1.0200",""
"naruto-uzumaki-nine-tails-kyubi","Naruto Uzumaki (Nine-Tails_Kyubi)","sprint","30","default-next-to-frame-scale","1.0000","1.1806","1.1806","default","0.9200","1.3800",""
"naruto-uzumaki-nine-tails-kyubi","Naruto Uzumaki (Nine-Tails_Kyubi)","juggle","32","default-next-to-frame-scale","1.0000","1.1806","1.0000","default","0.9200","1.3800",""
"momotaro-tsurugi","Momotaro Tsurugi","sprint","38","default-next-to-frame-scale","1.1419","1.1778","1.1419","default","1.0800","1.0800",""
"yugi-mutou","Yugi Mutou","getupStand","53","default-next-to-frame-scale","1.0000","1.1761","1.0000","default","1.0200","1.0800",""
"kenshin-himura","Kenshin Himura","sprint","34","default-next-to-frame-scale","1.1709","1.1756","1.1107","default","1.0400","1.1800",""
"kiro","Naruto","cmd:1+4","120","default-next-to-frame-scale","1.1682","1.1742","1.0228","default","0.9300","1.0800",""
"kiro","Naruto","cmd:1+4","119","default-next-to-frame-scale","1.0000","1.1682","1.1421","default","0.9300","1.0800",""
"kagura","Kagura","sprint","33","default-next-to-frame-scale","1.3402","1.1674","1.0365","default","1.0500","1.1700",""
"riven","Sasuke","jabright","90","default-next-to-frame-scale","1.3822","1.1663","1.1663","default","1.0800","1.0800",""
"toshiro-hitsugaya","Tōshirō Hitsugaya","cmd:1+3","218","default-next-to-frame-scale","1.2952","1.1606","1.2952","default","0.8600","1.0800",""
"jaguar-junichi","Jaguar Junichi","sprint","30","default-next-to-frame-scale","1.2551","1.1606","1.1393","default","1.0800","1.2800",""
"anna-kyoyama","Anna Kyoyama","jabright","86","default-next-to-frame-scale","1.4339","1.1601","1.1601","default","0.7900","1.0800",""
"momotaro-tsurugi","Momotaro Tsurugi","sprint","31","default-next-to-frame-scale","1.0000","1.1517","1.0000","default","1.0800","1.0800",""
"ryotsu-kankichi","Ryotsu Kankichi","getupStand","31","median-1.46","0.6836","1.1483","1.4628","frame","0.3690","0.4860","tiny-frame-vs-animation"
"hiei","Hiei","sprint","39","default-next-to-frame-scale","1.0000","1.1451","1.1034","default","0.8800","0.9700",""
"kiro","Naruto","cmd:1+4","117","default-next-to-frame-scale","1.0000","1.1421","1.1421","default","0.9300","1.0800",""
"yugi-mutou","Yugi Mutou","sprint","32","default-next-to-frame-scale","1.2460","1.1345","1.1146","default","1.0200","1.0800",""
"hiei","Hiei","sprint","36","default-next-to-frame-scale","1.0000","1.1343","1.1034","default","0.8800","0.9700",""
"franky","Franky","getupStand","31","median-1.80","0.5564","1.1323","1.7973","frame","0.2940","0.4746","tiny-frame-vs-animation"
"franky","Franky","getupStand","32","median-1.59","0.6300","1.1323","1.5873","frame","0.4410","0.7119",""
"yoh-asakura-power-sword","Yoh Asakura (Power Sword)","jabright","146","default-next-to-frame-scale","1.1322","1.1322","1.0914","default","0.9800","1.0200",""
"gohan-super-saiyan-2","Gohan (Super Saiyan 2)","knockdown","29","default-next-to-frame-scale","1.0000","1.1283","1.1044","default","1.0800","1.0800","huge-frame-vs-animation"
"gohan-super-saiyan-2","Gohan (Super Saiyan 2)","getupStand","29","default-next-to-frame-scale","1.0000","1.1283","1.0000","default","1.0800","1.0800",""
"kagura","Kagura","sprint","35","default-next-to-frame-scale","1.2931","1.1263","1.0000","default","1.0500","1.1700",""
"renji-abarai","Renji Abarai","sprint","35","default-next-to-frame-scale","1.0000","1.1261","1.0000","default","0.9300","1.1500",""
"taikoubou","Taikoubou","getupStand","53","default-next-to-frame-scale","1.0000","1.1236","1.0000","default","1.0800","1.0800",""
"vegeta","Vegeta","getupStand","47","default-next-to-frame-scale","1.0000","1.1223","1.0000","default","1.0800","1.0800",""
"gohan-super-saiyan-2","Gohan (Super Saiyan 2)","getupStand","47","default-next-to-frame-scale","1.0000","1.1162","1.0000","default","1.0800","1.0800",""
"nami-perfect-clima-tact","Nami (Perfect Clima-Tact)","knockdown","29","default-next-to-frame-scale","1.0000","1.1122","1.1000","default","1.0800","1.0800","huge-frame-vs-animation"
"nami-perfect-clima-tact","Nami (Perfect Clima-Tact)","getupStand","29","default-next-to-frame-scale","1.0000","1.1122","1.0000","default","1.0800","1.0800",""
"vegeta","Vegeta","sprint","33","default-next-to-frame-scale","1.0000","1.1116","1.0000","default","1.0800","1.0800",""
"vegeta","Vegeta","knockdown","29","default-next-to-frame-scale","1.0000","1.1107","1.1107","default","1.0800","1.0800","huge-frame-vs-animation"
"vegeta","Vegeta","getupStand","29","default-next-to-frame-scale","1.0000","1.1107","1.0000","default","1.0800","1.0800",""
"sanji-vinsmoke","Sanji Vinsmoke","sprint","31","default-next-to-frame-scale","1.4099","1.1079","1.2704","default","1.0800","1.0800",""
"gotenks-super-saiyan","Gotenks (Super Saiyan)","getupStand","49","default-next-to-frame-scale","1.0000","1.1071","1.0000","default","1.0800","1.0800",""
"nico-robin","Nico Robin","cmd:1+3","105","default-next-to-frame-scale","1.9833","1.1070","1.0000","default","0.9500","1.0800",""
"sanji-vinsmoke","Sanji Vinsmoke","getupStand","53","default-next-to-frame-scale","1.0000","1.1052","1.0000","default","1.0800","1.0800",""
"kurama","Kurama","getupStand","53","default-next-to-frame-scale","1.0000","1.1049","1.0000","default","1.0800","1.0800",""
"hiei","Hiei","sprint","35","default-next-to-frame-scale","1.0000","1.1034","1.1034","default","0.8800","0.9700",""
"pegasus-seiya","Pegasus Seiya","getupStand","52","default-next-to-frame-scale","1.0000","1.1029","1.0000","default","1.0800","1.0800",""
"vegeta","Vegeta","sprint","38","default-next-to-frame-scale","1.0000","1.1020","1.0000","default","1.0800","1.0800",""
"nami-perfect-clima-tact","Nami (Perfect Clima-Tact)","getupStand","51","default-next-to-frame-scale","1.0000","1.1000","1.0000","default","1.0800","1.0800",""
"lenalee-lee","Lenalee Lee","sprint","30","default-next-to-frame-scale","1.0000","1.0858","1.0469","default","0.9800","1.0700",""
"gohan-super-saiyan","Gohan (Super Saiyan)","knockdown","29","default-next-to-frame-scale","1.0000","1.0845","1.0000","default","0.9100","0.8800",""
"gohan-super-saiyan","Gohan (Super Saiyan)","getupStand","29","default-next-to-frame-scale","1.0000","1.0845","1.0000","default","0.9100","0.8800",""
"gohan-super-saiyan","Gohan (Super Saiyan)","getupStand","46","default-next-to-frame-scale","1.0000","1.0839","1.0000","default","0.9100","0.8800",""
"renji-abarai","Renji Abarai","sprint","30","default-next-to-frame-scale","1.0000","1.0774","1.0000","default","0.9300","1.1500",""
"piccolo","Piccolo","sprint","37","default-next-to-frame-scale","1.0847","1.0764","1.0000","default","0.7100","1.1400",""
"piccolo","Piccolo","sprint","39","default-next-to-frame-scale","1.0847","1.0764","1.0000","default","0.7100","1.1400",""
"gohan-super-saiyan","Gohan (Super Saiyan)","sprint","32","default-next-to-frame-scale","1.0000","1.0691","1.0000","default","0.9100","0.8800",""
"kinnikuman","Kinnikuman","cmd:1+2","101","default-next-to-frame-scale","1.5093","1.0661","1.1743","default","1.0300","1.1800",""
"heihachi-edajima","Heihachi Edajima","sprint","31","default-next-to-frame-scale","1.2518","1.0648","1.2205","default","1.1300","1.2300",""
"momotaro-tsurugi","Momotaro Tsurugi","sprint","34","default-next-to-frame-scale","1.0000","1.0628","1.0000","default","1.0800","1.0800",""
"vegito","Vegito","getupStand","47","default-next-to-frame-scale","1.0000","1.0622","1.0000","default","1.1600","1.1000",""
"franky","Franky","sprint","34","default-next-to-frame-scale","1.0000","1.0608","1.0968","default","0.7000","1.1300",""
"ryotsu-kankichi","Ryotsu Kankichi","cmd:1+2","85","default-next-to-frame-scale","1.7743","1.0591","1.0000","default","0.8200","1.0800",""
"vegeta-super-saiyan","Vegeta (Super Saiyan)","knockdown","29","default-next-to-frame-scale","1.0000","1.0544","1.0520","default","1.0900","1.0300","huge-frame-vs-animation"
"vegeta-super-saiyan","Vegeta (Super Saiyan)","getupStand","29","default-next-to-frame-scale","1.0000","1.0544","1.0000","default","1.0900","1.0300",""
"vegeta-super-saiyan","Vegeta (Super Saiyan)","getupStand","47","default-next-to-frame-scale","1.0000","1.0520","1.0000","default","1.0900","1.0300",""
"kakashi-hatake","Kakashi Hatake","sprint","30","default-next-to-frame-scale","1.4599","1.0510","1.0510","default","1.2300","1.0300",""
"toshiro-hitsugaya","Tōshirō Hitsugaya","sprint","36","default-next-to-frame-scale","1.0000","1.0466","1.0000","default","0.8600","1.0800",""
"nico-robin","Nico Robin","cmd:1+3","113","default-next-to-frame-scale","2.1144","1.0450","1.0661","default","0.9500","1.0800",""
"vegito","Vegito","knockdown","29","default-next-to-frame-scale","1.0000","1.0435","1.0417","default","1.1600","1.1000","huge-frame-vs-animation"
"vegito","Vegito","getupStand","29","default-next-to-frame-scale","1.0000","1.0435","1.0000","default","1.1600","1.1000",""
"kakashi-hatake","Kakashi Hatake","sprint","38","default-next-to-frame-scale","1.4599","1.0403","1.0510","default","1.2300","1.0300",""
"vegeta","Vegeta","sprint","30","median-1.56","1.5552","1.0351","1.5552","default","1.0800","1.0800",""
"kakashi-hatake","Kakashi Hatake","getupStand","34","median-1.74","0.9057","1.0346","1.7360","frame","0.2952","0.2472","tiny-frame-vs-animation"
"kakashi-hatake","Kakashi Hatake","getupStand","36","median-1.74","0.9057","1.0346","1.7360","frame","0.2952","0.2472","tiny-frame-vs-animation"
"kakashi-hatake","Kakashi Hatake","getupStand","35","median-1.68","0.9370","1.0346","1.6780","frame","0.2952","0.2472","tiny-frame-vs-animation"
"allen-walker","Allen Walker","cmd:1+2","100","median-1.59","1.5869","1.0342","1.5869","default","0.8100","1.1100",""
"nico-robin","Nico Robin","sprint","32","default-next-to-frame-scale","1.4993","1.0334","1.0000","default","0.9500","1.0800",""
"monkey-d-luffy-2nd-gear","Monkey D. Luffy (2nd Gear)","sprint","35","default-next-to-frame-scale","1.3463","1.0321","1.3167","default","1.0800","1.1600",""
"nami-perfect-clima-tact","Nami (Perfect Clima-Tact)","sprint","33","default-next-to-frame-scale","1.3025","1.0242","1.0242","default","1.0800","1.0800",""
"yugi-mutou","Yugi Mutou","sprint","31","default-next-to-frame-scale","1.2717","1.0214","1.0920","default","1.0200","1.0800",""
"arale-norimaki","Arale Norimaki","getupStand","57","default-next-to-frame-scale","1.0000","1.0203","1.0000","default","0.8500","0.7500",""
"nami","Nami","getupStand","31","median-1.41","0.7109","1.0198","1.4067","frame","0.4214","0.5292","tiny-frame-vs-animation"
"goku-super-saiyan","Goku (Super Saiyan)","getupStand","31","median-1.38","0.7225","1.0198","1.3841","frame","0.4200","0.5292","tiny-frame-vs-animation"
"yoh-asakura","Yoh Asakura","sprint","35","default-next-to-frame-scale","1.0000","1.0184","1.0000","default","0.8000","0.9300","possible-two-character-crop"
"eve","Eve","sprint","32","default-next-to-frame-scale","1.0000","1.0171","1.4031","default","0.8600","1.0400",""
"nami","Nami","sprint","33","default-next-to-frame-scale","1.0000","1.0161","1.0161","default","0.8600","1.0800",""
"roronoa-zoro","Roronoa Zoro","getupStand","31","median-1.36","0.7357","1.0150","1.3592","frame","0.4059","0.4920","tiny-frame-vs-animation"
"lenalee-lee","Lenalee Lee","sprint","36","default-next-to-frame-scale","1.0000","1.0118","1.0469","default","0.9800","1.0700",""
"anna-kyoyama","Anna Kyoyama","getupStand","36","median-1.52","0.6580","1.0103","1.5198","frame","0.4424","0.6048",""
"taikoubou","Taikoubou","sprint","36","default-next-to-frame-scale","1.2119","1.0101","1.0141","default","1.0800","1.0800",""
"fuusuke","Fuusuke","getupStand","52","default-next-to-frame-scale","1.0000","1.0098","1.0000","default","0.8200","0.7300",""
"monkey-d-luffy","Monkey D. Luffy","getupStand","30","median-1.42","0.7030","1.0090","1.4225","frame","0.4845","0.6156",""
"monkey-d-luffy","Monkey D. Luffy","getupStand","31","median-1.41","0.7093","1.0090","1.4098","frame","0.3910","0.4968",""
"bobobo-bo-bo-bobo","Bobobo-bo Bo-bobo","getupStand","33","median-1.41","0.7095","1.0084","1.4094","frame","0.4185","0.5310","tiny-frame-vs-animation"
"anna-kyoyama","Anna Kyoyama","getupStand","35","median-1.51","0.6634","1.0082","1.5074","frame","0.3792","0.5184",""
"jotaro-kujo","Jotaro Kujo","getupStand","34","median-1.47","0.6817","1.0078","1.4669","frame","0.4692","0.6171",""
"jotaro-kujo","Jotaro Kujo","getupStand","33","median-1.46","0.6870","1.0078","1.4556","frame","0.4600","0.6050",""
"anna-kyoyama","Anna Kyoyama","getupStand","34","median-1.52","0.6586","1.0073","1.5184","frame","0.3555","0.4860",""
"rukia-kuchiki","Rukia Kuchiki","getupStand","33","median-1.39","0.7170","1.0054","1.3947","frame","0.3870","0.4860","possible-two-character-crop|tiny-frame-vs-animation"
"goku-super-saiyan","Goku (Super Saiyan)","cmd:3+4","106","default-next-to-frame-scale","1.1638","1.0054","1.0054","default","1.0000","1.2600",""
"monkey-d-luffy","Monkey D. Luffy","getupStand","32","median-1.40","0.7127","1.0048","1.4031","frame","0.3995","0.5076",""
"jotaro-kujo","Jotaro Kujo","getupStand","35","median-1.47","0.6815","1.0031","1.4674","frame","0.3772","0.4961","tiny-frame-vs-animation"
"rukia-kuchiki","Rukia Kuchiki","getupStand","31","median-1.40","0.7156","1.0024","1.3974","frame","0.3784","0.4752","tiny-frame-vs-animation"
"rukia-kuchiki","Rukia Kuchiki","getupStand","32","median-1.39","0.7173","1.0024","1.3941","frame","0.2580","0.3240","tiny-frame-vs-animation"
"roronoa-zoro","Roronoa Zoro","getupStand","30","median-1.36","0.7365","1.0011","1.3578","frame","0.5544","0.6720",""
"franky","Franky","getupStand","30","median-1.80","0.5560","1.0007","1.7986","frame","0.3850","0.6215",""
"bobobo-bo-bo-bobo","Bobobo-bo Bo-bobo","getupStand","32","median-1.41","0.7099","1.0006","1.4086","frame","0.4557","0.5782","tiny-frame-vs-animation"
"vegeta-super-saiyan","Vegeta (Super Saiyan)","cmd:1+3","127","median-1.71","1.0000","1.0000","1.7117","default","1.0900","1.0300",""
"dio","DIO","sprint","38","median-1.64","1.0000","1.0000","1.6359","default","1.0800","1.1800",""
"dio","DIO","sprint","39","median-1.64","1.0000","1.0000","1.6359","default","1.0800","1.1800",""
"dr-mashirito","Dr. Mashirito","knockdown","28","median-1.42","1.0000","1.0000","1.4233","default","0.9500","1.0800",""
"piccolo","Piccolo","getupStand","40","median-1.37","0.8100","1.0000","1.3729","frame","0.5751","0.9234",""
"ichigo-kurosaki","Ichigo Kurosaki","cmd:2+3","108","default-next-to-frame-scale","1.0000","1.0000","1.0000","default","1.0000","1.2900",""
"ichigo-kurosaki","Ichigo Kurosaki","cmd:2+3","112","default-next-to-frame-scale","1.0000","1.0000","1.0000","default","1.0000","1.2900",""
"kiro","Naruto","cmd:1+2","100","default-next-to-frame-scale","1.0000","1.0000","1.0000","default","0.9300","1.0800",""
"kiro","Naruto","cmd:1+2","102","default-next-to-frame-scale","1.0000","1.0000","1.0000","default","0.9300","1.0800",""
"naruto-uzumaki-nine-tails-kyubi","Naruto Uzumaki (Nine-Tails_Kyubi)","kickleft","84","default-next-to-frame-scale","1.0000","1.0000","1.0000","default","0.9200","1.3800",""
"riven","Sasuke","getupStand","53","default-next-to-frame-scale","1.0000","1.0000","1.0000","default","1.0800","1.0800",""
"riven","Sasuke","getupStand","55","default-next-to-frame-scale","1.0000","1.0000","1.0000","default","1.0800","1.0800",""
