changed,character,displayName,firstActiveSprite,lastActiveSprite,moveKey,newActive,newRecovery,newStartup,newTotal,oldActive,oldFirstActiveSprite,oldLastActiveSprite,oldRecovery,oldStartup,oldTotal,sheet,spriteCount,timingSource
True,allen-walker,Allen Walker,7,10,cmd:1+2,11,8,26,45,3,5,5,24,18,45,tmp/frame-timing-audit/sheets/allen-walker__cmd_1plus2.png,13,reference:riven
True,allen-walker,Allen Walker,0,0,jableft,2,20,4,26,2,1,2,14,10,26,tmp/frame-timing-audit/sheets/allen-walker__jableft.png,5,reference:kiro
True,anna-kyoyama,Anna Kyoyama,2,3,cmd:2+3,9,11,23,43,3,2,2,22,18,43,tmp/frame-timing-audit/sheets/anna-kyoyama__cmd_2plus3.png,5,reference:kiro
True,anna-kyoyama,Anna Kyoyama,2,3,jabright,4,15,11,30,2,2,3,16,12,30,tmp/frame-timing-audit/sheets/anna-kyoyama__jabright.png,7,reference:riven
True,arale-norimaki,Arale Norimaki,3,4,cmd:1+2,11,8,26,45,3,2,2,24,18,45,tmp/frame-timing-audit/sheets/arale-norimaki__cmd_1plus2.png,6,reference:riven
True,arale-norimaki,Arale Norimaki,1,3,cmd:3+4,13,21,22,56,4,1,2,30,22,56,tmp/frame-timing-audit/sheets/arale-norimaki__cmd_3plus4.png,5,reference:kiro
True,arale-norimaki,Arale Norimaki,0,0,jableft,2,18,4,24,2,1,1,13,9,24,tmp/frame-timing-audit/sheets/arale-norimaki__jableft.png,3,reference:kiro
True,arale-norimaki,Arale Norimaki,1,2,jabright,4,15,11,30,2,2,2,16,12,30,tmp/frame-timing-audit/sheets/arale-norimaki__jabright.png,5,reference:riven
True,bobobo-bo-bo-bobo,Bobobo-bo Bo-bobo,4,5,cmd:1+2,11,8,26,45,3,2,3,24,18,45,tmp/frame-timing-audit/sheets/bobobo-bo-bo-bobo__cmd_1plus2.png,7,reference:riven
True,bobobo-bo-bo-bobo,Bobobo-bo Bo-bobo,1,3,cmd:3+4,13,21,22,56,4,1,2,30,22,56,tmp/frame-timing-audit/sheets/bobobo-bo-bo-bobo__cmd_3plus4.png,5,reference:kiro
True,bobobo-bo-bo-bobo,Bobobo-bo Bo-bobo,0,0,jableft,2,20,4,26,2,1,1,14,10,26,tmp/frame-timing-audit/sheets/bobobo-bo-bo-bobo__jableft.png,4,reference:kiro
True,bobobo-bo-bo-bobo,Bobobo-bo Bo-bobo,3,4,kickleft,9,12,23,44,3,2,2,23,18,44,tmp/frame-timing-audit/sheets/bobobo-bo-bo-bobo__kickleft.png,6,reference:kiro
True,caramelman-j,Caramelman J,1,1,jableft,2,23,5,30,3,2,3,16,11,30,tmp/frame-timing-audit/sheets/caramelman-j__jableft.png,8,reference:kiro
True,caramelman-j,Caramelman J,2,3,jabright,4,18,12,34,3,3,3,18,13,34,tmp/frame-timing-audit/sheets/caramelman-j__jabright.png,8,reference:riven
True,caramelman-j,Caramelman J,4,5,kickleft,10,13,25,48,4,3,3,25,19,48,tmp/frame-timing-audit/sheets/caramelman-j__kickleft.png,8,reference:kiro
True,caramelman-j,Caramelman J,3,5,kickright,12,13,24,49,4,3,3,26,19,49,tmp/frame-timing-audit/sheets/caramelman-j__kickright.png,8,reference:kiro
True,cygnus-hyoga,Cygnus Hyōga,1,1,jableft,2,23,5,30,3,2,3,16,11,30,tmp/frame-timing-audit/sheets/cygnus-hyoga__jableft.png,8,reference:kiro
True,cygnus-hyoga,Cygnus Hyōga,2,3,jabright,4,18,12,34,3,3,3,18,13,34,tmp/frame-timing-audit/sheets/cygnus-hyoga__jabright.png,8,reference:riven
True,cygnus-hyoga,Cygnus Hyōga,4,5,kickleft,10,13,25,48,4,3,3,25,19,48,tmp/frame-timing-audit/sheets/cygnus-hyoga__kickleft.png,8,reference:kiro
True,cygnus-hyoga,Cygnus Hyōga,3,4,kickright,11,13,22,46,3,2,3,25,18,46,tmp/frame-timing-audit/sheets/cygnus-hyoga__kickright.png,7,reference:kiro
True,dio,DIO,5,8,cmd:1+2,11,8,26,45,3,4,4,24,18,45,tmp/frame-timing-audit/sheets/dio__cmd_1plus2.png,10,reference:riven
True,dio,DIO,1,3,cmd:3+4,13,21,22,56,4,1,2,30,22,56,tmp/frame-timing-audit/sheets/dio__cmd_3plus4.png,5,reference:kiro
True,dio,DIO,0,0,jableft,2,20,4,26,2,1,1,14,10,26,tmp/frame-timing-audit/sheets/dio__jableft.png,4,reference:kiro
True,don-patch-poppa-rocks,Don Patch _ Poppa Rocks,5,7,cmd:1+2,11,8,26,45,3,3,4,24,18,45,tmp/frame-timing-audit/sheets/don-patch-poppa-rocks__cmd_1plus2.png,9,reference:riven
True,don-patch-poppa-rocks,Don Patch _ Poppa Rocks,3,4,cmd:3+4,13,21,22,56,4,3,3,30,22,56,tmp/frame-timing-audit/sheets/don-patch-poppa-rocks__cmd_3plus4.png,8,reference:kiro
True,don-patch-poppa-rocks,Don Patch _ Poppa Rocks,0,0,jableft,2,20,4,26,2,1,2,14,10,26,tmp/frame-timing-audit/sheets/don-patch-poppa-rocks__jableft.png,5,reference:kiro
True,don-patch-poppa-rocks,Don Patch _ Poppa Rocks,1,2,jabright,4,15,11,30,2,2,2,16,12,30,tmp/frame-timing-audit/sheets/don-patch-poppa-rocks__jabright.png,5,reference:riven
True,don-patch-poppa-rocks,Don Patch _ Poppa Rocks,0,0,kickleft,14,17,8,39,3,0,0,20,16,39,tmp/frame-timing-audit/sheets/don-patch-poppa-rocks__kickleft.png,1,reference:riven
True,don-patch-poppa-rocks,Don Patch _ Poppa Rocks,3,5,kickright,12,13,24,49,4,3,3,26,19,49,tmp/frame-timing-audit/sheets/don-patch-poppa-rocks__kickright.png,8,reference:kiro
True,dr-mashirito,Dr. Mashirito,8,11,cmd:1+2,11,8,26,45,3,5,6,24,18,45,tmp/frame-timing-audit/sheets/dr-mashirito__cmd_1plus2.png,14,reference:riven
True,dr-mashirito,Dr. Mashirito,3,5,cmd:3+4,13,21,22,56,4,3,4,30,22,56,tmp/frame-timing-audit/sheets/dr-mashirito__cmd_3plus4.png,9,reference:kiro
True,dr-mashirito,Dr. Mashirito,0,1,jableft,2,21,4,27,2,2,2,15,10,27,tmp/frame-timing-audit/sheets/dr-mashirito__jableft.png,6,reference:kiro
True,dr-mashirito,Dr. Mashirito,3,4,jabright,4,16,11,31,2,4,4,16,13,31,tmp/frame-timing-audit/sheets/dr-mashirito__jabright.png,10,reference:riven
True,dragon-shiryu,Dragon Shiryū,1,1,jableft,2,22,5,29,3,2,3,15,11,29,tmp/frame-timing-audit/sheets/dragon-shiryu__jableft.png,7,reference:kiro
True,dragon-shiryu,Dragon Shiryū,2,3,jabright,4,18,12,34,3,3,3,18,13,34,tmp/frame-timing-audit/sheets/dragon-shiryu__jabright.png,8,reference:riven
True,dragon-shiryu,Dragon Shiryū,2,3,kickleft,9,11,22,42,3,2,2,22,17,42,tmp/frame-timing-audit/sheets/dragon-shiryu__kickleft.png,5,reference:kiro
True,dragon-shiryu,Dragon Shiryū,3,5,kickright,12,13,24,49,4,3,3,26,19,49,tmp/frame-timing-audit/sheets/dragon-shiryu__kickright.png,8,reference:kiro
True,eve,Eve,3,4,cmd:1+2,8,6,20,34,3,2,2,17,14,34,tmp/frame-timing-audit/sheets/eve__cmd_1plus2.png,6,reference:riven
True,eve,Eve,3,6,cmd:3+4,13,21,22,56,4,3,4,30,22,56,tmp/frame-timing-audit/sheets/eve__cmd_3plus4.png,10,reference:kiro
True,eve,Eve,0,1,jableft,2,21,4,27,2,2,2,15,10,27,tmp/frame-timing-audit/sheets/eve__jableft.png,6,reference:kiro
True,eve,Eve,2,3,jabright,4,18,12,34,3,3,3,18,13,34,tmp/frame-timing-audit/sheets/eve__jabright.png,8,reference:riven
True,franky,Franky,4,6,cmd:1+2,11,8,26,45,3,3,3,24,18,45,tmp/frame-timing-audit/sheets/franky__cmd_1plus2.png,8,reference:riven
True,franky,Franky,3,7,cmd:1+3,12,4,12,28,3,3,4,14,11,28,tmp/frame-timing-audit/sheets/franky__cmd_1plus3.png,9,reference:riven
True,franky,Franky,8,11,cmd:2+3,10,4,29,43,3,5,6,22,18,43,tmp/frame-timing-audit/sheets/franky__cmd_2plus3.png,13,reference:riven
True,franky,Franky,6,9,cmd:3+4,13,21,22,56,4,6,7,30,22,56,tmp/frame-timing-audit/sheets/franky__cmd_3plus4.png,16,reference:kiro
True,franky,Franky,1,1,jableft,2,22,5,29,3,2,3,15,11,29,tmp/frame-timing-audit/sheets/franky__jableft.png,7,reference:kiro
True,franky,Franky,1,2,jabright,4,15,11,30,2,2,2,16,12,30,tmp/frame-timing-audit/sheets/franky__jabright.png,5,reference:riven
True,frieza,Frieza,4,5,cmd:1+2,11,8,26,45,3,2,3,24,18,45,tmp/frame-timing-audit/sheets/frieza__cmd_1plus2.png,7,reference:riven
True,frieza,Frieza,8,10,cmd:2+3,10,4,29,43,3,5,5,22,18,43,tmp/frame-timing-audit/sheets/frieza__cmd_2plus3.png,12,reference:riven
True,frieza,Frieza,2,3,cmd:3+4,13,21,22,56,4,2,2,30,22,56,tmp/frame-timing-audit/sheets/frieza__cmd_3plus4.png,6,reference:kiro
True,frieza,Frieza,1,1,jableft,2,22,5,29,3,2,3,15,11,29,tmp/frame-timing-audit/sheets/frieza__jableft.png,7,reference:kiro
True,frieza,Frieza,2,3,jabright,4,17,11,32,2,2,3,17,13,32,tmp/frame-timing-audit/sheets/frieza__jabright.png,7,reference:riven
True,frieza,Frieza,3,4,kickright,11,13,22,46,3,2,3,25,18,46,tmp/frame-timing-audit/sheets/frieza__kickright.png,7,reference:kiro
True,fuusuke,Fuusuke,4,5,cmd:1+2,11,8,26,45,3,2,3,24,18,45,tmp/frame-timing-audit/sheets/fuusuke__cmd_1plus2.png,7,reference:riven
True,fuusuke,Fuusuke,3,4,cmd:2+3,6,7,16,29,3,2,2,14,12,29,tmp/frame-timing-audit/sheets/fuusuke__cmd_2plus3.png,6,reference:kiro
True,fuusuke,Fuusuke,2,3,cmd:3+4,13,21,22,56,4,2,2,30,22,56,tmp/frame-timing-audit/sheets/fuusuke__cmd_3plus4.png,6,reference:kiro
True,fuusuke,Fuusuke,0,0,jableft,2,20,4,26,2,1,1,14,10,26,tmp/frame-timing-audit/sheets/fuusuke__jableft.png,4,reference:kiro
True,fuusuke,Fuusuke,2,3,jabright,4,18,12,34,3,3,3,18,13,34,tmp/frame-timing-audit/sheets/fuusuke__jabright.png,8,reference:riven
True,fuusuke,Fuusuke,4,6,kickright,12,13,24,49,4,3,4,26,19,49,tmp/frame-timing-audit/sheets/fuusuke__kickright.png,9,reference:kiro
True,gintoki-sakata,Gintoki Sakata,3,4,cmd:1+2,11,8,26,45,3,2,2,24,18,45,tmp/frame-timing-audit/sheets/gintoki-sakata__cmd_1plus2.png,6,reference:riven
True,gintoki-sakata,Gintoki Sakata,2,5,cmd:1+3,22,7,20,49,3,2,2,28,18,49,tmp/frame-timing-audit/sheets/gintoki-sakata__cmd_1plus3.png,7,reference:riven
True,gintoki-sakata,Gintoki Sakata,1,1,jableft,2,23,5,30,3,2,3,16,11,30,tmp/frame-timing-audit/sheets/gintoki-sakata__jableft.png,8,reference:kiro
True,gintoki-sakata,Gintoki Sakata,3,5,jabright,5,18,13,36,3,4,4,19,14,36,tmp/frame-timing-audit/sheets/gintoki-sakata__jabright.png,11,reference:riven
True,gintoki-sakata,Gintoki Sakata,0,2,kickleft,15,18,9,42,3,1,1,22,17,42,tmp/frame-timing-audit/sheets/gintoki-sakata__kickleft.png,4,reference:riven
True,gohan-super-saiyan,Gohan (Super Saiyan),4,6,cmd:1+2,11,8,26,45,3,3,3,24,18,45,tmp/frame-timing-audit/sheets/gohan-super-saiyan__cmd_1plus2.png,8,reference:riven
True,gohan-super-saiyan,Gohan (Super Saiyan),3,4,cmd:3+4,13,21,22,56,4,3,3,30,22,56,tmp/frame-timing-audit/sheets/gohan-super-saiyan__cmd_3plus4.png,8,reference:kiro
True,gohan-super-saiyan,Gohan (Super Saiyan),0,0,jableft,2,18,4,24,2,1,1,13,9,24,tmp/frame-timing-audit/sheets/gohan-super-saiyan__jableft.png,3,reference:kiro
True,gohan-super-saiyan,Gohan (Super Saiyan),1,2,jabright,4,15,11,30,2,2,2,16,12,30,tmp/frame-timing-audit/sheets/gohan-super-saiyan__jabright.png,5,reference:riven
True,gohan-super-saiyan,Gohan (Super Saiyan),3,4,kickleft,9,12,23,44,3,2,2,23,18,44,tmp/frame-timing-audit/sheets/gohan-super-saiyan__kickleft.png,6,reference:kiro
True,gohan-super-saiyan-2,Gohan (Super Saiyan 2),5,7,cmd:1+2,11,8,26,45,3,3,4,24,18,45,tmp/frame-timing-audit/sheets/gohan-super-saiyan-2__cmd_1plus2.png,9,reference:riven
True,gohan-super-saiyan-2,Gohan (Super Saiyan 2),0,0,jableft,2,18,4,24,2,1,1,13,9,24,tmp/frame-timing-audit/sheets/gohan-super-saiyan-2__jableft.png,3,reference:kiro
True,gohan-super-saiyan-2,Gohan (Super Saiyan 2),2,2,jabright,4,16,11,31,2,2,2,17,12,31,tmp/frame-timing-audit/sheets/gohan-super-saiyan-2__jabright.png,6,reference:riven
True,gohan-super-saiyan-2,Gohan (Super Saiyan 2),2,3,kickleft,9,11,22,42,3,2,2,22,17,42,tmp/frame-timing-audit/sheets/gohan-super-saiyan-2__kickleft.png,5,reference:kiro
True,goku,Goku,6,9,cmd:1+2,11,8,26,45,3,4,5,24,18,45,tmp/frame-timing-audit/sheets/goku__cmd_1plus2.png,12,reference:riven
True,goku,Goku,2,4,cmd:3+4,9,16,16,41,4,2,2,23,14,41,tmp/frame-timing-audit/sheets/goku__cmd_3plus4.png,7,reference:kiro
True,goku,Goku,0,0,jableft,2,20,4,26,2,1,1,14,10,26,tmp/frame-timing-audit/sheets/goku__jableft.png,4,reference:kiro
True,goku,Goku,2,3,jabright,4,17,11,32,2,2,3,17,13,32,tmp/frame-timing-audit/sheets/goku__jabright.png,7,reference:riven
True,goku,Goku,4,5,kickleft,10,13,25,48,4,3,3,25,19,48,tmp/frame-timing-audit/sheets/goku__kickleft.png,8,reference:kiro
True,goku,Goku,4,6,kickright,12,13,24,49,4,3,4,26,19,49,tmp/frame-timing-audit/sheets/goku__kickright.png,9,reference:kiro
True,goku-super-saiyan,Goku (Super Saiyan),6,9,cmd:1+2,11,8,26,45,3,4,5,24,18,45,tmp/frame-timing-audit/sheets/goku-super-saiyan__cmd_1plus2.png,12,reference:riven
True,goku-super-saiyan,Goku (Super Saiyan),2,4,cmd:3+4,9,16,16,41,4,2,2,23,14,41,tmp/frame-timing-audit/sheets/goku-super-saiyan__cmd_3plus4.png,7,reference:kiro
True,goku-super-saiyan,Goku (Super Saiyan),0,1,jableft,2,21,4,27,2,2,2,15,10,27,tmp/frame-timing-audit/sheets/goku-super-saiyan__jableft.png,6,reference:kiro
True,goku-super-saiyan,Goku (Super Saiyan),2,2,jabright,4,16,11,31,2,2,2,17,12,31,tmp/frame-timing-audit/sheets/goku-super-saiyan__jabright.png,6,reference:riven
True,goku-super-saiyan,Goku (Super Saiyan),4,5,kickleft,10,13,25,48,4,3,3,25,19,48,tmp/frame-timing-audit/sheets/goku-super-saiyan__kickleft.png,8,reference:kiro
True,goku-super-saiyan,Goku (Super Saiyan),4,6,kickright,12,13,24,49,4,3,4,26,19,49,tmp/frame-timing-audit/sheets/goku-super-saiyan__kickright.png,9,reference:kiro
True,gon-freecss,Gon Freecss,4,5,cmd:1+2,11,8,26,45,3,2,3,24,18,45,tmp/frame-timing-audit/sheets/gon-freecss__cmd_1plus2.png,7,reference:riven
True,gon-freecss,Gon Freecss,5,10,cmd:1+3,17,5,16,38,3,5,5,20,15,38,tmp/frame-timing-audit/sheets/gon-freecss__cmd_1plus3.png,13,reference:riven
True,gon-freecss,Gon Freecss,2,2,cmd:2+3,5,6,14,25,3,1,1,12,10,25,tmp/frame-timing-audit/sheets/gon-freecss__cmd_2plus3.png,4,reference:kiro
True,gon-freecss,Gon Freecss,5,8,cmd:2+4,15,6,27,48,3,4,4,25,20,48,tmp/frame-timing-audit/sheets/gon-freecss__cmd_2plus4.png,10,reference:kiro
True,gon-freecss,Gon Freecss,0,0,jableft,2,20,4,26,2,1,1,14,10,26,tmp/frame-timing-audit/sheets/gon-freecss__jableft.png,4,reference:kiro
True,gon-freecss,Gon Freecss,5,7,jabright,5,21,14,40,3,6,7,21,16,40,tmp/frame-timing-audit/sheets/gon-freecss__jabright.png,16,reference:riven
True,gotenks,Gotenks,2,4,cmd:1+2,7,4,16,27,3,2,2,12,12,27,tmp/frame-timing-audit/sheets/gotenks__cmd_1plus2.png,5,reference:riven
True,gotenks,Gotenks,2,5,cmd:1+3,22,7,20,49,3,2,2,28,18,49,tmp/frame-timing-audit/sheets/gotenks__cmd_1plus3.png,7,reference:riven
True,gotenks,Gotenks,2,2,cmd:2+3,7,8,18,33,3,1,1,20,10,33,tmp/frame-timing-audit/sheets/gotenks__cmd_2plus3.png,4,reference:kiro
True,gotenks,Gotenks,0,0,jableft,2,17,4,23,2,0,0,12,9,23,tmp/frame-timing-audit/sheets/gotenks__jableft.png,1,reference:kiro
True,gotenks,Gotenks,1,2,jabright,4,15,11,30,2,2,2,16,12,30,tmp/frame-timing-audit/sheets/gotenks__jabright.png,5,reference:riven
True,gotenks,Gotenks,3,4,kickright,11,13,22,46,3,2,3,25,18,46,tmp/frame-timing-audit/sheets/gotenks__kickright.png,7,reference:kiro
True,gotenks-super-saiyan,Gotenks (Super Saiyan),3,4,cmd:1+2,11,8,26,45,3,2,2,24,18,45,tmp/frame-timing-audit/sheets/gotenks-super-saiyan__cmd_1plus2.png,6,reference:riven
True,gotenks-super-saiyan,Gotenks (Super Saiyan),2,2,cmd:2+3,9,11,23,43,3,1,1,22,18,43,tmp/frame-timing-audit/sheets/gotenks-super-saiyan__cmd_2plus3.png,4,reference:kiro
True,gotenks-super-saiyan,Gotenks (Super Saiyan),0,0,jableft,2,17,4,23,2,0,0,12,9,23,tmp/frame-timing-audit/sheets/gotenks-super-saiyan__jableft.png,1,reference:kiro
True,gotenks-super-saiyan,Gotenks (Super Saiyan),1,1,jabright,4,15,11,30,2,1,1,16,12,30,tmp/frame-timing-audit/sheets/gotenks-super-saiyan__jabright.png,4,reference:riven
True,heihachi-edajima,Heihachi Edajima,4,6,cmd:1+2,11,8,26,45,3,3,3,24,18,45,tmp/frame-timing-audit/sheets/heihachi-edajima__cmd_1plus2.png,8,reference:riven
True,heihachi-edajima,Heihachi Edajima,0,1,cmd:1+3,13,25,11,49,3,1,1,28,18,49,tmp/frame-timing-audit/sheets/heihachi-edajima__cmd_1plus3.png,4,reference:kiro
True,heihachi-edajima,Heihachi Edajima,2,2,cmd:2+3,9,11,23,43,3,1,1,22,18,43,tmp/frame-timing-audit/sheets/heihachi-edajima__cmd_2plus3.png,4,reference:kiro
True,heihachi-edajima,Heihachi Edajima,4,6,cmd:2+4,15,6,27,48,3,3,3,25,20,48,tmp/frame-timing-audit/sheets/heihachi-edajima__cmd_2plus4.png,8,reference:kiro
True,heihachi-edajima,Heihachi Edajima,2,4,cmd:3+4,8,14,14,36,4,2,3,17,15,36,tmp/frame-timing-audit/sheets/heihachi-edajima__cmd_3plus4.png,7,reference:kiro
True,heihachi-edajima,Heihachi Edajima,0,0,jableft,2,20,4,26,2,1,1,14,10,26,tmp/frame-timing-audit/sheets/heihachi-edajima__jableft.png,4,reference:kiro
True,heihachi-edajima,Heihachi Edajima,1,1,jabright,4,15,11,30,2,1,1,16,12,30,tmp/frame-timing-audit/sheets/heihachi-edajima__jabright.png,4,reference:riven
True,hiei,Hiei,1,1,cmd:1+2,3,23,10,36,3,1,1,20,13,36,tmp/frame-timing-audit/sheets/hiei__cmd_1plus2.png,4,reference:kiro
True,hiei,Hiei,4,8,cmd:1+3,22,7,20,49,3,3,4,28,18,49,tmp/frame-timing-audit/sheets/hiei__cmd_1plus3.png,10,reference:riven
True,hiei,Hiei,3,4,cmd:2+3,9,11,23,43,3,2,2,22,18,43,tmp/frame-timing-audit/sheets/hiei__cmd_2plus3.png,6,reference:kiro
True,hiei,Hiei,2,4,cmd:2+4,11,5,21,37,3,1,2,20,14,37,tmp/frame-timing-audit/sheets/hiei__cmd_2plus4.png,5,reference:kiro
True,hiei,Hiei,2,3,cmd:3+4,9,16,15,40,4,1,2,23,13,40,tmp/frame-timing-audit/sheets/hiei__cmd_3plus4.png,6,reference:kiro
True,hiei,Hiei,0,0,jableft,2,20,4,26,2,1,1,14,10,26,tmp/frame-timing-audit/sheets/hiei__jableft.png,4,reference:kiro
True,hiei,Hiei,2,2,jabright,4,16,11,31,2,2,2,17,12,31,tmp/frame-timing-audit/sheets/hiei__jabright.png,6,reference:riven
True,ichigo-kurosaki,Ichigo Kurosaki,6,9,cmd:1+2,17,12,40,69,3,4,4,40,26,69,tmp/frame-timing-audit/sheets/ichigo-kurosaki__cmd_1plus2.png,12,reference:riven
True,ichigo-kurosaki,Ichigo Kurosaki,2,5,cmd:1+3,22,7,20,49,3,2,2,28,18,49,tmp/frame-timing-audit/sheets/ichigo-kurosaki__cmd_1plus3.png,6,reference:riven
True,ichigo-kurosaki,Ichigo Kurosaki,2,3,cmd:2+3,4,5,10,19,2,2,2,8,9,19,tmp/frame-timing-audit/sheets/ichigo-kurosaki__cmd_2plus3.png,5,reference:kiro
True,ichigo-kurosaki,Ichigo Kurosaki,4,6,cmd:2+4,9,4,17,30,3,3,3,15,12,30,tmp/frame-timing-audit/sheets/ichigo-kurosaki__cmd_2plus4.png,8,reference:kiro
True,ichigo-kurosaki,Ichigo Kurosaki,0,1,jableft,2,21,4,27,2,2,2,15,10,27,tmp/frame-timing-audit/sheets/ichigo-kurosaki__jableft.png,6,reference:kiro
True,ichigo-kurosaki,Ichigo Kurosaki,1,1,jabright,4,15,11,30,2,1,1,16,12,30,tmp/frame-timing-audit/sheets/ichigo-kurosaki__jabright.png,4,reference:riven
True,jaguar-junichi,Jaguar Junichi,3,4,cmd:1+2,11,8,26,45,3,2,2,24,18,45,tmp/frame-timing-audit/sheets/jaguar-junichi__cmd_1plus2.png,6,reference:riven
True,jaguar-junichi,Jaguar Junichi,6,13,cmd:1+3,27,9,26,62,6,6,8,30,26,62,tmp/frame-timing-audit/sheets/jaguar-junichi__cmd_1plus3.png,16,reference:riven
True,jaguar-junichi,Jaguar Junichi,8,9,cmd:1+4,5,19,30,54,6,6,7,26,22,54,tmp/frame-timing-audit/sheets/jaguar-junichi__cmd_1plus4.png,15,reference:riven
True,jaguar-junichi,Jaguar Junichi,6,7,cmd:2+3,10,4,29,43,3,3,4,22,18,43,tmp/frame-timing-audit/sheets/jaguar-junichi__cmd_2plus3.png,9,reference:riven
True,jaguar-junichi,Jaguar Junichi,4,6,cmd:2+4,15,6,27,48,3,3,3,25,20,48,tmp/frame-timing-audit/sheets/jaguar-junichi__cmd_2plus4.png,8,reference:kiro
True,jaguar-junichi,Jaguar Junichi,1,2,cmd:3+4,7,11,12,30,4,1,2,12,14,30,tmp/frame-timing-audit/sheets/jaguar-junichi__cmd_3plus4.png,4,reference:kiro
True,jaguar-junichi,Jaguar Junichi,0,0,jableft,2,20,4,26,2,1,2,14,10,26,tmp/frame-timing-audit/sheets/jaguar-junichi__jableft.png,5,reference:kiro
True,jaguar-junichi,Jaguar Junichi,1,1,jabright,4,15,11,30,2,1,1,16,12,30,tmp/frame-timing-audit/sheets/jaguar-junichi__jabright.png,4,reference:riven
True,jotaro-kujo,Jotaro Kujo,10,15,cmd:1+2,11,8,26,45,3,7,8,24,18,45,tmp/frame-timing-audit/sheets/jotaro-kujo__cmd_1plus2.png,19,reference:riven
True,jotaro-kujo,Jotaro Kujo,2,5,cmd:1+3,22,7,20,49,3,2,2,28,18,49,tmp/frame-timing-audit/sheets/jotaro-kujo__cmd_1plus3.png,7,reference:riven
True,jotaro-kujo,Jotaro Kujo,0,0,jableft,2,17,4,23,2,0,0,12,9,23,tmp/frame-timing-audit/sheets/jotaro-kujo__jableft.png,1,reference:kiro
True,jotaro-kujo,Jotaro Kujo,1,2,jabright,4,15,11,30,2,2,2,16,12,30,tmp/frame-timing-audit/sheets/jotaro-kujo__jabright.png,5,reference:riven
True,jotaro-kujo,Jotaro Kujo,3,4,kickleft,9,12,24,45,3,2,3,24,18,45,tmp/frame-timing-audit/sheets/jotaro-kujo__kickleft.png,7,reference:kiro
True,jotaro-kujo,Jotaro Kujo,1,2,kickright,10,11,20,41,3,1,1,22,16,41,tmp/frame-timing-audit/sheets/jotaro-kujo__kickright.png,3,reference:kiro
True,kagura,Kagura,4,6,cmd:1+2,11,8,26,45,3,3,3,24,18,45,tmp/frame-timing-audit/sheets/kagura__cmd_1plus2.png,8,reference:riven
True,kagura,Kagura,2,5,cmd:1+3,22,7,20,49,3,2,2,28,18,49,tmp/frame-timing-audit/sheets/kagura__cmd_1plus3.png,6,reference:riven
True,kagura,Kagura,5,7,cmd:2+3,10,4,29,43,3,3,3,22,18,43,tmp/frame-timing-audit/sheets/kagura__cmd_2plus3.png,8,reference:riven
True,kagura,Kagura,5,7,cmd:2+4,15,6,27,48,3,3,4,25,20,48,tmp/frame-timing-audit/sheets/kagura__cmd_2plus4.png,9,reference:kiro
True,kagura,Kagura,1,3,cmd:3+4,13,21,22,56,4,1,2,30,22,56,tmp/frame-timing-audit/sheets/kagura__cmd_3plus4.png,5,reference:kiro
True,kagura,Kagura,1,2,jableft,3,24,5,32,3,3,4,17,12,32,tmp/frame-timing-audit/sheets/kagura__jableft.png,10,reference:kiro
True,kagura,Kagura,1,2,jabright,4,15,11,30,2,2,2,16,12,30,tmp/frame-timing-audit/sheets/kagura__jabright.png,5,reference:riven
True,kagura,Kagura,3,4,kickleft,9,12,24,45,3,2,3,24,18,45,tmp/frame-timing-audit/sheets/kagura__kickleft.png,7,reference:kiro
True,kakashi-hatake,Kakashi Hatake,2,3,cmd:1+2,11,8,26,45,3,1,1,24,18,45,tmp/frame-timing-audit/sheets/kakashi-hatake__cmd_1plus2.png,4,reference:riven
True,kakashi-hatake,Kakashi Hatake,0,1,cmd:1+3,7,14,6,27,3,1,1,16,8,27,tmp/frame-timing-audit/sheets/kakashi-hatake__cmd_1plus3.png,4,reference:kiro
True,kakashi-hatake,Kakashi Hatake,3,4,cmd:2+3,9,11,23,43,3,2,2,22,18,43,tmp/frame-timing-audit/sheets/kakashi-hatake__cmd_2plus3.png,6,reference:kiro
True,kakashi-hatake,Kakashi Hatake,3,5,cmd:2+4,15,6,27,48,3,2,2,25,20,48,tmp/frame-timing-audit/sheets/kakashi-hatake__cmd_2plus4.png,6,reference:kiro
True,kakashi-hatake,Kakashi Hatake,0,0,jableft,2,20,4,26,2,1,2,14,10,26,tmp/frame-timing-audit/sheets/kakashi-hatake__jableft.png,5,reference:kiro
True,kakashi-hatake,Kakashi Hatake,2,2,jabright,4,16,11,31,2,2,2,17,12,31,tmp/frame-timing-audit/sheets/kakashi-hatake__jabright.png,6,reference:riven
True,kakashi-hatake,Kakashi Hatake,2,3,kickleft,9,11,22,42,3,2,2,22,17,42,tmp/frame-timing-audit/sheets/kakashi-hatake__kickleft.png,5,reference:kiro
True,kazuki-muto,Kazuki Muto,3,4,cmd:1+2,11,8,26,45,3,2,2,24,18,45,tmp/frame-timing-audit/sheets/kazuki-muto__cmd_1plus2.png,6,reference:riven
True,kazuki-muto,Kazuki Muto,2,5,cmd:1+3,22,7,20,49,3,2,2,28,18,49,tmp/frame-timing-audit/sheets/kazuki-muto__cmd_1plus3.png,6,reference:riven
True,kazuki-muto,Kazuki Muto,0,1,jableft,2,21,4,27,2,2,2,15,10,27,tmp/frame-timing-audit/sheets/kazuki-muto__jableft.png,6,reference:kiro
True,kazuki-muto,Kazuki Muto,3,3,jabright,4,18,12,34,3,3,3,18,13,34,tmp/frame-timing-audit/sheets/kazuki-muto__jabright.png,9,reference:riven
True,kenshin-himura,Kenshin Himura,5,7,cmd:1+2,7,5,17,29,7,3,5,13,9,29,tmp/frame-timing-audit/sheets/kenshin-himura__cmd_1plus2.png,10,reference:riven
False,kenshin-himura,Kenshin Himura,2,4,cmd:1+2+3,7,10,9,26,7,2,4,10,9,26,tmp/frame-timing-audit/sheets/kenshin-himura__cmd_1plus2plus3.png,7,visual-detector-kept
True,kenshin-himura,Kenshin Himura,0,1,cmd:1+3,5,10,4,19,3,1,1,9,7,19,tmp/frame-timing-audit/sheets/kenshin-himura__cmd_1plus3.png,4,reference:kiro
True,kenshin-himura,Kenshin Himura,4,4,cmd:1+4,3,13,21,37,8,1,3,20,9,37,tmp/frame-timing-audit/sheets/kenshin-himura__cmd_1plus4.png,8,reference:riven
True,kenshin-himura,Kenshin Himura,8,10,cmd:2+3,10,4,29,43,3,5,5,22,18,43,tmp/frame-timing-audit/sheets/kenshin-himura__cmd_2plus3.png,12,reference:riven
True,kenshin-himura,Kenshin Himura,5,7,cmd:2+4,15,6,27,48,3,3,4,25,20,48,tmp/frame-timing-audit/sheets/kenshin-himura__cmd_2plus4.png,9,reference:kiro
True,kenshin-himura,Kenshin Himura,4,7,cmd:3+4,7,11,11,29,4,4,5,15,10,29,tmp/frame-timing-audit/sheets/kenshin-himura__cmd_3plus4.png,13,reference:kiro
True,kenshin-himura,Kenshin Himura,0,0,jableft,2,20,4,26,2,1,1,14,10,26,tmp/frame-timing-audit/sheets/kenshin-himura__jableft.png,4,reference:kiro
True,kenshin-himura,Kenshin Himura,1,1,jabright,4,15,11,30,2,1,1,16,12,30,tmp/frame-timing-audit/sheets/kenshin-himura__jabright.png,4,reference:riven
True,kenshiro,Kenshiro,6,9,cmd:1+2,9,7,21,37,13,4,8,11,13,37,tmp/frame-timing-audit/sheets/kenshiro__cmd_1plus2.png,12,reference:riven
True,kenshiro,Kenshiro,2,5,cmd:1+3,22,7,20,49,3,2,2,28,18,49,tmp/frame-timing-audit/sheets/kenshiro__cmd_1plus3.png,6,reference:riven
True,kenshiro,Kenshiro,6,8,cmd:2+3,10,4,29,43,3,4,4,22,18,43,tmp/frame-timing-audit/sheets/kenshiro__cmd_2plus3.png,10,reference:riven
True,kenshiro,Kenshiro,9,14,cmd:2+4,12,6,23,41,8,5,8,19,14,41,tmp/frame-timing-audit/sheets/kenshiro__cmd_2plus4.png,17,reference:kiro
True,kenshiro,Kenshiro,4,6,cmd:3+4,7,11,12,30,6,3,4,15,9,30,tmp/frame-timing-audit/sheets/kenshiro__cmd_3plus4.png,10,reference:kiro
True,kenshiro,Kenshiro,1,1,jableft,2,23,5,30,3,2,3,16,11,30,tmp/frame-timing-audit/sheets/kenshiro__jableft.png,8,reference:kiro
True,kenshiro,Kenshiro,1,2,jabright,4,15,11,30,2,2,2,16,12,30,tmp/frame-timing-audit/sheets/kenshiro__jabright.png,5,reference:riven
True,kenshiro,Kenshiro,4,5,kickleft,10,13,25,48,4,3,3,25,19,48,tmp/frame-timing-audit/sheets/kenshiro__kickleft.png,8,reference:kiro
True,kenshiro,Kenshiro,4,6,kickright,12,15,24,51,4,3,4,27,20,51,tmp/frame-timing-audit/sheets/kenshiro__kickright.png,10,reference:kiro
True,killua-zoldyck,Killua Zoldyck,6,9,cmd:1+2,11,8,26,45,3,4,5,24,18,45,tmp/frame-timing-audit/sheets/killua-zoldyck__cmd_1plus2.png,12,reference:riven
True,killua-zoldyck,Killua Zoldyck,5,11,cmd:1+3,22,7,20,49,3,5,5,28,18,49,tmp/frame-timing-audit/sheets/killua-zoldyck__cmd_1plus3.png,14,reference:riven
True,killua-zoldyck,Killua Zoldyck,5,7,cmd:2+3,11,4,30,45,3,3,3,24,18,45,tmp/frame-timing-audit/sheets/killua-zoldyck__cmd_2plus3.png,8,reference:riven
True,killua-zoldyck,Killua Zoldyck,3,5,cmd:2+4,15,6,27,48,3,2,3,25,20,48,tmp/frame-timing-audit/sheets/killua-zoldyck__cmd_2plus4.png,7,reference:kiro
True,killua-zoldyck,Killua Zoldyck,0,0,jableft,2,20,4,26,2,1,1,14,10,26,tmp/frame-timing-audit/sheets/killua-zoldyck__jableft.png,4,reference:kiro
True,killua-zoldyck,Killua Zoldyck,2,3,jabright,4,18,12,34,3,3,3,18,13,34,tmp/frame-timing-audit/sheets/killua-zoldyck__jabright.png,8,reference:riven
True,kinnikuman,Kinnikuman,7,10,cmd:1+2,11,8,26,45,3,5,5,24,18,45,tmp/frame-timing-audit/sheets/kinnikuman__cmd_1plus2.png,13,reference:riven
True,kinnikuman,Kinnikuman,3,7,cmd:1+3,22,7,20,49,3,3,3,28,18,49,tmp/frame-timing-audit/sheets/kinnikuman__cmd_1plus3.png,9,reference:riven
True,kinnikuman,Kinnikuman,2,3,cmd:2+3,9,12,24,45,3,2,2,24,18,45,tmp/frame-timing-audit/sheets/kinnikuman__cmd_2plus3.png,5,reference:kiro
True,kinnikuman,Kinnikuman,6,9,cmd:2+4,15,6,27,48,3,4,5,25,20,48,tmp/frame-timing-audit/sheets/kinnikuman__cmd_2plus4.png,11,reference:kiro
True,kinnikuman,Kinnikuman,5,8,cmd:3+4,10,16,17,43,13,3,7,18,12,43,tmp/frame-timing-audit/sheets/kinnikuman__cmd_3plus4.png,14,reference:kiro
True,kinnikuman,Kinnikuman,0,0,jableft,2,20,4,26,2,1,2,14,10,26,tmp/frame-timing-audit/sheets/kinnikuman__jableft.png,5,reference:kiro
True,kinnikuman,Kinnikuman,1,2,jabright,4,15,11,30,2,2,2,16,12,30,tmp/frame-timing-audit/sheets/kinnikuman__jabright.png,5,reference:riven
True,kurama,Kurama,4,6,cmd:1+2,11,8,26,45,3,3,3,24,18,45,tmp/frame-timing-audit/sheets/kurama__cmd_1plus2.png,8,reference:riven
True,kurama,Kurama,4,9,cmd:1+3,22,7,20,49,3,4,4,28,18,49,tmp/frame-timing-audit/sheets/kurama__cmd_1plus3.png,11,reference:riven
True,kurama,Kurama,12,16,cmd:2+3,11,4,31,46,7,6,8,24,15,46,tmp/frame-timing-audit/sheets/kurama__cmd_2plus3.png,19,reference:riven
True,kurama,Kurama,0,1,jableft,2,21,4,27,2,2,2,15,10,27,tmp/frame-timing-audit/sheets/kurama__jableft.png,6,reference:kiro
True,kurama,Kurama,4,5,jabright,5,19,13,37,3,4,5,20,14,37,tmp/frame-timing-audit/sheets/kurama__jabright.png,12,reference:riven
True,lenalee-lee,Lenalee Lee,4,5,cmd:1+2,11,8,26,45,3,2,3,24,18,45,tmp/frame-timing-audit/sheets/lenalee-lee__cmd_1plus2.png,7,reference:riven
True,lenalee-lee,Lenalee Lee,3,7,cmd:1+3,22,7,20,49,3,3,3,28,18,49,tmp/frame-timing-audit/sheets/lenalee-lee__cmd_1plus3.png,9,reference:riven
True,lenalee-lee,Lenalee Lee,2,2,cmd:2+3,9,11,23,43,3,1,1,22,18,43,tmp/frame-timing-audit/sheets/lenalee-lee__cmd_2plus3.png,4,reference:kiro
True,lenalee-lee,Lenalee Lee,5,8,cmd:2+4,15,6,27,48,3,4,4,25,20,48,tmp/frame-timing-audit/sheets/lenalee-lee__cmd_2plus4.png,10,reference:kiro
True,lenalee-lee,Lenalee Lee,1,3,cmd:3+4,8,12,13,33,4,1,2,16,13,33,tmp/frame-timing-audit/sheets/lenalee-lee__cmd_3plus4.png,5,reference:kiro
True,lenalee-lee,Lenalee Lee,0,0,jableft,2,20,4,26,2,1,1,14,10,26,tmp/frame-timing-audit/sheets/lenalee-lee__jableft.png,4,reference:kiro
True,lenalee-lee,Lenalee Lee,3,4,kickleft,9,12,23,44,3,2,2,23,18,44,tmp/frame-timing-audit/sheets/lenalee-lee__kickleft.png,6,reference:kiro
True,lenalee-lee,Lenalee Lee,3,5,kickright,12,13,24,49,4,3,3,26,19,49,tmp/frame-timing-audit/sheets/lenalee-lee__kickright.png,8,reference:kiro
True,majin-buu,Majin Buu,5,8,cmd:1+2,11,8,26,45,3,4,4,24,18,45,tmp/frame-timing-audit/sheets/majin-buu__cmd_1plus2.png,10,reference:riven
True,majin-buu,Majin Buu,4,6,cmd:2+4,15,6,27,48,3,3,3,25,20,48,tmp/frame-timing-audit/sheets/majin-buu__cmd_2plus4.png,8,reference:kiro
True,majin-buu,Majin Buu,3,4,cmd:3+4,13,21,22,56,4,3,3,30,22,56,tmp/frame-timing-audit/sheets/majin-buu__cmd_3plus4.png,8,reference:kiro
True,majin-buu,Majin Buu,0,1,jableft,2,21,4,27,2,2,2,15,10,27,tmp/frame-timing-audit/sheets/majin-buu__jableft.png,6,reference:kiro
True,majin-buu,Majin Buu,0,0,jabright,4,14,10,28,2,0,0,15,11,28,tmp/frame-timing-audit/sheets/majin-buu__jabright.png,2,reference:riven
True,majin-buu,Majin Buu,3,5,kickright,12,13,24,49,4,3,3,26,19,49,tmp/frame-timing-audit/sheets/majin-buu__kickright.png,8,reference:kiro
True,momotaro-tsurugi,Momotaro Tsurugi,3,4,cmd:1+2,11,8,26,45,3,2,2,24,18,45,tmp/frame-timing-audit/sheets/momotaro-tsurugi__cmd_1plus2.png,6,reference:riven
True,momotaro-tsurugi,Momotaro Tsurugi,2,5,cmd:1+3,22,7,20,49,3,2,2,28,18,49,tmp/frame-timing-audit/sheets/momotaro-tsurugi__cmd_1plus3.png,7,reference:riven
True,momotaro-tsurugi,Momotaro Tsurugi,4,6,cmd:2+3,10,4,29,43,3,2,3,22,18,43,tmp/frame-timing-audit/sheets/momotaro-tsurugi__cmd_2plus3.png,7,reference:riven
True,momotaro-tsurugi,Momotaro Tsurugi,4,6,cmd:2+4,15,6,27,48,3,3,3,25,20,48,tmp/frame-timing-audit/sheets/momotaro-tsurugi__cmd_2plus4.png,8,reference:kiro
True,momotaro-tsurugi,Momotaro Tsurugi,2,3,cmd:3+4,13,21,22,56,4,2,2,30,22,56,tmp/frame-timing-audit/sheets/momotaro-tsurugi__cmd_3plus4.png,6,reference:kiro
True,momotaro-tsurugi,Momotaro Tsurugi,0,1,jableft,2,21,4,27,2,2,2,15,10,27,tmp/frame-timing-audit/sheets/momotaro-tsurugi__jableft.png,6,reference:kiro
True,momotaro-tsurugi,Momotaro Tsurugi,1,2,jabright,4,15,11,30,2,2,2,16,12,30,tmp/frame-timing-audit/sheets/momotaro-tsurugi__jabright.png,5,reference:riven
True,monkey-d-luffy,Monkey D. Luffy,2,3,cmd:1+2,8,6,20,34,7,1,2,16,11,34,tmp/frame-timing-audit/sheets/monkey-d-luffy__cmd_1plus2.png,5,reference:riven
True,monkey-d-luffy,Monkey D. Luffy,1,2,cmd:1+3,8,15,7,30,4,2,3,11,15,30,tmp/frame-timing-audit/sheets/monkey-d-luffy__cmd_1plus3.png,5,reference:kiro
True,monkey-d-luffy,Monkey D. Luffy,8,11,cmd:2+3,7,2,19,28,9,4,7,10,9,28,tmp/frame-timing-audit/sheets/monkey-d-luffy__cmd_2plus3.png,13,reference:riven
True,monkey-d-luffy,Monkey D. Luffy,12,18,cmd:2+4,12,6,23,41,9,8,12,17,15,41,tmp/frame-timing-audit/sheets/monkey-d-luffy__cmd_2plus4.png,22,reference:kiro
True,monkey-d-luffy,Monkey D. Luffy,0,1,jableft,2,21,4,27,2,2,2,15,10,27,tmp/frame-timing-audit/sheets/monkey-d-luffy__jableft.png,6,reference:kiro
True,monkey-d-luffy-2nd-gear,Monkey D. Luffy (2nd Gear),3,4,cmd:1+2,11,8,26,45,3,2,2,24,18,45,tmp/frame-timing-audit/sheets/monkey-d-luffy-2nd-gear__cmd_1plus2.png,6,reference:riven
True,monkey-d-luffy-2nd-gear,Monkey D. Luffy (2nd Gear),1,2,cmd:1+3,13,25,11,49,3,1,2,28,18,49,tmp/frame-timing-audit/sheets/monkey-d-luffy-2nd-gear__cmd_1plus3.png,5,reference:kiro
True,monkey-d-luffy-2nd-gear,Monkey D. Luffy (2nd Gear),3,5,cmd:2+4,15,6,27,48,3,2,3,25,20,48,tmp/frame-timing-audit/sheets/monkey-d-luffy-2nd-gear__cmd_2plus4.png,7,reference:kiro
True,monkey-d-luffy-2nd-gear,Monkey D. Luffy (2nd Gear),3,5,cmd:3+4,13,21,22,56,4,3,4,30,22,56,tmp/frame-timing-audit/sheets/monkey-d-luffy-2nd-gear__cmd_3plus4.png,9,reference:kiro
True,monkey-d-luffy-2nd-gear,Monkey D. Luffy (2nd Gear),0,0,jableft,2,18,4,24,2,1,1,13,9,24,tmp/frame-timing-audit/sheets/monkey-d-luffy-2nd-gear__jableft.png,3,reference:kiro
True,monkey-d-luffy-2nd-gear,Monkey D. Luffy (2nd Gear),1,2,jabright,4,15,11,30,2,2,2,16,12,30,tmp/frame-timing-audit/sheets/monkey-d-luffy-2nd-gear__jabright.png,5,reference:riven
True,nami,Nami,5,8,cmd:1+2,11,8,26,45,3,4,4,24,18,45,tmp/frame-timing-audit/sheets/nami__cmd_1plus2.png,10,reference:riven
True,nami,Nami,3,6,cmd:1+3,22,7,20,49,3,2,3,28,18,49,tmp/frame-timing-audit/sheets/nami__cmd_1plus3.png,8,reference:riven
True,nami,Nami,2,3,cmd:2+3,9,11,23,43,3,2,2,22,18,43,tmp/frame-timing-audit/sheets/nami__cmd_2plus3.png,5,reference:kiro
True,nami,Nami,5,8,cmd:2+4,15,6,27,48,3,4,4,25,20,48,tmp/frame-timing-audit/sheets/nami__cmd_2plus4.png,10,reference:kiro
True,nami,Nami,1,1,jableft,2,23,5,30,3,2,3,16,11,30,tmp/frame-timing-audit/sheets/nami__jableft.png,8,reference:kiro
True,nami,Nami,1,2,jabright,4,15,11,30,2,2,2,16,12,30,tmp/frame-timing-audit/sheets/nami__jabright.png,5,reference:riven
True,nami-perfect-clima-tact,Nami (Perfect Clima-Tact),2,3,cmd:1+2,5,4,12,21,3,2,2,9,9,21,tmp/frame-timing-audit/sheets/nami-perfect-clima-tact__cmd_1plus2.png,5,reference:riven
True,nami-perfect-clima-tact,Nami (Perfect Clima-Tact),3,7,cmd:1+3,22,7,20,49,3,3,3,28,18,49,tmp/frame-timing-audit/sheets/nami-perfect-clima-tact__cmd_1plus3.png,9,reference:riven
True,nami-perfect-clima-tact,Nami (Perfect Clima-Tact),6,8,cmd:2+3,10,4,29,43,3,4,4,22,18,43,tmp/frame-timing-audit/sheets/nami-perfect-clima-tact__cmd_2plus3.png,10,reference:riven
True,nami-perfect-clima-tact,Nami (Perfect Clima-Tact),3,5,cmd:2+4,15,6,27,48,3,2,2,25,20,48,tmp/frame-timing-audit/sheets/nami-perfect-clima-tact__cmd_2plus4.png,6,reference:kiro
True,nami-perfect-clima-tact,Nami (Perfect Clima-Tact),3,4,cmd:3+4,13,21,22,56,4,3,3,30,22,56,tmp/frame-timing-audit/sheets/nami-perfect-clima-tact__cmd_3plus4.png,8,reference:kiro
True,nami-perfect-clima-tact,Nami (Perfect Clima-Tact),1,1,jableft,2,22,5,29,3,2,3,15,11,29,tmp/frame-timing-audit/sheets/nami-perfect-clima-tact__jableft.png,7,reference:kiro
True,nami-perfect-clima-tact,Nami (Perfect Clima-Tact),1,2,jabright,4,15,11,30,2,2,2,16,12,30,tmp/frame-timing-audit/sheets/nami-perfect-clima-tact__jabright.png,5,reference:riven
True,naruto-uzumaki-nine-tails-kyubi,Naruto Uzumaki (Nine-Tails_Kyubi),5,7,cmd:1+2,11,8,26,45,3,3,4,24,18,45,tmp/frame-timing-audit/sheets/naruto-uzumaki-nine-tails-kyubi__cmd_1plus2.png,9,reference:riven
True,naruto-uzumaki-nine-tails-kyubi,Naruto Uzumaki (Nine-Tails_Kyubi),2,5,cmd:1+3,22,7,20,49,3,2,2,28,18,49,tmp/frame-timing-audit/sheets/naruto-uzumaki-nine-tails-kyubi__cmd_1plus3.png,6,reference:riven
True,naruto-uzumaki-nine-tails-kyubi,Naruto Uzumaki (Nine-Tails_Kyubi),8,9,cmd:1+4,3,11,19,33,8,5,8,13,12,33,tmp/frame-timing-audit/sheets/naruto-uzumaki-nine-tails-kyubi__cmd_1plus4.png,15,reference:riven
True,naruto-uzumaki-nine-tails-kyubi,Naruto Uzumaki (Nine-Tails_Kyubi),8,10,cmd:2+3,11,4,30,45,3,4,5,24,18,45,tmp/frame-timing-audit/sheets/naruto-uzumaki-nine-tails-kyubi__cmd_2plus3.png,12,reference:riven
True,naruto-uzumaki-nine-tails-kyubi,Naruto Uzumaki (Nine-Tails_Kyubi),0,1,jableft,2,21,4,27,2,2,2,15,10,27,tmp/frame-timing-audit/sheets/naruto-uzumaki-nine-tails-kyubi__jableft.png,6,reference:kiro
True,naruto-uzumaki-nine-tails-kyubi,Naruto Uzumaki (Nine-Tails_Kyubi),2,3,jabright,4,17,11,32,2,2,3,17,13,32,tmp/frame-timing-audit/sheets/naruto-uzumaki-nine-tails-kyubi__jabright.png,7,reference:riven
True,naruto-uzumaki-nine-tails-kyubi,Naruto Uzumaki (Nine-Tails_Kyubi),3,4,kickleft,9,12,23,44,3,2,2,23,18,44,tmp/frame-timing-audit/sheets/naruto-uzumaki-nine-tails-kyubi__kickleft.png,6,reference:kiro
True,near,Near,1,1,jableft,2,23,5,30,3,2,3,16,11,30,tmp/frame-timing-audit/sheets/near__jableft.png,8,reference:kiro
True,near,Near,0,0,jabright,3,14,10,27,2,0,0,14,11,27,tmp/frame-timing-audit/sheets/near__jabright.png,1,reference:riven
True,near,Near,0,1,kickleft,14,17,9,40,3,1,1,21,16,40,tmp/frame-timing-audit/sheets/near__kickleft.png,3,reference:riven
True,neuro-nogami,Neuro Nogami,10,15,cmd:1+2,11,8,26,45,3,7,8,24,18,45,tmp/frame-timing-audit/sheets/neuro-nogami__cmd_1plus2.png,19,reference:riven
True,neuro-nogami,Neuro Nogami,2,5,cmd:1+3,22,7,20,49,3,2,2,28,18,49,tmp/frame-timing-audit/sheets/neuro-nogami__cmd_1plus3.png,7,reference:riven
True,neuro-nogami,Neuro Nogami,5,7,cmd:2+4,13,6,24,43,6,3,4,22,15,43,tmp/frame-timing-audit/sheets/neuro-nogami__cmd_2plus4.png,9,reference:kiro
True,neuro-nogami,Neuro Nogami,4,6,cmd:3+4,7,13,12,32,6,4,6,13,13,32,tmp/frame-timing-audit/sheets/neuro-nogami__cmd_3plus4.png,11,reference:kiro
True,neuro-nogami,Neuro Nogami,0,0,jableft,2,20,4,26,2,1,2,14,10,26,tmp/frame-timing-audit/sheets/neuro-nogami__jableft.png,5,reference:kiro
True,nico-robin,Nico Robin,5,7,cmd:1+2,11,8,26,45,3,3,4,24,18,45,tmp/frame-timing-audit/sheets/nico-robin__cmd_1plus2.png,9,reference:riven
True,nico-robin,Nico Robin,7,15,cmd:1+3,22,7,20,49,3,6,7,28,18,49,tmp/frame-timing-audit/sheets/nico-robin__cmd_1plus3.png,19,reference:riven
True,nico-robin,Nico Robin,8,11,cmd:2+3,10,4,29,43,3,5,6,22,18,43,tmp/frame-timing-audit/sheets/nico-robin__cmd_2plus3.png,13,reference:riven
True,nico-robin,Nico Robin,4,6,cmd:2+4,15,6,27,48,3,3,3,25,20,48,tmp/frame-timing-audit/sheets/nico-robin__cmd_2plus4.png,8,reference:kiro
True,nico-robin,Nico Robin,4,6,cmd:3+4,13,21,22,56,4,4,4,30,22,56,tmp/frame-timing-audit/sheets/nico-robin__cmd_3plus4.png,11,reference:kiro
True,nico-robin,Nico Robin,1,1,jableft,2,22,5,29,3,2,3,15,11,29,tmp/frame-timing-audit/sheets/nico-robin__jableft.png,7,reference:kiro
True,pegasus-seiya,Pegasus Seiya,3,4,cmd:1+2,11,8,26,45,3,2,2,24,18,45,tmp/frame-timing-audit/sheets/pegasus-seiya__cmd_1plus2.png,6,reference:riven
True,pegasus-seiya,Pegasus Seiya,0,1,cmd:1+3,6,10,5,21,3,1,2,9,9,21,tmp/frame-timing-audit/sheets/pegasus-seiya__cmd_1plus3.png,4,reference:kiro
True,pegasus-seiya,Pegasus Seiya,6,8,cmd:2+3,10,4,29,43,3,4,4,22,18,43,tmp/frame-timing-audit/sheets/pegasus-seiya__cmd_2plus3.png,10,reference:riven
True,pegasus-seiya,Pegasus Seiya,0,0,jableft,2,20,4,26,2,1,1,14,10,26,tmp/frame-timing-audit/sheets/pegasus-seiya__jableft.png,4,reference:kiro
True,pegasus-seiya,Pegasus Seiya,1,2,jabright,4,15,11,30,2,2,2,16,12,30,tmp/frame-timing-audit/sheets/pegasus-seiya__jabright.png,5,reference:riven
True,pegasus-seiya,Pegasus Seiya,0,1,kickleft,14,17,9,40,3,1,1,21,16,40,tmp/frame-timing-audit/sheets/pegasus-seiya__kickleft.png,3,reference:riven
True,piccolo,Piccolo,3,4,cmd:1+2,6,5,14,25,3,2,2,13,9,25,tmp/frame-timing-audit/sheets/piccolo__cmd_1plus2.png,6,reference:riven
True,piccolo,Piccolo,5,10,cmd:1+3,19,7,18,44,3,4,4,27,14,44,tmp/frame-timing-audit/sheets/piccolo__cmd_1plus3.png,13,reference:riven
True,piccolo,Piccolo,3,4,cmd:2+3,9,11,23,43,3,2,2,22,18,43,tmp/frame-timing-audit/sheets/piccolo__cmd_2plus3.png,6,reference:kiro
True,piccolo,Piccolo,0,0,jableft,2,18,4,24,2,1,1,13,9,24,tmp/frame-timing-audit/sheets/piccolo__jableft.png,3,reference:kiro
True,piccolo,Piccolo,3,5,kickright,12,13,24,49,4,3,3,26,19,49,tmp/frame-timing-audit/sheets/piccolo__kickright.png,8,reference:kiro
True,raoh,Raoh,7,10,cmd:1+2,10,7,24,41,5,4,6,21,15,41,tmp/frame-timing-audit/sheets/raoh__cmd_1plus2.png,13,reference:riven
True,raoh,Raoh,2,5,cmd:1+3,20,6,19,45,6,2,2,25,14,45,tmp/frame-timing-audit/sheets/raoh__cmd_1plus3.png,7,reference:riven
True,raoh,Raoh,4,5,cmd:1+4,3,12,20,35,6,2,3,20,9,35,tmp/frame-timing-audit/sheets/raoh__cmd_1plus4.png,8,reference:riven
True,raoh,Raoh,10,14,cmd:2+3,10,4,29,43,3,6,7,22,18,43,tmp/frame-timing-audit/sheets/raoh__cmd_2plus3.png,16,reference:riven
True,raoh,Raoh,1,1,jableft,2,23,5,30,3,2,3,16,11,30,tmp/frame-timing-audit/sheets/raoh__jableft.png,8,reference:kiro
True,raoh,Raoh,3,4,kickleft,9,12,23,44,3,2,2,23,18,44,tmp/frame-timing-audit/sheets/raoh__kickleft.png,6,reference:kiro
True,renji-abarai,Renji Abarai,8,11,cmd:1+2,14,11,33,58,11,4,7,29,18,58,tmp/frame-timing-audit/sheets/renji-abarai__cmd_1plus2.png,15,reference:riven
True,renji-abarai,Renji Abarai,5,10,cmd:1+3,22,7,20,49,3,4,5,28,18,49,tmp/frame-timing-audit/sheets/renji-abarai__cmd_1plus3.png,13,reference:riven
True,renji-abarai,Renji Abarai,0,0,jableft,2,20,4,26,2,1,2,14,10,26,tmp/frame-timing-audit/sheets/renji-abarai__jableft.png,5,reference:kiro
True,renji-abarai,Renji Abarai,1,1,jabright,4,15,11,30,2,1,1,16,12,30,tmp/frame-timing-audit/sheets/renji-abarai__jabright.png,4,reference:riven
True,roronoa-zoro,Roronoa Zoro,4,5,cmd:1+2,11,8,26,45,3,2,3,24,18,45,tmp/frame-timing-audit/sheets/roronoa-zoro__cmd_1plus2.png,7,reference:riven
True,roronoa-zoro,Roronoa Zoro,3,6,cmd:1+3,22,7,20,49,3,2,3,28,18,49,tmp/frame-timing-audit/sheets/roronoa-zoro__cmd_1plus3.png,8,reference:riven
True,roronoa-zoro,Roronoa Zoro,6,7,cmd:2+3,10,4,29,43,3,3,4,22,18,43,tmp/frame-timing-audit/sheets/roronoa-zoro__cmd_2plus3.png,9,reference:riven
True,roronoa-zoro,Roronoa Zoro,5,8,cmd:2+4,15,6,27,48,3,4,4,25,20,48,tmp/frame-timing-audit/sheets/roronoa-zoro__cmd_2plus4.png,10,reference:kiro
True,roronoa-zoro,Roronoa Zoro,4,7,cmd:3+4,13,21,22,56,4,4,5,30,22,56,tmp/frame-timing-audit/sheets/roronoa-zoro__cmd_3plus4.png,12,reference:kiro
True,roronoa-zoro,Roronoa Zoro,0,0,jableft,2,20,4,26,2,1,2,14,10,26,tmp/frame-timing-audit/sheets/roronoa-zoro__jableft.png,5,reference:kiro
True,roronoa-zoro,Roronoa Zoro,2,3,jabright,4,18,12,34,3,3,3,18,13,34,tmp/frame-timing-audit/sheets/roronoa-zoro__jabright.png,8,reference:riven
True,rukia-kuchiki,Rukia Kuchiki,1,1,jableft,2,22,5,29,3,2,3,15,11,29,tmp/frame-timing-audit/sheets/rukia-kuchiki__jableft.png,7,reference:kiro
True,rukia-kuchiki,Rukia Kuchiki,3,5,jabright,5,18,13,36,3,4,4,19,14,36,tmp/frame-timing-audit/sheets/rukia-kuchiki__jabright.png,11,reference:riven
True,rukia-kuchiki,Rukia Kuchiki,2,3,kickleft,9,11,22,42,3,2,2,22,17,42,tmp/frame-timing-audit/sheets/rukia-kuchiki__kickleft.png,5,reference:kiro
True,rukia-kuchiki,Rukia Kuchiki,2,3,kickright,10,12,21,43,3,1,2,23,17,43,tmp/frame-timing-audit/sheets/rukia-kuchiki__kickright.png,5,reference:kiro
True,ryotsu-kankichi,Ryotsu Kankichi,3,4,cmd:1+2,8,5,17,30,5,2,3,14,11,30,tmp/frame-timing-audit/sheets/ryotsu-kankichi__cmd_1plus2.png,6,reference:riven
True,ryotsu-kankichi,Ryotsu Kankichi,2,5,cmd:1+3,22,7,20,49,3,2,2,28,18,49,tmp/frame-timing-audit/sheets/ryotsu-kankichi__cmd_1plus3.png,7,reference:riven
True,ryotsu-kankichi,Ryotsu Kankichi,2,3,cmd:2+3,9,12,24,45,3,2,2,24,18,45,tmp/frame-timing-audit/sheets/ryotsu-kankichi__cmd_2plus3.png,5,reference:kiro
True,ryotsu-kankichi,Ryotsu Kankichi,1,2,cmd:2+4,15,6,27,48,3,1,1,25,20,48,tmp/frame-timing-audit/sheets/ryotsu-kankichi__cmd_2plus4.png,3,reference:kiro
True,ryotsu-kankichi,Ryotsu Kankichi,2,3,cmd:3+4,8,14,13,35,6,2,3,16,13,35,tmp/frame-timing-audit/sheets/ryotsu-kankichi__cmd_3plus4.png,6,reference:kiro
True,ryotsu-kankichi,Ryotsu Kankichi,0,0,jableft,2,20,4,26,2,1,1,14,10,26,tmp/frame-timing-audit/sheets/ryotsu-kankichi__jableft.png,4,reference:kiro
True,ryotsu-kankichi,Ryotsu Kankichi,1,2,jabright,4,15,11,30,2,2,2,16,12,30,tmp/frame-timing-audit/sheets/ryotsu-kankichi__jabright.png,5,reference:riven
True,ryotsu-kankichi,Ryotsu Kankichi,2,4,kickright,11,12,22,45,3,2,2,24,18,45,tmp/frame-timing-audit/sheets/ryotsu-kankichi__kickright.png,6,reference:kiro
True,sakura-haruno,Sakura Haruno,6,8,cmd:1+2,11,8,26,45,3,4,4,24,18,45,tmp/frame-timing-audit/sheets/sakura-haruno__cmd_1plus2.png,11,reference:riven
True,sakura-haruno,Sakura Haruno,2,5,cmd:1+3,22,7,20,49,3,2,2,28,18,49,tmp/frame-timing-audit/sheets/sakura-haruno__cmd_1plus3.png,7,reference:riven
True,sakura-haruno,Sakura Haruno,6,8,cmd:2+3,10,4,29,43,3,4,4,22,18,43,tmp/frame-timing-audit/sheets/sakura-haruno__cmd_2plus3.png,10,reference:riven
True,sakura-haruno,Sakura Haruno,1,2,jableft,3,24,5,32,3,4,4,17,12,32,tmp/frame-timing-audit/sheets/sakura-haruno__jableft.png,11,reference:kiro
True,sakura-haruno,Sakura Haruno,6,8,kickleft,11,14,28,53,4,4,5,28,21,53,tmp/frame-timing-audit/sheets/sakura-haruno__kickleft.png,12,reference:kiro
True,sanji-vinsmoke,Sanji Vinsmoke,6,8,cmd:1+2,11,8,26,45,3,4,4,24,18,45,tmp/frame-timing-audit/sheets/sanji-vinsmoke__cmd_1plus2.png,11,reference:riven
True,sanji-vinsmoke,Sanji Vinsmoke,7,9,cmd:2+3,10,4,29,43,3,4,5,22,18,43,tmp/frame-timing-audit/sheets/sanji-vinsmoke__cmd_2plus3.png,11,reference:riven
True,sanji-vinsmoke,Sanji Vinsmoke,4,5,cmd:2+4,6,3,12,21,3,4,4,6,12,21,tmp/frame-timing-audit/sheets/sanji-vinsmoke__cmd_2plus4.png,7,reference:kiro
True,sanji-vinsmoke,Sanji Vinsmoke,4,6,cmd:3+4,7,12,12,31,10,5,8,8,13,31,tmp/frame-timing-audit/sheets/sanji-vinsmoke__cmd_3plus4.png,12,reference:kiro
True,sanji-vinsmoke,Sanji Vinsmoke,4,5,kickleft,10,13,25,48,4,3,3,25,19,48,tmp/frame-timing-audit/sheets/sanji-vinsmoke__kickleft.png,8,reference:kiro
True,sanji-vinsmoke,Sanji Vinsmoke,2,4,kickright,11,12,22,45,3,2,2,24,18,45,tmp/frame-timing-audit/sheets/sanji-vinsmoke__kickright.png,6,reference:kiro
True,seto-kaiba,Seto Kaiba,3,4,kickleft,9,12,23,44,3,2,2,23,18,44,tmp/frame-timing-audit/sheets/seto-kaiba__kickleft.png,6,reference:kiro
True,seto-kaiba,Seto Kaiba,3,5,kickright,12,13,24,49,4,3,3,26,19,49,tmp/frame-timing-audit/sheets/seto-kaiba__kickright.png,8,reference:kiro
True,sven-vollfied,Sven Vollfied,3,4,kickleft,9,12,23,44,3,2,2,23,18,44,tmp/frame-timing-audit/sheets/sven-vollfied__kickleft.png,6,reference:kiro
True,sven-vollfied,Sven Vollfied,2,3,kickright,10,12,21,43,3,1,2,23,17,43,tmp/frame-timing-audit/sheets/sven-vollfied__kickright.png,5,reference:kiro
True,taikoubou,Taikoubou,7,10,cmd:1+2,11,8,26,45,3,5,5,24,18,45,tmp/frame-timing-audit/sheets/taikoubou__cmd_1plus2.png,13,reference:riven
True,taikoubou,Taikoubou,0,1,cmd:1+3,13,25,11,49,3,1,1,28,18,49,tmp/frame-timing-audit/sheets/taikoubou__cmd_1plus3.png,3,reference:kiro
True,taikoubou,Taikoubou,4,6,cmd:2+3,6,2,17,25,4,2,3,12,9,25,tmp/frame-timing-audit/sheets/taikoubou__cmd_2plus3.png,7,reference:riven
True,taikoubou,Taikoubou,6,9,cmd:2+4,15,6,27,48,3,4,5,25,20,48,tmp/frame-timing-audit/sheets/taikoubou__cmd_2plus4.png,11,reference:kiro
True,taikoubou,Taikoubou,0,0,jableft,2,20,4,26,2,1,2,14,10,26,tmp/frame-timing-audit/sheets/taikoubou__jableft.png,5,reference:kiro
True,taikoubou,Taikoubou,2,2,jabright,4,16,11,31,2,2,2,17,12,31,tmp/frame-timing-audit/sheets/taikoubou__jabright.png,6,reference:riven
True,toshiro-hitsugaya,Tōshirō Hitsugaya,2,4,cmd:1+2,11,8,26,45,3,2,2,24,18,45,tmp/frame-timing-audit/sheets/toshiro-hitsugaya__cmd_1plus2.png,5,reference:riven
True,toshiro-hitsugaya,Tōshirō Hitsugaya,4,10,cmd:1+3,22,7,20,49,3,4,4,28,18,49,tmp/frame-timing-audit/sheets/toshiro-hitsugaya__cmd_1plus3.png,12,reference:riven
True,toshiro-hitsugaya,Tōshirō Hitsugaya,3,4,cmd:2+3,6,8,16,30,5,2,3,12,13,30,tmp/frame-timing-audit/sheets/toshiro-hitsugaya__cmd_2plus3.png,6,reference:kiro
True,toshiro-hitsugaya,Tōshirō Hitsugaya,6,10,cmd:2+4,15,6,27,48,3,5,5,25,20,48,tmp/frame-timing-audit/sheets/toshiro-hitsugaya__cmd_2plus4.png,12,reference:kiro
True,toshiro-hitsugaya,Tōshirō Hitsugaya,4,6,cmd:3+4,8,13,13,34,5,3,4,18,11,34,tmp/frame-timing-audit/sheets/toshiro-hitsugaya__cmd_3plus4.png,11,reference:kiro
True,toshiro-hitsugaya,Tōshirō Hitsugaya,1,2,jableft,3,24,5,32,3,3,4,17,12,32,tmp/frame-timing-audit/sheets/toshiro-hitsugaya__jableft.png,10,reference:kiro
True,toshiro-hitsugaya,Tōshirō Hitsugaya,2,3,jabright,4,18,12,34,3,3,3,18,13,34,tmp/frame-timing-audit/sheets/toshiro-hitsugaya__jabright.png,8,reference:riven
True,train-heartnet,Train Heartnet,3,4,cmd:1+2,11,8,26,45,3,2,2,24,18,45,tmp/frame-timing-audit/sheets/train-heartnet__cmd_1plus2.png,6,reference:riven
True,train-heartnet,Train Heartnet,3,7,cmd:1+3,22,7,20,49,3,3,3,28,18,49,tmp/frame-timing-audit/sheets/train-heartnet__cmd_1plus3.png,9,reference:riven
True,train-heartnet,Train Heartnet,5,7,cmd:2+3,10,4,29,43,3,3,3,22,18,43,tmp/frame-timing-audit/sheets/train-heartnet__cmd_2plus3.png,8,reference:riven
True,train-heartnet,Train Heartnet,2,3,cmd:3+4,10,16,17,43,6,2,3,20,17,43,tmp/frame-timing-audit/sheets/train-heartnet__cmd_3plus4.png,6,reference:kiro
True,train-heartnet,Train Heartnet,0,1,jableft,2,21,4,27,2,2,2,15,10,27,tmp/frame-timing-audit/sheets/train-heartnet__jableft.png,6,reference:kiro
True,train-heartnet,Train Heartnet,2,2,jabright,4,16,11,31,2,2,2,17,12,31,tmp/frame-timing-audit/sheets/train-heartnet__jabright.png,6,reference:riven
True,vegeta,Vegeta,2,4,cmd:1+2,11,8,26,45,3,2,2,24,18,45,tmp/frame-timing-audit/sheets/vegeta__cmd_1plus2.png,5,reference:riven
True,vegeta,Vegeta,0,1,cmd:1+3,7,13,6,26,3,1,1,14,9,26,tmp/frame-timing-audit/sheets/vegeta__cmd_1plus3.png,4,reference:kiro
True,vegeta,Vegeta,6,9,cmd:2+4,14,6,25,45,10,4,6,17,18,45,tmp/frame-timing-audit/sheets/vegeta__cmd_2plus4.png,11,reference:kiro
True,vegeta,Vegeta,1,2,cmd:3+4,13,21,22,56,4,1,1,30,22,56,tmp/frame-timing-audit/sheets/vegeta__cmd_3plus4.png,4,reference:kiro
True,vegeta,Vegeta,0,0,jableft,2,20,4,26,2,1,1,14,10,26,tmp/frame-timing-audit/sheets/vegeta__jableft.png,4,reference:kiro
True,vegeta,Vegeta,1,1,jabright,4,15,11,30,2,1,1,16,12,30,tmp/frame-timing-audit/sheets/vegeta__jabright.png,4,reference:riven
True,vegeta,Vegeta,3,4,kickleft,9,12,23,44,3,2,2,23,18,44,tmp/frame-timing-audit/sheets/vegeta__kickleft.png,6,reference:kiro
True,vegeta,Vegeta,2,4,kickright,11,12,22,45,3,2,2,24,18,45,tmp/frame-timing-audit/sheets/vegeta__kickright.png,6,reference:kiro
True,vegeta-super-saiyan,Vegeta (Super Saiyan),0,1,cmd:1+3,13,25,11,49,3,1,1,28,18,49,tmp/frame-timing-audit/sheets/vegeta-super-saiyan__cmd_1plus3.png,4,reference:kiro
True,vegeta-super-saiyan,Vegeta (Super Saiyan),0,0,jableft,2,20,4,26,2,1,1,14,10,26,tmp/frame-timing-audit/sheets/vegeta-super-saiyan__jableft.png,4,reference:kiro
True,vegeta-super-saiyan,Vegeta (Super Saiyan),1,2,jabright,4,15,11,30,2,2,2,16,12,30,tmp/frame-timing-audit/sheets/vegeta-super-saiyan__jabright.png,5,reference:riven
True,vegeta-super-saiyan,Vegeta (Super Saiyan),3,4,kickleft,9,12,23,44,3,2,2,23,18,44,tmp/frame-timing-audit/sheets/vegeta-super-saiyan__kickleft.png,6,reference:kiro
True,vegeta-super-saiyan,Vegeta (Super Saiyan),2,4,kickright,11,12,22,45,3,2,2,24,18,45,tmp/frame-timing-audit/sheets/vegeta-super-saiyan__kickright.png,6,reference:kiro
True,vegito,Vegito,3,4,cmd:2+3,9,11,23,43,3,2,2,22,18,43,tmp/frame-timing-audit/sheets/vegito__cmd_2plus3.png,6,reference:kiro
True,vegito,Vegito,2,4,cmd:2+4,15,6,27,48,3,2,2,25,20,48,tmp/frame-timing-audit/sheets/vegito__cmd_2plus4.png,5,reference:kiro
True,vegito,Vegito,3,4,cmd:3+4,13,21,22,56,4,3,3,30,22,56,tmp/frame-timing-audit/sheets/vegito__cmd_3plus4.png,8,reference:kiro
True,vegito,Vegito,1,2,jabright,4,15,11,30,2,2,2,16,12,30,tmp/frame-timing-audit/sheets/vegito__jabright.png,5,reference:riven
True,vegito,Vegito,4,6,kickleft,10,13,25,48,4,3,4,25,19,48,tmp/frame-timing-audit/sheets/vegito__kickleft.png,9,reference:kiro
True,vegito,Vegito,4,6,kickright,12,13,24,49,4,3,4,26,19,49,tmp/frame-timing-audit/sheets/vegito__kickright.png,9,reference:kiro
True,yasutora-sado,Yasutora Sado,2,2,jabright,4,16,11,31,2,2,2,17,12,31,tmp/frame-timing-audit/sheets/yasutora-sado__jabright.png,6,reference:riven
True,yasutora-sado,Yasutora Sado,0,2,kickleft,15,18,9,42,3,1,1,22,17,42,tmp/frame-timing-audit/sheets/yasutora-sado__kickleft.png,4,reference:riven
True,yasutora-sado,Yasutora Sado,2,3,kickright,10,12,21,43,3,1,2,23,17,43,tmp/frame-timing-audit/sheets/yasutora-sado__kickright.png,5,reference:kiro
True,yoh-asakura,Yoh Asakura,2,4,cmd:1+2,11,8,26,45,3,2,2,24,18,45,tmp/frame-timing-audit/sheets/yoh-asakura__cmd_1plus2.png,5,reference:riven
True,yoh-asakura,Yoh Asakura,3,6,cmd:1+3,22,7,20,49,3,2,3,28,18,49,tmp/frame-timing-audit/sheets/yoh-asakura__cmd_1plus3.png,8,reference:riven
True,yoh-asakura,Yoh Asakura,2,3,cmd:2+3,9,11,23,43,3,2,2,22,18,43,tmp/frame-timing-audit/sheets/yoh-asakura__cmd_2plus3.png,5,reference:kiro
True,yoh-asakura,Yoh Asakura,4,6,cmd:2+4,15,6,27,48,3,3,3,25,20,48,tmp/frame-timing-audit/sheets/yoh-asakura__cmd_2plus4.png,8,reference:kiro
True,yoh-asakura,Yoh Asakura,2,4,cmd:3+4,13,21,22,56,4,2,3,30,22,56,tmp/frame-timing-audit/sheets/yoh-asakura__cmd_3plus4.png,7,reference:kiro
True,yoh-asakura,Yoh Asakura,2,2,jabright,4,16,11,31,2,2,2,17,12,31,tmp/frame-timing-audit/sheets/yoh-asakura__jabright.png,6,reference:riven
True,yoh-asakura-power-sword,Yoh Asakura (Power Sword),4,6,cmd:1+2,11,8,26,45,3,3,3,24,18,45,tmp/frame-timing-audit/sheets/yoh-asakura-power-sword__cmd_1plus2.png,8,reference:riven
True,yoh-asakura-power-sword,Yoh Asakura (Power Sword),2,5,cmd:1+3,22,7,20,49,3,2,2,28,18,49,tmp/frame-timing-audit/sheets/yoh-asakura-power-sword__cmd_1plus3.png,6,reference:riven
True,yoh-asakura-power-sword,Yoh Asakura (Power Sword),6,7,cmd:2+3,10,4,29,43,3,3,4,22,18,43,tmp/frame-timing-audit/sheets/yoh-asakura-power-sword__cmd_2plus3.png,9,reference:riven
True,yoh-asakura-power-sword,Yoh Asakura (Power Sword),3,5,cmd:2+4,15,6,27,48,3,2,2,25,20,48,tmp/frame-timing-audit/sheets/yoh-asakura-power-sword__cmd_2plus4.png,6,reference:kiro
True,yoh-asakura-power-sword,Yoh Asakura (Power Sword),3,5,cmd:3+4,13,21,22,56,4,3,4,30,22,56,tmp/frame-timing-audit/sheets/yoh-asakura-power-sword__cmd_3plus4.png,9,reference:kiro
True,yoh-asakura-power-sword,Yoh Asakura (Power Sword),2,2,jabright,4,16,11,31,2,2,2,17,12,31,tmp/frame-timing-audit/sheets/yoh-asakura-power-sword__jabright.png,6,reference:riven
True,yugi-mutou,Yugi Mutou,3,4,cmd:1+2,11,8,26,45,3,2,2,24,18,45,tmp/frame-timing-audit/sheets/yugi-mutou__cmd_1plus2.png,6,reference:riven
True,yugi-mutou,Yugi Mutou,1,2,cmd:1+3,13,25,11,49,3,1,2,28,18,49,tmp/frame-timing-audit/sheets/yugi-mutou__cmd_1plus3.png,5,reference:kiro
True,yugi-mutou,Yugi Mutou,2,2,cmd:2+3,9,11,23,43,3,1,1,22,18,43,tmp/frame-timing-audit/sheets/yugi-mutou__cmd_2plus3.png,4,reference:kiro
True,yugi-mutou,Yugi Mutou,2,4,cmd:3+4,7,11,12,30,4,2,3,14,12,30,tmp/frame-timing-audit/sheets/yugi-mutou__cmd_3plus4.png,7,reference:kiro
True,yugi-mutou,Yugi Mutou,1,1,jableft,2,22,5,29,3,2,3,15,11,29,tmp/frame-timing-audit/sheets/yugi-mutou__jableft.png,7,reference:kiro
True,yugi-mutou,Yugi Mutou,3,4,jabright,5,18,13,36,3,3,4,19,14,36,tmp/frame-timing-audit/sheets/yugi-mutou__jabright.png,10,reference:riven
True,yusuke-urameshi,Yusuke Urameshi,5,8,cmd:1+2,11,8,26,45,3,4,4,24,18,45,tmp/frame-timing-audit/sheets/yusuke-urameshi__cmd_1plus2.png,10,reference:riven
True,yusuke-urameshi,Yusuke Urameshi,2,5,cmd:1+3,22,7,20,49,3,2,2,28,18,49,tmp/frame-timing-audit/sheets/yusuke-urameshi__cmd_1plus3.png,7,reference:riven
True,yusuke-urameshi,Yusuke Urameshi,5,7,cmd:2+3,10,4,29,43,3,3,3,22,18,43,tmp/frame-timing-audit/sheets/yusuke-urameshi__cmd_2plus3.png,8,reference:riven
True,yusuke-urameshi,Yusuke Urameshi,3,5,cmd:2+4,15,6,27,48,3,2,3,25,20,48,tmp/frame-timing-audit/sheets/yusuke-urameshi__cmd_2plus4.png,7,reference:kiro
True,yusuke-urameshi,Yusuke Urameshi,2,2,jabright,4,16,11,31,2,2,2,17,12,31,tmp/frame-timing-audit/sheets/yusuke-urameshi__jabright.png,6,reference:riven
