character,displayName,start,end,count,hidden,pngsExist
allen-walker,Allen Walker,16,16,1,False,True
allen-walker,Allen Walker,23,25,3,False,True
allen-walker,Allen Walker,27,27,1,False,True
allen-walker,Allen Walker,29,29,1,False,True
allen-walker,Allen Walker,35,39,5,False,True
allen-walker,Allen Walker,40,44,5,False,True
allen-walker,Allen Walker,49,49,1,False,True
allen-walker,Allen Walker,50,52,3,False,True
allen-walker,Allen Walker,58,59,2,False,True
allen-walker,Allen Walker,64,69,6,False,True
allen-walker,Allen Walker,70,73,4,False,True
allen-walker,Allen Walker,79,79,1,False,True
allen-walker,Allen Walker,104,109,6,False,True
allen-walker,Allen Walker,110,119,10,False,True
allen-walker,Allen Walker,120,129,10,False,True
allen-walker,Allen Walker,130,139,10,False,True
allen-walker,Allen Walker,140,144,5,False,True
allen-walker,Allen Walker,146,149,4,False,True
allen-walker,Allen Walker,150,159,10,False,True
allen-walker,Allen Walker,160,169,10,False,True
allen-walker,Allen Walker,170,170,1,False,True
allen-walker,Allen Walker,171,180,10,False,True
allen-walker,Allen Walker,181,190,10,False,True
allen-walker,Allen Walker,191,200,10,False,True
allen-walker,Allen Walker,201,210,10,False,True
allen-walker,Allen Walker,211,220,10,False,True
allen-walker,Allen Walker,221,230,10,False,True
allen-walker,Allen Walker,231,240,10,False,True
allen-walker,Allen Walker,241,250,10,False,True
allen-walker,Allen Walker,261,270,10,False,True
allen-walker,Allen Walker,271,280,10,False,True
allen-walker,Allen Walker,281,290,10,False,True
allen-walker,Allen Walker,291,300,10,False,True
allen-walker,Allen Walker,301,310,10,False,True
allen-walker,Allen Walker,311,320,10,False,True
allen-walker,Allen Walker,321,330,10,False,True
allen-walker,Allen Walker,331,340,10,False,True
allen-walker,Allen Walker,341,341,1,False,True
allen-walker,Allen Walker,342,351,10,False,True
allen-walker,Allen Walker,352,361,10,False,True
allen-walker,Allen Walker,362,366,5,False,True
allen-walker,Allen Walker,367,376,10,False,True
allen-walker,Allen Walker,377,386,10,False,True
allen-walker,Allen Walker,387,391,5,False,True
allen-walker,Allen Walker,392,401,10,False,True
allen-walker,Allen Walker,402,411,10,False,True
allen-walker,Allen Walker,412,417,6,False,True
allen-walker,Allen Walker,418,427,10,False,True
allen-walker,Allen Walker,428,437,10,False,True
allen-walker,Allen Walker,438,443,6,False,True
allen-walker,Allen Walker,444,453,10,False,True
allen-walker,Allen Walker,454,464,11,False,True
anna-kyoyama,Anna Kyoyama,2,3,2,False,True
anna-kyoyama,Anna Kyoyama,10,13,4,False,True
anna-kyoyama,Anna Kyoyama,20,21,2,False,True
anna-kyoyama,Anna Kyoyama,23,24,2,False,True
anna-kyoyama,Anna Kyoyama,26,29,4,False,True
anna-kyoyama,Anna Kyoyama,44,44,1,False,True
anna-kyoyama,Anna Kyoyama,49,49,1,False,True
anna-kyoyama,Anna Kyoyama,50,52,3,False,True
anna-kyoyama,Anna Kyoyama,57,59,3,False,True
anna-kyoyama,Anna Kyoyama,60,69,10,False,True
anna-kyoyama,Anna Kyoyama,70,79,10,False,True
anna-kyoyama,Anna Kyoyama,80,83,4,False,True
anna-kyoyama,Anna Kyoyama,94,94,1,False,True
anna-kyoyama,Anna Kyoyama,99,99,1,False,True
anna-kyoyama,Anna Kyoyama,110,119,10,False,True
anna-kyoyama,Anna Kyoyama,120,127,8,False,True
anna-kyoyama,Anna Kyoyama,133,134,2,False,True
anna-kyoyama,Anna Kyoyama,136,139,4,False,True
anna-kyoyama,Anna Kyoyama,140,149,10,False,True
anna-kyoyama,Anna Kyoyama,150,156,7,False,True
anna-kyoyama,Anna Kyoyama,167,170,4,False,True
anna-kyoyama,Anna Kyoyama,171,180,10,False,True
anna-kyoyama,Anna Kyoyama,181,189,9,False,True
arale-norimaki,Arale Norimaki,12,18,7,False,True
arale-norimaki,Arale Norimaki,22,25,4,False,True
arale-norimaki,Arale Norimaki,27,28,2,False,True
arale-norimaki,Arale Norimaki,44,44,1,False,True
arale-norimaki,Arale Norimaki,49,49,1,False,True
arale-norimaki,Arale Norimaki,50,56,7,False,True
arale-norimaki,Arale Norimaki,58,58,1,False,True
arale-norimaki,Arale Norimaki,61,61,1,False,True
arale-norimaki,Arale Norimaki,63,69,7,False,True
arale-norimaki,Arale Norimaki,70,79,10,False,True
arale-norimaki,Arale Norimaki,80,82,3,False,True
arale-norimaki,Arale Norimaki,84,85,2,False,True
arale-norimaki,Arale Norimaki,89,89,1,False,True
arale-norimaki,Arale Norimaki,94,94,1,False,True
arale-norimaki,Arale Norimaki,99,99,1,False,True
arale-norimaki,Arale Norimaki,100,101,2,False,True
arale-norimaki,Arale Norimaki,113,119,7,False,True
arale-norimaki,Arale Norimaki,120,126,7,False,True
arale-norimaki,Arale Norimaki,132,139,8,False,True
arale-norimaki,Arale Norimaki,140,145,6,False,True
arale-norimaki,Arale Norimaki,146,155,10,False,True
arale-norimaki,Arale Norimaki,156,160,5,False,True
arale-norimaki,Arale Norimaki,161,170,10,False,True
arale-norimaki,Arale Norimaki,171,172,2,False,True
bobobo-bo-bo-bobo,Bobobo-bo Bo-bobo,12,13,2,False,True
bobobo-bo-bo-bobo,Bobobo-bo Bo-bobo,16,16,1,False,True
bobobo-bo-bo-bobo,Bobobo-bo Bo-bobo,21,22,2,False,True
bobobo-bo-bo-bobo,Bobobo-bo Bo-bobo,25,26,2,False,True
bobobo-bo-bo-bobo,Bobobo-bo Bo-bobo,44,44,1,False,True
bobobo-bo-bo-bobo,Bobobo-bo Bo-bobo,54,59,6,False,True
bobobo-bo-bo-bobo,Bobobo-bo Bo-bobo,65,67,3,False,True
bobobo-bo-bo-bobo,Bobobo-bo Bo-bobo,72,79,8,False,True
bobobo-bo-bo-bobo,Bobobo-bo Bo-bobo,80,86,7,False,True
bobobo-bo-bo-bobo,Bobobo-bo Bo-bobo,88,89,2,False,True
bobobo-bo-bo-bobo,Bobobo-bo Bo-bobo,94,94,1,False,True
bobobo-bo-bo-bobo,Bobobo-bo Bo-bobo,104,109,6,False,True
bobobo-bo-bo-bobo,Bobobo-bo Bo-bobo,110,119,10,False,True
bobobo-bo-bo-bobo,Bobobo-bo Bo-bobo,120,122,3,False,True
bobobo-bo-bo-bobo,Bobobo-bo Bo-bobo,135,139,5,False,True
bobobo-bo-bo-bobo,Bobobo-bo Bo-bobo,140,146,7,False,True
bobobo-bo-bo-bobo,Bobobo-bo Bo-bobo,147,156,10,False,True
bobobo-bo-bo-bobo,Bobobo-bo Bo-bobo,157,160,4,False,True
bobobo-bo-bo-bobo,Bobobo-bo Bo-bobo,171,180,10,False,True
bobobo-bo-bo-bobo,Bobobo-bo Bo-bobo,181,183,3,False,True
bobobo-bo-bo-bobo,Bobobo-bo Bo-bobo,184,193,10,False,True
bobobo-bo-bo-bobo,Bobobo-bo Bo-bobo,194,203,10,False,True
bobobo-bo-bo-bobo,Bobobo-bo Bo-bobo,204,213,10,False,True
bobobo-bo-bo-bobo,Bobobo-bo Bo-bobo,214,222,9,False,True
bobobo-bo-bo-bobo,Bobobo-bo Bo-bobo,223,232,10,False,True
bobobo-bo-bo-bobo,Bobobo-bo Bo-bobo,233,242,10,False,True
bobobo-bo-bo-bobo,Bobobo-bo Bo-bobo,243,252,10,False,True
bobobo-bo-bo-bobo,Bobobo-bo Bo-bobo,253,262,10,False,True
bobobo-bo-bo-bobo,Bobobo-bo Bo-bobo,263,272,10,False,True
bobobo-bo-bo-bobo,Bobobo-bo Bo-bobo,273,282,10,False,True
bobobo-bo-bo-bobo,Bobobo-bo Bo-bobo,283,292,10,False,True
bobobo-bo-bo-bobo,Bobobo-bo Bo-bobo,293,302,10,False,True
bobobo-bo-bo-bobo,Bobobo-bo Bo-bobo,303,312,10,False,True
bobobo-bo-bo-bobo,Bobobo-bo Bo-bobo,323,332,10,False,True
bobobo-bo-bo-bobo,Bobobo-bo Bo-bobo,333,342,10,False,True
bobobo-bo-bo-bobo,Bobobo-bo Bo-bobo,343,352,10,False,True
bobobo-bo-bo-bobo,Bobobo-bo Bo-bobo,353,362,10,False,True
bobobo-bo-bo-bobo,Bobobo-bo Bo-bobo,363,372,10,False,True
bobobo-bo-bo-bobo,Bobobo-bo Bo-bobo,373,382,10,False,True
bobobo-bo-bo-bobo,Bobobo-bo Bo-bobo,383,392,10,False,True
caramelman-j,Caramelman J,20,23,4,False,True
caramelman-j,Caramelman J,25,26,2,False,True
caramelman-j,Caramelman J,29,29,1,False,True
caramelman-j,Caramelman J,44,44,1,False,True
caramelman-j,Caramelman J,49,49,1,False,True
caramelman-j,Caramelman J,54,54,1,False,True
caramelman-j,Caramelman J,59,59,1,False,True
caramelman-j,Caramelman J,60,67,8,False,True
caramelman-j,Caramelman J,69,69,1,False,True
caramelman-j,Caramelman J,74,74,1,False,True
caramelman-j,Caramelman J,79,79,1,False,True
caramelman-j,Caramelman J,80,87,8,False,True
caramelman-j,Caramelman J,89,89,1,False,True
caramelman-j,Caramelman J,97,106,10,False,True
caramelman-j,Caramelman J,111,111,1,False,True
caramelman-j,Caramelman J,116,116,1,False,True
caramelman-j,Caramelman J,121,121,1,False,True
caramelman-j,Caramelman J,126,126,1,False,True
caramelman-j,Caramelman J,135,135,1,False,True
cygnus-hyoga,Cygnus Hyōga,4,4,1,False,True
cygnus-hyoga,Cygnus Hyōga,9,9,1,False,True
cygnus-hyoga,Cygnus Hyōga,27,27,1,False,True
dio,DIO,8,9,2,False,True
dio,DIO,10,12,3,False,True
dio,DIO,14,19,6,False,True
dio,DIO,20,20,1,False,True
dio,DIO,22,22,1,False,True
dio,DIO,24,25,2,False,True
dio,DIO,44,44,1,False,True
dio,DIO,49,49,1,False,True
dio,DIO,64,69,6,False,True
dio,DIO,70,74,5,False,True
dio,DIO,79,79,1,False,True
dio,DIO,80,89,10,False,True
dio,DIO,94,94,1,False,True
dio,DIO,99,99,1,False,True
dio,DIO,100,109,10,False,True
dio,DIO,110,119,10,False,True
dio,DIO,120,129,10,False,True
dio,DIO,130,139,10,False,True
dio,DIO,140,148,9,False,True
dio,DIO,149,158,10,False,True
dio,DIO,159,159,1,False,True
dio,DIO,170,170,1,False,True
dio,DIO,171,180,10,False,True
dio,DIO,186,190,5,False,True
dio,DIO,191,200,10,False,True
dio,DIO,201,208,8,False,True
don-patch-poppa-rocks,Don Patch _ Poppa Rocks,18,18,1,False,True
don-patch-poppa-rocks,Don Patch _ Poppa Rocks,24,27,4,False,True
don-patch-poppa-rocks,Don Patch _ Poppa Rocks,29,29,1,False,True
don-patch-poppa-rocks,Don Patch _ Poppa Rocks,44,44,1,False,True
don-patch-poppa-rocks,Don Patch _ Poppa Rocks,49,49,1,False,True
don-patch-poppa-rocks,Don Patch _ Poppa Rocks,50,53,4,False,True
don-patch-poppa-rocks,Don Patch _ Poppa Rocks,58,59,2,False,True
don-patch-poppa-rocks,Don Patch _ Poppa Rocks,60,69,10,False,True
don-patch-poppa-rocks,Don Patch _ Poppa Rocks,70,75,6,False,True
don-patch-poppa-rocks,Don Patch _ Poppa Rocks,81,89,9,False,True
don-patch-poppa-rocks,Don Patch _ Poppa Rocks,99,99,1,False,True
don-patch-poppa-rocks,Don Patch _ Poppa Rocks,100,109,10,False,True
don-patch-poppa-rocks,Don Patch _ Poppa Rocks,110,116,7,False,True
don-patch-poppa-rocks,Don Patch _ Poppa Rocks,126,129,4,False,True
don-patch-poppa-rocks,Don Patch _ Poppa Rocks,130,133,4,False,True
don-patch-poppa-rocks,Don Patch _ Poppa Rocks,142,149,8,False,True
don-patch-poppa-rocks,Don Patch _ Poppa Rocks,150,153,4,False,True
don-patch-poppa-rocks,Don Patch _ Poppa Rocks,154,160,7,False,True
don-patch-poppa-rocks,Don Patch _ Poppa Rocks,162,163,2,False,True
don-patch-poppa-rocks,Don Patch _ Poppa Rocks,164,173,10,False,True
don-patch-poppa-rocks,Don Patch _ Poppa Rocks,174,183,10,False,True
don-patch-poppa-rocks,Don Patch _ Poppa Rocks,184,190,7,False,True
don-patch-poppa-rocks,Don Patch _ Poppa Rocks,191,191,1,False,True
don-patch-poppa-rocks,Don Patch _ Poppa Rocks,196,196,1,False,True
don-patch-poppa-rocks,Don Patch _ Poppa Rocks,201,205,5,False,True
don-patch-poppa-rocks,Don Patch _ Poppa Rocks,206,215,10,False,True
don-patch-poppa-rocks,Don Patch _ Poppa Rocks,216,225,10,False,True
don-patch-poppa-rocks,Don Patch _ Poppa Rocks,226,235,10,False,True
don-patch-poppa-rocks,Don Patch _ Poppa Rocks,236,245,10,False,True
don-patch-poppa-rocks,Don Patch _ Poppa Rocks,246,255,10,False,True
don-patch-poppa-rocks,Don Patch _ Poppa Rocks,256,265,10,False,True
don-patch-poppa-rocks,Don Patch _ Poppa Rocks,266,275,10,False,True
don-patch-poppa-rocks,Don Patch _ Poppa Rocks,276,285,10,False,True
don-patch-poppa-rocks,Don Patch _ Poppa Rocks,286,295,10,False,True
don-patch-poppa-rocks,Don Patch _ Poppa Rocks,296,305,10,False,True
don-patch-poppa-rocks,Don Patch _ Poppa Rocks,306,315,10,False,True
don-patch-poppa-rocks,Don Patch _ Poppa Rocks,316,325,10,False,True
don-patch-poppa-rocks,Don Patch _ Poppa Rocks,326,335,10,False,True
don-patch-poppa-rocks,Don Patch _ Poppa Rocks,336,345,10,False,True
don-patch-poppa-rocks,Don Patch _ Poppa Rocks,346,355,10,False,True
don-patch-poppa-rocks,Don Patch _ Poppa Rocks,356,364,9,False,True
don-patch-poppa-rocks,Don Patch _ Poppa Rocks,365,374,10,False,True
don-patch-poppa-rocks,Don Patch _ Poppa Rocks,375,380,6,False,True
dr-mashirito,Dr. Mashirito,8,9,2,False,True
dr-mashirito,Dr. Mashirito,10,11,2,False,True
dr-mashirito,Dr. Mashirito,13,17,5,False,True
dr-mashirito,Dr. Mashirito,22,23,2,False,True
dr-mashirito,Dr. Mashirito,27,27,1,False,True
dr-mashirito,Dr. Mashirito,44,44,1,False,True
dr-mashirito,Dr. Mashirito,53,55,3,False,True
dr-mashirito,Dr. Mashirito,58,59,2,False,True
dr-mashirito,Dr. Mashirito,65,69,5,False,True
dr-mashirito,Dr. Mashirito,76,79,4,False,True
dr-mashirito,Dr. Mashirito,80,89,10,False,True
dr-mashirito,Dr. Mashirito,94,94,1,False,True
dr-mashirito,Dr. Mashirito,99,99,1,False,True
dr-mashirito,Dr. Mashirito,100,109,10,False,True
dr-mashirito,Dr. Mashirito,110,119,10,False,True
dr-mashirito,Dr. Mashirito,121,129,9,False,True
dr-mashirito,Dr. Mashirito,130,134,5,False,True
dr-mashirito,Dr. Mashirito,141,141,1,False,True
dr-mashirito,Dr. Mashirito,149,154,6,False,True
dr-mashirito,Dr. Mashirito,155,158,4,False,True
dr-mashirito,Dr. Mashirito,160,161,2,False,True
dr-mashirito,Dr. Mashirito,163,168,6,False,True
dr-mashirito,Dr. Mashirito,179,179,1,False,True
dr-mashirito,Dr. Mashirito,184,185,2,False,True
dr-mashirito,Dr. Mashirito,187,192,6,False,True
dr-mashirito,Dr. Mashirito,193,202,10,False,True
dr-mashirito,Dr. Mashirito,203,211,9,False,True
dr-mashirito,Dr. Mashirito,217,222,6,False,True
dr-mashirito,Dr. Mashirito,233,242,10,False,True
dr-mashirito,Dr. Mashirito,243,252,10,False,True
dr-mashirito,Dr. Mashirito,253,262,10,False,True
dr-mashirito,Dr. Mashirito,263,272,10,False,True
dr-mashirito,Dr. Mashirito,273,279,7,False,True
dragon-shiryu,Dragon Shiryū,18,18,1,False,True
eve,Eve,12,13,2,False,True
eve,Eve,16,16,1,False,True
eve,Eve,24,27,4,False,True
eve,Eve,44,44,1,False,True
eve,Eve,49,49,1,False,True
eve,Eve,50,53,4,False,True
eve,Eve,58,59,2,False,True
eve,Eve,60,69,10,False,True
eve,Eve,70,78,9,False,True
eve,Eve,94,94,1,False,True
eve,Eve,99,99,1,False,True
eve,Eve,100,109,10,False,True
eve,Eve,110,110,1,False,True
eve,Eve,113,114,2,False,True
eve,Eve,116,119,4,False,True
eve,Eve,120,129,10,False,True
eve,Eve,130,135,6,False,True
eve,Eve,144,149,6,False,True
eve,Eve,150,152,3,False,True
eve,Eve,159,159,1,False,True
eve,Eve,160,169,10,False,True
eve,Eve,170,179,10,False,True
eve,Eve,180,189,10,False,True
eve,Eve,190,192,3,False,True
franky,Franky,12,13,2,False,True
franky,Franky,16,16,1,False,True
franky,Franky,23,25,3,False,True
franky,Franky,44,44,1,False,True
franky,Franky,49,49,1,False,True
franky,Franky,50,51,2,False,True
franky,Franky,56,59,4,False,True
franky,Franky,66,69,4,False,True
franky,Franky,70,76,7,False,True
franky,Franky,84,89,6,False,True
franky,Franky,94,94,1,False,True
franky,Franky,111,117,7,False,True
franky,Franky,131,137,7,False,True
franky,Franky,149,149,1,False,True
franky,Franky,150,157,8,False,True
franky,Franky,163,169,7,False,True
franky,Franky,170,179,10,False,True
franky,Franky,180,189,10,False,True
franky,Franky,190,196,7,False,True
franky,Franky,197,206,10,False,True
franky,Franky,207,216,10,False,True
franky,Franky,217,222,6,False,True
franky,Franky,223,232,10,False,True
frieza,Frieza,4,5,2,False,True
frieza,Frieza,10,10,1,False,True
frieza,Frieza,14,14,1,False,True
frieza,Frieza,17,19,3,False,True
frieza,Frieza,20,20,1,False,True
frieza,Frieza,22,22,1,False,True
frieza,Frieza,24,26,3,False,True
frieza,Frieza,49,49,1,False,True
frieza,Frieza,50,51,2,False,True
frieza,Frieza,64,69,6,False,True
frieza,Frieza,70,77,8,False,True
frieza,Frieza,85,89,5,False,True
frieza,Frieza,94,94,1,False,True
frieza,Frieza,99,99,1,False,True
frieza,Frieza,100,105,6,False,True
frieza,Frieza,113,119,7,False,True
frieza,Frieza,120,129,10,False,True
frieza,Frieza,130,130,1,False,True
frieza,Frieza,138,139,2,False,True
frieza,Frieza,140,141,2,False,True
frieza,Frieza,142,151,10,False,True
frieza,Frieza,152,155,4,False,True
frieza,Frieza,168,171,4,False,True
frieza,Frieza,172,177,6,False,True
fuusuke,Fuusuke,12,13,2,False,True
fuusuke,Fuusuke,23,24,2,False,True
fuusuke,Fuusuke,26,27,2,False,True
fuusuke,Fuusuke,44,44,1,False,True
fuusuke,Fuusuke,49,49,1,False,True
fuusuke,Fuusuke,50,51,2,False,True
fuusuke,Fuusuke,61,69,9,False,True
fuusuke,Fuusuke,70,75,6,False,True
fuusuke,Fuusuke,85,89,5,False,True
fuusuke,Fuusuke,94,94,1,False,True
fuusuke,Fuusuke,99,99,1,False,True
fuusuke,Fuusuke,100,100,1,False,True
fuusuke,Fuusuke,107,109,3,False,True
fuusuke,Fuusuke,110,110,1,False,True
fuusuke,Fuusuke,113,114,2,False,True
fuusuke,Fuusuke,122,125,4,False,True
fuusuke,Fuusuke,142,149,8,False,True
fuusuke,Fuusuke,150,159,10,False,True
fuusuke,Fuusuke,160,168,9,False,True
fuusuke,Fuusuke,169,178,10,False,True
fuusuke,Fuusuke,179,188,10,False,True
fuusuke,Fuusuke,189,197,9,False,True
fuusuke,Fuusuke,198,207,10,False,True
fuusuke,Fuusuke,208,210,3,False,True
gintoki-sakata,Gintoki Sakata,12,13,2,False,True
gintoki-sakata,Gintoki Sakata,16,16,1,False,True
gintoki-sakata,Gintoki Sakata,21,21,1,False,True
gintoki-sakata,Gintoki Sakata,23,25,3,False,True
gintoki-sakata,Gintoki Sakata,44,44,1,False,True
gintoki-sakata,Gintoki Sakata,49,49,1,False,True
gintoki-sakata,Gintoki Sakata,50,51,2,False,True
gintoki-sakata,Gintoki Sakata,60,69,10,False,True
gintoki-sakata,Gintoki Sakata,70,79,10,False,True
gintoki-sakata,Gintoki Sakata,84,86,3,False,True
gintoki-sakata,Gintoki Sakata,88,89,2,False,True
gintoki-sakata,Gintoki Sakata,111,119,9,False,True
gintoki-sakata,Gintoki Sakata,120,129,10,False,True
gintoki-sakata,Gintoki Sakata,130,133,4,False,True
gintoki-sakata,Gintoki Sakata,140,140,1,False,True
gintoki-sakata,Gintoki Sakata,148,149,2,False,True
gintoki-sakata,Gintoki Sakata,150,159,10,False,True
gintoki-sakata,Gintoki Sakata,160,167,8,False,True
gintoki-sakata,Gintoki Sakata,168,177,10,False,True
gintoki-sakata,Gintoki Sakata,178,187,10,False,True
gintoki-sakata,Gintoki Sakata,188,191,4,False,True
gintoki-sakata,Gintoki Sakata,197,197,1,False,True
gintoki-sakata,Gintoki Sakata,198,200,3,False,True
gintoki-sakata,Gintoki Sakata,201,210,10,False,True
gintoki-sakata,Gintoki Sakata,211,220,10,False,True
gintoki-sakata,Gintoki Sakata,221,230,10,False,True
gintoki-sakata,Gintoki Sakata,231,239,9,False,True
gintoki-sakata,Gintoki Sakata,240,249,10,False,True
gintoki-sakata,Gintoki Sakata,250,251,2,False,True
gintoki-sakata,Gintoki Sakata,252,261,10,False,True
gintoki-sakata,Gintoki Sakata,262,271,10,False,True
gintoki-sakata,Gintoki Sakata,272,279,8,False,True
gohan-super-saiyan,Gohan (Super Saiyan),8,9,2,False,True
gohan-super-saiyan,Gohan (Super Saiyan),12,12,1,False,True
gohan-super-saiyan,Gohan (Super Saiyan),14,15,2,False,True
gohan-super-saiyan,Gohan (Super Saiyan),19,19,1,False,True
gohan-super-saiyan,Gohan (Super Saiyan),20,20,1,False,True
gohan-super-saiyan,Gohan (Super Saiyan),24,27,4,False,True
gohan-super-saiyan,Gohan (Super Saiyan),44,44,1,False,True
gohan-super-saiyan,Gohan (Super Saiyan),50,59,10,False,True
gohan-super-saiyan,Gohan (Super Saiyan),60,69,10,False,True
gohan-super-saiyan,Gohan (Super Saiyan),70,78,9,False,True
gohan-super-saiyan,Gohan (Super Saiyan),87,89,3,False,True
gohan-super-saiyan,Gohan (Super Saiyan),99,99,1,False,True
gohan-super-saiyan,Gohan (Super Saiyan),100,109,10,False,True
gohan-super-saiyan,Gohan (Super Saiyan),110,111,2,False,True
gohan-super-saiyan,Gohan (Super Saiyan),120,124,5,False,True
gohan-super-saiyan,Gohan (Super Saiyan),131,134,4,False,True
gohan-super-saiyan,Gohan (Super Saiyan),135,144,10,False,True
gohan-super-saiyan,Gohan (Super Saiyan),145,149,5,False,True
gohan-super-saiyan-2,Gohan (Super Saiyan 2),8,9,2,False,True
gohan-super-saiyan-2,Gohan (Super Saiyan 2),12,13,2,False,True
gohan-super-saiyan-2,Gohan (Super Saiyan 2),15,16,2,False,True
gohan-super-saiyan-2,Gohan (Super Saiyan 2),20,21,2,False,True
gohan-super-saiyan-2,Gohan (Super Saiyan 2),25,28,4,False,True
gohan-super-saiyan-2,Gohan (Super Saiyan 2),44,44,1,False,True
gohan-super-saiyan-2,Gohan (Super Saiyan 2),51,52,2,False,True
gohan-super-saiyan-2,Gohan (Super Saiyan 2),58,59,2,False,True
gohan-super-saiyan-2,Gohan (Super Saiyan 2),60,69,10,False,True
gohan-super-saiyan-2,Gohan (Super Saiyan 2),70,79,10,False,True
gohan-super-saiyan-2,Gohan (Super Saiyan 2),99,99,1,False,True
gohan-super-saiyan-2,Gohan (Super Saiyan 2),100,109,10,False,True
gohan-super-saiyan-2,Gohan (Super Saiyan 2),110,119,10,False,True
gohan-super-saiyan-2,Gohan (Super Saiyan 2),120,129,10,False,True
gohan-super-saiyan-2,Gohan (Super Saiyan 2),130,139,10,False,True
gohan-super-saiyan-2,Gohan (Super Saiyan 2),140,140,1,False,True
gohan-super-saiyan-2,Gohan (Super Saiyan 2),141,150,10,False,True
gohan-super-saiyan-2,Gohan (Super Saiyan 2),151,156,6,False,True
goku,Goku,8,9,2,False,True
goku,Goku,12,12,1,False,True
goku,Goku,14,14,1,False,True
goku,Goku,16,16,1,False,True
goku,Goku,18,18,1,False,True
goku,Goku,20,21,2,False,True
goku,Goku,25,29,5,False,True
goku,Goku,44,44,1,False,True
goku,Goku,49,49,1,False,True
goku,Goku,56,59,4,False,True
goku,Goku,60,67,8,False,True
goku,Goku,81,81,1,False,True
goku,Goku,84,87,4,False,True
goku,Goku,109,109,1,False,True
goku,Goku,117,119,3,False,True
goku,Goku,120,129,10,False,True
goku,Goku,130,139,10,False,True
goku,Goku,140,149,10,False,True
goku,Goku,161,161,1,False,True
goku,Goku,162,171,10,False,True
goku,Goku,172,179,8,False,True
goku,Goku,180,189,10,False,True
goku,Goku,190,199,10,False,True
goku,Goku,200,208,9,False,True
goku,Goku,213,219,7,False,True
goku,Goku,220,221,2,False,True
goku-super-saiyan,Goku (Super Saiyan),8,9,2,False,True
goku-super-saiyan,Goku (Super Saiyan),12,14,3,False,True
goku-super-saiyan,Goku (Super Saiyan),16,16,1,False,True
goku-super-saiyan,Goku (Super Saiyan),18,18,1,False,True
goku-super-saiyan,Goku (Super Saiyan),20,21,2,False,True
goku-super-saiyan,Goku (Super Saiyan),25,28,4,False,True
goku-super-saiyan,Goku (Super Saiyan),44,44,1,False,True
goku-super-saiyan,Goku (Super Saiyan),53,59,7,False,True
goku-super-saiyan,Goku (Super Saiyan),60,64,5,False,True
goku-super-saiyan,Goku (Super Saiyan),77,77,1,False,True
goku-super-saiyan,Goku (Super Saiyan),105,105,1,False,True
goku-super-saiyan,Goku (Super Saiyan),113,113,1,False,True
goku-super-saiyan,Goku (Super Saiyan),115,119,5,False,True
goku-super-saiyan,Goku (Super Saiyan),120,129,10,False,True
goku-super-saiyan,Goku (Super Saiyan),130,139,10,False,True
goku-super-saiyan,Goku (Super Saiyan),140,149,10,False,True
goku-super-saiyan,Goku (Super Saiyan),150,157,8,False,True
goku-super-saiyan,Goku (Super Saiyan),158,167,10,False,True
goku-super-saiyan,Goku (Super Saiyan),168,170,3,False,True
goku-super-saiyan,Goku (Super Saiyan),171,180,10,False,True
gon-freecss,Gon Freecss,12,13,2,False,True
gon-freecss,Gon Freecss,16,16,1,False,True
gon-freecss,Gon Freecss,21,21,1,False,True
gon-freecss,Gon Freecss,23,25,3,False,True
gon-freecss,Gon Freecss,27,29,3,False,True
gon-freecss,Gon Freecss,44,44,1,False,True
gon-freecss,Gon Freecss,49,49,1,False,True
gon-freecss,Gon Freecss,50,51,2,False,True
gon-freecss,Gon Freecss,63,69,7,False,True
gon-freecss,Gon Freecss,77,79,3,False,True
gon-freecss,Gon Freecss,80,82,3,False,True
gon-freecss,Gon Freecss,94,94,1,False,True
gon-freecss,Gon Freecss,99,99,1,False,True
gon-freecss,Gon Freecss,100,101,2,False,True
gon-freecss,Gon Freecss,119,119,1,False,True
gon-freecss,Gon Freecss,120,128,9,False,True
gon-freecss,Gon Freecss,136,136,1,False,True
gon-freecss,Gon Freecss,144,150,7,False,True
gon-freecss,Gon Freecss,151,154,4,False,True
gon-freecss,Gon Freecss,155,164,10,False,True
gon-freecss,Gon Freecss,165,166,2,False,True
gon-freecss,Gon Freecss,180,181,2,False,True
gon-freecss,Gon Freecss,182,191,10,False,True
gotenks,Gotenks,8,9,2,False,True
gotenks,Gotenks,12,12,1,False,True
gotenks,Gotenks,14,14,1,False,True
gotenks,Gotenks,16,16,1,False,True
gotenks,Gotenks,19,19,1,False,True
gotenks,Gotenks,20,20,1,False,True
gotenks,Gotenks,24,29,6,False,True
gotenks,Gotenks,44,44,1,False,True
gotenks,Gotenks,55,59,5,False,True
gotenks,Gotenks,60,63,4,False,True
gotenks,Gotenks,69,69,1,False,True
gotenks,Gotenks,72,79,8,False,True
gotenks,Gotenks,80,89,10,False,True
gotenks,Gotenks,94,94,1,False,True
gotenks,Gotenks,99,99,1,False,True
gotenks,Gotenks,100,109,10,False,True
gotenks,Gotenks,117,119,3,False,True
gotenks,Gotenks,120,122,3,False,True
gotenks,Gotenks,129,129,1,False,True
gotenks,Gotenks,130,132,3,False,True
gotenks,Gotenks,137,139,3,False,True
gotenks,Gotenks,140,149,10,False,True
gotenks,Gotenks,150,159,10,False,True
gotenks,Gotenks,160,167,8,False,True
gotenks,Gotenks,175,179,5,False,True
gotenks,Gotenks,180,189,10,False,True
gotenks,Gotenks,190,199,10,False,True
gotenks-super-saiyan,Gotenks (Super Saiyan),8,9,2,False,True
gotenks-super-saiyan,Gotenks (Super Saiyan),12,12,1,False,True
gotenks-super-saiyan,Gotenks (Super Saiyan),14,14,1,False,True
gotenks-super-saiyan,Gotenks (Super Saiyan),16,16,1,False,True
gotenks-super-saiyan,Gotenks (Super Saiyan),19,19,1,False,True
gotenks-super-saiyan,Gotenks (Super Saiyan),20,20,1,False,True
gotenks-super-saiyan,Gotenks (Super Saiyan),24,29,6,False,True
gotenks-super-saiyan,Gotenks (Super Saiyan),44,44,1,False,True
gotenks-super-saiyan,Gotenks (Super Saiyan),55,59,5,False,True
gotenks-super-saiyan,Gotenks (Super Saiyan),60,63,4,False,True
gotenks-super-saiyan,Gotenks (Super Saiyan),69,69,1,False,True
gotenks-super-saiyan,Gotenks (Super Saiyan),70,70,1,False,True
gotenks-super-saiyan,Gotenks (Super Saiyan),72,79,8,False,True
gotenks-super-saiyan,Gotenks (Super Saiyan),80,89,10,False,True
gotenks-super-saiyan,Gotenks (Super Saiyan),94,94,1,False,True
gotenks-super-saiyan,Gotenks (Super Saiyan),99,99,1,False,True
gotenks-super-saiyan,Gotenks (Super Saiyan),100,109,10,False,True
gotenks-super-saiyan,Gotenks (Super Saiyan),110,119,10,False,True
gotenks-super-saiyan,Gotenks (Super Saiyan),120,129,10,False,True
gotenks-super-saiyan,Gotenks (Super Saiyan),130,139,10,False,True
gotenks-super-saiyan,Gotenks (Super Saiyan),140,149,10,False,True
gotenks-super-saiyan,Gotenks (Super Saiyan),150,159,10,False,True
gotenks-super-saiyan,Gotenks (Super Saiyan),160,169,10,False,True
gotenks-super-saiyan,Gotenks (Super Saiyan),170,179,10,False,True
gotenks-super-saiyan,Gotenks (Super Saiyan),180,182,3,False,True
heihachi-edajima,Heihachi Edajima,12,13,2,False,True
heihachi-edajima,Heihachi Edajima,15,16,2,False,True
heihachi-edajima,Heihachi Edajima,23,27,5,False,True
heihachi-edajima,Heihachi Edajima,44,44,1,False,True
heihachi-edajima,Heihachi Edajima,49,49,1,False,True
heihachi-edajima,Heihachi Edajima,50,52,3,False,True
heihachi-edajima,Heihachi Edajima,65,69,5,False,True
heihachi-edajima,Heihachi Edajima,70,79,10,False,True
heihachi-edajima,Heihachi Edajima,80,82,3,False,True
heihachi-edajima,Heihachi Edajima,87,87,1,False,True
heihachi-edajima,Heihachi Edajima,110,110,1,False,True
heihachi-edajima,Heihachi Edajima,123,129,7,False,True
heihachi-edajima,Heihachi Edajima,136,136,1,False,True
heihachi-edajima,Heihachi Edajima,138,139,2,False,True
heihachi-edajima,Heihachi Edajima,150,159,10,False,True
heihachi-edajima,Heihachi Edajima,160,169,10,False,True
heihachi-edajima,Heihachi Edajima,170,176,7,False,True
heihachi-edajima,Heihachi Edajima,177,187,11,False,True
hiei,Hiei,2,2,1,False,True
hiei,Hiei,11,13,3,False,True
hiei,Hiei,16,16,1,False,True
hiei,Hiei,22,24,3,False,True
hiei,Hiei,26,27,2,False,True
hiei,Hiei,44,44,1,False,True
hiei,Hiei,49,49,1,False,True
hiei,Hiei,50,51,2,False,True
hiei,Hiei,56,59,4,False,True
hiei,Hiei,60,62,3,False,True
hiei,Hiei,66,69,4,False,True
hiei,Hiei,100,100,1,False,True
hiei,Hiei,107,109,3,False,True
hiei,Hiei,110,111,2,False,True
hiei,Hiei,113,119,7,False,True
hiei,Hiei,120,129,10,False,True
hiei,Hiei,130,139,10,False,True
hiei,Hiei,140,141,2,False,True
hiei,Hiei,142,151,10,False,True
hiei,Hiei,152,156,5,False,True
hiei,Hiei,157,166,10,False,True
hiei,Hiei,167,176,10,False,True
hiei,Hiei,177,178,2,False,True
ichigo-kurosaki,Ichigo Kurosaki,12,12,1,False,True
ichigo-kurosaki,Ichigo Kurosaki,16,18,3,False,True
ichigo-kurosaki,Ichigo Kurosaki,20,21,2,False,True
ichigo-kurosaki,Ichigo Kurosaki,23,26,4,False,True
ichigo-kurosaki,Ichigo Kurosaki,28,28,1,False,True
ichigo-kurosaki,Ichigo Kurosaki,44,44,1,False,True
ichigo-kurosaki,Ichigo Kurosaki,49,49,1,False,True
ichigo-kurosaki,Ichigo Kurosaki,50,53,4,False,True
ichigo-kurosaki,Ichigo Kurosaki,61,69,9,False,True
ichigo-kurosaki,Ichigo Kurosaki,70,76,7,False,True
ichigo-kurosaki,Ichigo Kurosaki,94,94,1,False,True
ichigo-kurosaki,Ichigo Kurosaki,111,111,1,False,True
ichigo-kurosaki,Ichigo Kurosaki,114,119,6,False,True
ichigo-kurosaki,Ichigo Kurosaki,120,129,10,False,True
ichigo-kurosaki,Ichigo Kurosaki,130,139,10,False,True
ichigo-kurosaki,Ichigo Kurosaki,140,149,10,False,True
ichigo-kurosaki,Ichigo Kurosaki,150,151,2,False,True
ichigo-kurosaki,Ichigo Kurosaki,171,180,10,False,True
ichigo-kurosaki,Ichigo Kurosaki,181,190,10,False,True
ichigo-kurosaki,Ichigo Kurosaki,191,200,10,False,True
ichigo-kurosaki,Ichigo Kurosaki,201,210,10,False,True
ichigo-kurosaki,Ichigo Kurosaki,211,220,10,False,True
ichigo-kurosaki,Ichigo Kurosaki,221,230,10,False,True
ichigo-kurosaki,Ichigo Kurosaki,231,240,10,False,True
ichigo-kurosaki,Ichigo Kurosaki,241,250,10,False,True
ichigo-kurosaki,Ichigo Kurosaki,251,260,10,False,True
ichigo-kurosaki,Ichigo Kurosaki,261,270,10,False,True
ichigo-kurosaki,Ichigo Kurosaki,271,280,10,False,True
ichigo-kurosaki,Ichigo Kurosaki,281,290,10,False,True
ichigo-kurosaki,Ichigo Kurosaki,291,300,10,False,True
ichigo-kurosaki,Ichigo Kurosaki,301,310,10,False,True
ichigo-kurosaki,Ichigo Kurosaki,321,330,10,False,True
ichigo-kurosaki,Ichigo Kurosaki,331,340,10,False,True
ichigo-kurosaki,Ichigo Kurosaki,341,350,10,False,True
ichigo-kurosaki,Ichigo Kurosaki,351,360,10,False,True
ichigo-kurosaki,Ichigo Kurosaki,361,370,10,False,True
ichigo-kurosaki,Ichigo Kurosaki,371,380,10,False,True
ichigo-kurosaki,Ichigo Kurosaki,381,388,8,False,True
ichigo-kurosaki,Ichigo Kurosaki,389,398,10,False,True
ichigo-kurosaki,Ichigo Kurosaki,399,408,10,False,True
ichigo-kurosaki,Ichigo Kurosaki,419,428,10,False,True
ichigo-kurosaki,Ichigo Kurosaki,429,435,7,False,True
jaguar-junichi,Jaguar Junichi,12,13,2,False,True
jaguar-junichi,Jaguar Junichi,19,19,1,False,True
jaguar-junichi,Jaguar Junichi,20,21,2,False,True
jaguar-junichi,Jaguar Junichi,23,24,2,False,True
jaguar-junichi,Jaguar Junichi,26,26,1,False,True
jaguar-junichi,Jaguar Junichi,44,44,1,False,True
jaguar-junichi,Jaguar Junichi,49,49,1,False,True
jaguar-junichi,Jaguar Junichi,50,51,2,False,True
jaguar-junichi,Jaguar Junichi,63,67,5,False,True
jaguar-junichi,Jaguar Junichi,74,77,4,False,True
jaguar-junichi,Jaguar Junichi,94,94,1,False,True
jaguar-junichi,Jaguar Junichi,99,99,1,False,True
jaguar-junichi,Jaguar Junichi,100,100,1,False,True
jaguar-junichi,Jaguar Junichi,125,129,5,False,True
jaguar-junichi,Jaguar Junichi,130,139,10,False,True
jaguar-junichi,Jaguar Junichi,140,149,10,False,True
jaguar-junichi,Jaguar Junichi,150,159,10,False,True
jaguar-junichi,Jaguar Junichi,160,169,10,False,True
jaguar-junichi,Jaguar Junichi,170,173,4,False,True
jaguar-junichi,Jaguar Junichi,174,183,10,False,True
jaguar-junichi,Jaguar Junichi,194,197,4,False,True
jaguar-junichi,Jaguar Junichi,198,203,6,False,True
jaguar-junichi,Jaguar Junichi,208,217,10,False,True
jaguar-junichi,Jaguar Junichi,218,226,9,False,True
jaguar-junichi,Jaguar Junichi,227,236,10,False,True
jaguar-junichi,Jaguar Junichi,237,241,5,False,True
jotaro-kujo,Jotaro Kujo,14,15,2,False,True
jotaro-kujo,Jotaro Kujo,18,18,1,False,True
jotaro-kujo,Jotaro Kujo,23,23,1,False,True
jotaro-kujo,Jotaro Kujo,25,27,3,False,True
jotaro-kujo,Jotaro Kujo,29,29,1,False,True
jotaro-kujo,Jotaro Kujo,44,44,1,False,True
jotaro-kujo,Jotaro Kujo,49,49,1,False,True
jotaro-kujo,Jotaro Kujo,50,53,4,False,True
jotaro-kujo,Jotaro Kujo,69,69,1,False,True
jotaro-kujo,Jotaro Kujo,70,79,10,False,True
jotaro-kujo,Jotaro Kujo,80,89,10,False,True
jotaro-kujo,Jotaro Kujo,94,94,1,False,True
jotaro-kujo,Jotaro Kujo,100,103,4,False,True
jotaro-kujo,Jotaro Kujo,129,129,1,False,True
jotaro-kujo,Jotaro Kujo,130,131,2,False,True
jotaro-kujo,Jotaro Kujo,139,139,1,False,True
jotaro-kujo,Jotaro Kujo,140,149,10,False,True
jotaro-kujo,Jotaro Kujo,150,159,10,False,True
jotaro-kujo,Jotaro Kujo,160,161,2,False,True
jotaro-kujo,Jotaro Kujo,165,167,3,False,True
jotaro-kujo,Jotaro Kujo,168,175,8,False,True
jotaro-kujo,Jotaro Kujo,176,185,10,False,True
jotaro-kujo,Jotaro Kujo,186,193,8,False,True
kagura,Kagura,12,13,2,False,True
kagura,Kagura,17,18,2,False,True
kagura,Kagura,23,25,3,False,True
kagura,Kagura,27,27,1,False,True
kagura,Kagura,44,44,1,False,True
kagura,Kagura,49,49,1,False,True
kagura,Kagura,50,52,3,False,True
kagura,Kagura,62,69,8,False,True
kagura,Kagura,70,79,10,False,True
kagura,Kagura,80,89,10,False,True
kagura,Kagura,99,99,1,False,True
kagura,Kagura,100,102,3,False,True
kagura,Kagura,117,119,3,False,True
kagura,Kagura,120,124,5,False,True
kagura,Kagura,132,139,8,False,True
kagura,Kagura,151,159,9,False,True
kagura,Kagura,160,167,8,False,True
kagura,Kagura,177,177,1,False,True
kagura,Kagura,178,181,4,False,True
kagura,Kagura,190,199,10,False,True
kagura,Kagura,208,217,10,False,True
kagura,Kagura,218,223,6,False,True
kakashi-hatake,Kakashi Hatake,12,14,3,False,True
kakashi-hatake,Kakashi Hatake,16,16,1,False,True
kakashi-hatake,Kakashi Hatake,18,19,2,False,True
kakashi-hatake,Kakashi Hatake,20,20,1,False,True
kakashi-hatake,Kakashi Hatake,22,25,4,False,True
kakashi-hatake,Kakashi Hatake,29,29,1,False,True
kakashi-hatake,Kakashi Hatake,44,44,1,False,True
kakashi-hatake,Kakashi Hatake,49,49,1,False,True
kakashi-hatake,Kakashi Hatake,50,51,2,False,True
kakashi-hatake,Kakashi Hatake,56,56,1,False,True
kakashi-hatake,Kakashi Hatake,61,69,9,False,True
kakashi-hatake,Kakashi Hatake,70,73,4,False,True
kakashi-hatake,Kakashi Hatake,79,88,10,False,True
kakashi-hatake,Kakashi Hatake,93,93,1,False,True
kakashi-hatake,Kakashi Hatake,98,98,1,False,True
kakashi-hatake,Kakashi Hatake,99,108,10,False,True
kakashi-hatake,Kakashi Hatake,109,115,7,False,True
kakashi-hatake,Kakashi Hatake,129,138,10,False,True
kakashi-hatake,Kakashi Hatake,139,141,3,False,True
kakashi-hatake,Kakashi Hatake,153,158,6,False,True
kakashi-hatake,Kakashi Hatake,159,168,10,False,True
kakashi-hatake,Kakashi Hatake,169,178,10,False,True
kakashi-hatake,Kakashi Hatake,179,188,10,False,True
kakashi-hatake,Kakashi Hatake,189,198,10,False,True
kakashi-hatake,Kakashi Hatake,199,208,10,False,True
kakashi-hatake,Kakashi Hatake,209,218,10,False,True
kakashi-hatake,Kakashi Hatake,219,228,10,False,True
kakashi-hatake,Kakashi Hatake,229,238,10,False,True
kakashi-hatake,Kakashi Hatake,239,247,9,False,True
kakashi-hatake,Kakashi Hatake,248,257,10,False,True
kakashi-hatake,Kakashi Hatake,258,267,10,False,True
kakashi-hatake,Kakashi Hatake,268,277,10,False,True
kakashi-hatake,Kakashi Hatake,278,287,10,False,True
kakashi-hatake,Kakashi Hatake,288,297,10,False,True
kakashi-hatake,Kakashi Hatake,298,307,10,False,True
kakashi-hatake,Kakashi Hatake,308,317,10,False,True
kakashi-hatake,Kakashi Hatake,328,331,4,False,True
kakashi-hatake,Kakashi Hatake,332,341,10,False,True
kakashi-hatake,Kakashi Hatake,342,351,10,False,True
kakashi-hatake,Kakashi Hatake,352,361,10,False,True
kakashi-hatake,Kakashi Hatake,362,365,4,False,True
kakashi-hatake,Kakashi Hatake,366,375,10,False,True
kakashi-hatake,Kakashi Hatake,376,385,10,False,True
kakashi-hatake,Kakashi Hatake,386,395,10,False,True
kakashi-hatake,Kakashi Hatake,396,405,10,False,True
kakashi-hatake,Kakashi Hatake,406,409,4,False,True
kakashi-hatake,Kakashi Hatake,410,419,10,False,True
kakashi-hatake,Kakashi Hatake,420,429,10,False,True
kakashi-hatake,Kakashi Hatake,430,439,10,False,True
kakashi-hatake,Kakashi Hatake,440,448,9,False,True
kazuki-muto,Kazuki Muto,4,5,2,False,True
kazuki-muto,Kazuki Muto,12,15,4,False,True
kazuki-muto,Kazuki Muto,18,18,1,False,True
kazuki-muto,Kazuki Muto,24,26,3,False,True
kazuki-muto,Kazuki Muto,29,29,1,False,True
kazuki-muto,Kazuki Muto,44,44,1,False,True
kazuki-muto,Kazuki Muto,49,49,1,False,True
kazuki-muto,Kazuki Muto,50,55,6,False,True
kazuki-muto,Kazuki Muto,60,62,3,False,True
kazuki-muto,Kazuki Muto,70,79,10,False,True
kazuki-muto,Kazuki Muto,80,89,10,False,True
kazuki-muto,Kazuki Muto,94,94,1,False,True
kazuki-muto,Kazuki Muto,99,99,1,False,True
kazuki-muto,Kazuki Muto,113,119,7,False,True
kazuki-muto,Kazuki Muto,130,139,10,False,True
kazuki-muto,Kazuki Muto,140,149,10,False,True
kazuki-muto,Kazuki Muto,150,159,10,False,True
kazuki-muto,Kazuki Muto,160,169,10,False,True
kazuki-muto,Kazuki Muto,170,179,10,False,True
kazuki-muto,Kazuki Muto,180,189,10,False,True
kazuki-muto,Kazuki Muto,190,195,6,False,True
kazuki-muto,Kazuki Muto,202,205,4,False,True
kazuki-muto,Kazuki Muto,212,219,8,False,True
kazuki-muto,Kazuki Muto,220,229,10,False,True
kazuki-muto,Kazuki Muto,230,239,10,False,True
kazuki-muto,Kazuki Muto,240,249,10,False,True
kazuki-muto,Kazuki Muto,250,259,10,False,True
kazuki-muto,Kazuki Muto,260,269,10,False,True
kazuki-muto,Kazuki Muto,270,271,2,False,True
kazuki-muto,Kazuki Muto,272,272,1,False,True
kazuki-muto,Kazuki Muto,280,281,2,False,True
kazuki-muto,Kazuki Muto,282,287,6,False,True
kazuki-muto,Kazuki Muto,288,294,7,False,True
kazuki-muto,Kazuki Muto,295,304,10,False,True
kazuki-muto,Kazuki Muto,305,314,10,False,True
kenshin-himura,Kenshin Himura,2,3,2,False,True
kenshin-himura,Kenshin Himura,12,13,2,False,True
kenshin-himura,Kenshin Himura,16,16,1,False,True
kenshin-himura,Kenshin Himura,23,24,2,False,True
kenshin-himura,Kenshin Himura,26,26,1,False,True
kenshin-himura,Kenshin Himura,44,44,1,False,True
kenshin-himura,Kenshin Himura,49,49,1,False,True
kenshin-himura,Kenshin Himura,50,51,2,False,True
kenshin-himura,Kenshin Himura,55,59,5,False,True
kenshin-himura,Kenshin Himura,68,69,2,False,True
kenshin-himura,Kenshin Himura,70,72,3,False,True
kenshin-himura,Kenshin Himura,77,77,1,False,True
kenshin-himura,Kenshin Himura,88,89,2,False,True
kenshin-himura,Kenshin Himura,123,123,1,False,True
kenshin-himura,Kenshin Himura,132,139,8,False,True
kenshin-himura,Kenshin Himura,147,149,3,False,True
kenshin-himura,Kenshin Himura,150,159,10,False,True
kenshin-himura,Kenshin Himura,160,169,10,False,True
kenshin-himura,Kenshin Himura,180,189,10,False,True
kenshin-himura,Kenshin Himura,190,199,10,False,True
kenshin-himura,Kenshin Himura,200,209,10,False,True
kenshin-himura,Kenshin Himura,210,219,10,False,True
kenshin-himura,Kenshin Himura,220,229,10,False,True
kenshin-himura,Kenshin Himura,230,239,10,False,True
kenshin-himura,Kenshin Himura,240,249,10,False,True
kenshin-himura,Kenshin Himura,250,259,10,False,True
kenshin-himura,Kenshin Himura,260,269,10,False,True
kenshin-himura,Kenshin Himura,270,279,10,False,True
kenshin-himura,Kenshin Himura,280,289,10,False,True
kenshin-himura,Kenshin Himura,290,299,10,False,True
kenshin-himura,Kenshin Himura,300,309,10,False,True
kenshin-himura,Kenshin Himura,310,319,10,False,True
kenshin-himura,Kenshin Himura,320,329,10,False,True
kenshin-himura,Kenshin Himura,330,333,4,False,True
kenshin-himura,Kenshin Himura,334,342,9,False,True
kenshin-himura,Kenshin Himura,343,352,10,False,True
kenshin-himura,Kenshin Himura,353,362,10,False,True
kenshin-himura,Kenshin Himura,373,382,10,False,True
kenshin-himura,Kenshin Himura,383,392,10,False,True
kenshin-himura,Kenshin Himura,393,402,10,False,True
kenshin-himura,Kenshin Himura,403,407,5,False,True
kenshin-himura,Kenshin Himura,408,417,10,False,True
kenshin-himura,Kenshin Himura,418,427,10,False,True
kenshin-himura,Kenshin Himura,428,436,9,False,True
kenshin-himura,Kenshin Himura,437,446,10,False,True
kenshin-himura,Kenshin Himura,447,456,10,False,True
kenshin-himura,Kenshin Himura,457,465,9,False,True
kenshiro,Kenshiro,13,16,4,False,True
kenshiro,Kenshiro,19,19,1,False,True
kenshiro,Kenshiro,24,24,1,False,True
kenshiro,Kenshiro,26,27,2,False,True
kenshiro,Kenshiro,29,29,1,False,True
kenshiro,Kenshiro,44,44,1,False,True
kenshiro,Kenshiro,49,49,1,False,True
kenshiro,Kenshiro,50,54,5,False,True
kenshiro,Kenshiro,62,69,8,False,True
kenshiro,Kenshiro,70,79,10,False,True
kenshiro,Kenshiro,80,81,2,False,True
kenshiro,Kenshiro,94,94,1,False,True
kenshiro,Kenshiro,99,99,1,False,True
kenshiro,Kenshiro,100,106,7,False,True
kenshiro,Kenshiro,131,131,1,False,True
kenshiro,Kenshiro,137,139,3,False,True
kenshiro,Kenshiro,140,149,10,False,True
kenshiro,Kenshiro,150,156,7,False,True
kenshiro,Kenshiro,167,169,3,False,True
kenshiro,Kenshiro,180,181,2,False,True
kenshiro,Kenshiro,187,191,5,False,True
kenshiro,Kenshiro,192,201,10,False,True
kenshiro,Kenshiro,202,210,9,False,True
kenshiro,Kenshiro,228,230,3,False,True
kenshiro,Kenshiro,231,240,10,False,True
kenshiro,Kenshiro,241,250,10,False,True
kenshiro,Kenshiro,251,254,4,False,True
kenshiro,Kenshiro,255,264,10,False,True
kenshiro,Kenshiro,265,266,2,False,True
kenshiro,Kenshiro,277,277,1,False,True
kenshiro,Kenshiro,278,281,4,False,True
killua-zoldyck,Killua Zoldyck,12,13,2,False,True
killua-zoldyck,Killua Zoldyck,16,16,1,False,True
killua-zoldyck,Killua Zoldyck,23,24,2,False,True
killua-zoldyck,Killua Zoldyck,26,27,2,False,True
killua-zoldyck,Killua Zoldyck,43,43,1,False,True
killua-zoldyck,Killua Zoldyck,47,47,1,False,True
killua-zoldyck,Killua Zoldyck,50,50,1,False,True
killua-zoldyck,Killua Zoldyck,51,52,2,False,True
killua-zoldyck,Killua Zoldyck,59,60,2,False,True
killua-zoldyck,Killua Zoldyck,61,63,3,False,True
killua-zoldyck,Killua Zoldyck,108,110,3,False,True
killua-zoldyck,Killua Zoldyck,111,111,1,False,True
killua-zoldyck,Killua Zoldyck,120,120,1,False,True
killua-zoldyck,Killua Zoldyck,121,130,10,False,True
killua-zoldyck,Killua Zoldyck,131,131,1,False,True
killua-zoldyck,Killua Zoldyck,139,140,2,False,True
killua-zoldyck,Killua Zoldyck,141,143,3,False,True
killua-zoldyck,Killua Zoldyck,152,160,9,False,True
killua-zoldyck,Killua Zoldyck,161,170,10,False,True
killua-zoldyck,Killua Zoldyck,171,180,10,False,True
killua-zoldyck,Killua Zoldyck,181,185,5,False,True
killua-zoldyck,Killua Zoldyck,186,195,10,False,True
killua-zoldyck,Killua Zoldyck,196,200,5,False,True
killua-zoldyck,Killua Zoldyck,201,210,10,False,True
killua-zoldyck,Killua Zoldyck,211,220,10,False,True
kinnikuman,Kinnikuman,12,13,2,False,True
kinnikuman,Kinnikuman,16,16,1,False,True
kinnikuman,Kinnikuman,21,21,1,False,True
kinnikuman,Kinnikuman,23,25,3,False,True
kinnikuman,Kinnikuman,27,29,3,False,True
kinnikuman,Kinnikuman,44,44,1,False,True
kinnikuman,Kinnikuman,49,49,1,False,True
kinnikuman,Kinnikuman,50,51,2,False,True
kinnikuman,Kinnikuman,67,69,3,False,True
kinnikuman,Kinnikuman,70,72,3,False,True
kinnikuman,Kinnikuman,78,78,1,False,True
kinnikuman,Kinnikuman,84,84,1,False,True
kinnikuman,Kinnikuman,94,94,1,False,True
kinnikuman,Kinnikuman,106,109,4,False,True
kinnikuman,Kinnikuman,110,119,10,False,True
kinnikuman,Kinnikuman,120,129,10,False,True
kinnikuman,Kinnikuman,130,139,10,False,True
kinnikuman,Kinnikuman,156,159,4,False,True
kinnikuman,Kinnikuman,160,169,10,False,True
kinnikuman,Kinnikuman,170,179,10,False,True
kinnikuman,Kinnikuman,180,189,10,False,True
kinnikuman,Kinnikuman,190,199,10,False,True
kinnikuman,Kinnikuman,200,209,10,False,True
kinnikuman,Kinnikuman,210,219,10,False,True
kinnikuman,Kinnikuman,220,220,1,False,True
kinnikuman,Kinnikuman,221,230,10,False,True
kinnikuman,Kinnikuman,231,235,5,False,True
kinnikuman,Kinnikuman,248,250,3,False,True
kinnikuman,Kinnikuman,251,260,10,False,True
kinnikuman,Kinnikuman,261,270,10,False,True
kinnikuman,Kinnikuman,281,290,10,False,True
kinnikuman,Kinnikuman,291,300,10,False,True
kinnikuman,Kinnikuman,301,302,2,False,True
kiro,Naruto,10,12,3,False,True
kiro,Naruto,17,17,1,False,True
kiro,Naruto,20,20,1,False,True
kiro,Naruto,25,29,5,False,True
kiro,Naruto,30,30,1,False,True
kiro,Naruto,40,42,3,False,True
kiro,Naruto,46,47,2,False,True
kiro,Naruto,48,49,2,False,True
kiro,Naruto,50,51,2,False,True
kiro,Naruto,52,52,1,False,True
kiro,Naruto,53,55,3,False,True
kiro,Naruto,60,60,1,False,True
kiro,Naruto,62,69,8,False,True
kiro,Naruto,70,74,5,False,True
kiro,Naruto,80,84,5,False,True
kiro,Naruto,95,97,3,False,True
kiro,Naruto,108,108,1,False,True
kiro,Naruto,109,109,1,False,True
kiro,Naruto,110,110,1,False,True
kiro,Naruto,111,112,2,False,True
kiro,Naruto,113,113,1,False,True
kiro,Naruto,123,123,1,False,True
kiro,Naruto,128,128,1,False,True
kiro,Naruto,129,131,3,False,True
kiro,Naruto,132,132,1,False,True
kiro,Naruto,133,136,4,False,True
kiro,Naruto,137,138,2,False,True
kiro,Naruto,139,140,2,False,True
kiro,Naruto,144,148,5,False,True
kiro,Naruto,149,158,10,False,True
kiro,Naruto,159,160,2,False,True
kiro,Naruto,161,170,10,False,True
kiro,Naruto,171,179,9,False,True
kiro,Naruto,187,189,3,False,True
kiro,Naruto,190,190,1,False,True
kiro,Naruto,191,196,6,False,True
kiro,Naruto,203,206,4,False,True
kiro,Naruto,207,207,1,False,True
kiro,Naruto,208,210,3,False,True
kiro,Naruto,214,217,4,False,True
kiro,Naruto,218,220,3,False,True
kiro,Naruto,221,221,1,False,True
kiro,Naruto,230,230,1,False,True
kiro,Naruto,231,235,5,True,False
kiro,Naruto,236,242,7,True,False
kiro,Naruto,243,247,5,True,False
kiro,Naruto,248,253,6,True,False
kiro,Naruto,254,257,4,True,False
kiro,Naruto,258,265,8,True,False
kiro,Naruto,266,271,6,True,False
kiro,Naruto,272,279,8,True,False
kiro,Naruto,280,287,8,True,False
kiro,Naruto,288,290,3,True,False
kiro,Naruto,291,298,8,True,False
kiro,Naruto,299,305,7,True,False
kiro,Naruto,306,313,8,True,False
kiro,Naruto,314,321,8,True,False
kiro,Naruto,322,329,8,True,False
kiro,Naruto,330,337,8,True,False
kiro,Naruto,338,346,9,True,False
kiro,Naruto,347,355,9,True,False
kiro,Naruto,356,363,8,True,False
kiro,Naruto,364,372,9,True,False
kiro,Naruto,373,381,9,True,False
kiro,Naruto,382,388,7,True,False
kiro,Naruto,389,398,10,True,False
kiro,Naruto,399,409,11,True,False
kiro,Naruto,411,421,11,False,True
kiro,Naruto,422,429,8,False,True
kiro,Naruto,430,436,7,False,True
kiro,Naruto,437,443,7,False,True
kiro,Naruto,444,449,6,False,True
kiro,Naruto,450,456,7,False,True
kiro,Naruto,457,462,6,False,True
kiro,Naruto,463,468,6,False,True
kiro,Naruto,469,475,7,False,True
kiro,Naruto,476,482,7,False,True
kiro,Naruto,483,489,7,False,True
kiro,Naruto,490,496,7,False,True
kiro,Naruto,497,503,7,False,True
kiro,Naruto,504,510,7,False,True
kiro,Naruto,511,521,11,False,True
kurama,Kurama,2,3,2,False,True
kurama,Kurama,12,14,3,False,True
kurama,Kurama,17,17,1,False,True
kurama,Kurama,24,25,2,False,True
kurama,Kurama,27,28,2,False,True
kurama,Kurama,44,44,1,False,True
kurama,Kurama,49,49,1,False,True
kurama,Kurama,50,52,3,False,True
kurama,Kurama,57,59,3,False,True
kurama,Kurama,60,60,1,False,True
kurama,Kurama,67,69,3,False,True
kurama,Kurama,70,79,10,False,True
kurama,Kurama,80,81,2,False,True
kurama,Kurama,100,107,8,False,True
kurama,Kurama,119,119,1,False,True
kurama,Kurama,120,120,1,False,True
kurama,Kurama,135,139,5,False,True
kurama,Kurama,140,149,10,False,True
kurama,Kurama,150,159,10,False,True
kurama,Kurama,160,161,2,False,True
kurama,Kurama,181,181,1,False,True
kurama,Kurama,182,191,10,False,True
kurama,Kurama,192,201,10,False,True
kurama,Kurama,202,211,10,False,True
kurama,Kurama,212,218,7,False,True
lenalee-lee,Lenalee Lee,12,13,2,False,True
lenalee-lee,Lenalee Lee,16,16,1,False,True
lenalee-lee,Lenalee Lee,22,22,1,False,True
lenalee-lee,Lenalee Lee,24,26,3,False,True
lenalee-lee,Lenalee Lee,28,28,1,False,True
lenalee-lee,Lenalee Lee,44,44,1,False,True
lenalee-lee,Lenalee Lee,49,49,1,False,True
lenalee-lee,Lenalee Lee,50,53,4,False,True
lenalee-lee,Lenalee Lee,59,59,1,False,True
lenalee-lee,Lenalee Lee,60,63,4,False,True
lenalee-lee,Lenalee Lee,69,69,1,False,True
lenalee-lee,Lenalee Lee,70,73,4,False,True
lenalee-lee,Lenalee Lee,99,99,1,False,True
lenalee-lee,Lenalee Lee,100,103,4,False,True
lenalee-lee,Lenalee Lee,129,129,1,False,True
lenalee-lee,Lenalee Lee,130,139,10,False,True
lenalee-lee,Lenalee Lee,140,149,10,False,True
lenalee-lee,Lenalee Lee,150,159,10,False,True
lenalee-lee,Lenalee Lee,160,169,10,False,True
lenalee-lee,Lenalee Lee,170,179,10,False,True
lenalee-lee,Lenalee Lee,180,184,5,False,True
lenalee-lee,Lenalee Lee,185,194,10,False,True
lenalee-lee,Lenalee Lee,195,204,10,False,True
lenalee-lee,Lenalee Lee,205,214,10,False,True
lenalee-lee,Lenalee Lee,215,215,1,False,True
lenalee-lee,Lenalee Lee,223,224,2,False,True
lenalee-lee,Lenalee Lee,225,234,10,False,True
lenalee-lee,Lenalee Lee,245,246,2,False,True
majin-buu,Majin Buu,8,9,2,False,True
majin-buu,Majin Buu,10,12,3,False,True
majin-buu,Majin Buu,16,17,2,False,True
majin-buu,Majin Buu,19,19,1,False,True
majin-buu,Majin Buu,20,20,1,False,True
majin-buu,Majin Buu,22,22,1,False,True
majin-buu,Majin Buu,44,44,1,False,True
majin-buu,Majin Buu,52,52,1,False,True
majin-buu,Majin Buu,63,63,1,False,True
majin-buu,Majin Buu,71,75,5,False,True
majin-buu,Majin Buu,82,90,9,False,True
majin-buu,Majin Buu,96,96,1,False,True
majin-buu,Majin Buu,98,98,1,False,True
majin-buu,Majin Buu,101,101,1,False,True
majin-buu,Majin Buu,103,103,1,False,True
majin-buu,Majin Buu,114,115,2,False,True
majin-buu,Majin Buu,116,117,2,False,True
majin-buu,Majin Buu,126,135,10,False,True
majin-buu,Majin Buu,136,136,1,False,True
majin-buu,Majin Buu,145,145,1,False,True
majin-buu,Majin Buu,157,166,10,False,True
majin-buu,Majin Buu,167,178,12,False,True
majin-buu,Majin Buu,193,194,2,False,True
majin-buu,Majin Buu,195,204,10,False,True
majin-buu,Majin Buu,205,214,10,False,True
majin-buu,Majin Buu,215,221,7,False,True
momotaro-tsurugi,Momotaro Tsurugi,12,14,3,False,True
momotaro-tsurugi,Momotaro Tsurugi,17,17,1,False,True
momotaro-tsurugi,Momotaro Tsurugi,20,22,3,False,True
momotaro-tsurugi,Momotaro Tsurugi,24,25,2,False,True
momotaro-tsurugi,Momotaro Tsurugi,27,27,1,False,True
momotaro-tsurugi,Momotaro Tsurugi,44,44,1,False,True
momotaro-tsurugi,Momotaro Tsurugi,49,49,1,False,True
momotaro-tsurugi,Momotaro Tsurugi,50,52,3,False,True
momotaro-tsurugi,Momotaro Tsurugi,59,59,1,False,True
momotaro-tsurugi,Momotaro Tsurugi,60,67,8,False,True
momotaro-tsurugi,Momotaro Tsurugi,69,69,1,False,True
momotaro-tsurugi,Momotaro Tsurugi,70,79,10,False,True
momotaro-tsurugi,Momotaro Tsurugi,80,81,2,False,True
momotaro-tsurugi,Momotaro Tsurugi,94,94,1,False,True
momotaro-tsurugi,Momotaro Tsurugi,99,99,1,False,True
momotaro-tsurugi,Momotaro Tsurugi,100,100,1,False,True
momotaro-tsurugi,Momotaro Tsurugi,109,109,1,False,True
momotaro-tsurugi,Momotaro Tsurugi,110,119,10,False,True
momotaro-tsurugi,Momotaro Tsurugi,120,126,7,False,True
momotaro-tsurugi,Momotaro Tsurugi,134,134,1,False,True
momotaro-tsurugi,Momotaro Tsurugi,142,148,7,False,True
momotaro-tsurugi,Momotaro Tsurugi,155,159,5,False,True
momotaro-tsurugi,Momotaro Tsurugi,160,165,6,False,True
momotaro-tsurugi,Momotaro Tsurugi,166,175,10,False,True
momotaro-tsurugi,Momotaro Tsurugi,177,185,9,False,True
momotaro-tsurugi,Momotaro Tsurugi,186,195,10,False,True
momotaro-tsurugi,Momotaro Tsurugi,206,206,1,False,True
momotaro-tsurugi,Momotaro Tsurugi,207,216,10,False,True
momotaro-tsurugi,Momotaro Tsurugi,217,226,10,False,True
momotaro-tsurugi,Momotaro Tsurugi,227,228,2,False,True
monkey-d-luffy,Monkey D. Luffy,12,13,2,False,True
monkey-d-luffy,Monkey D. Luffy,16,16,1,False,True
monkey-d-luffy,Monkey D. Luffy,19,19,1,False,True
monkey-d-luffy,Monkey D. Luffy,21,24,4,False,True
monkey-d-luffy,Monkey D. Luffy,26,26,1,False,True
monkey-d-luffy,Monkey D. Luffy,44,44,1,False,True
monkey-d-luffy,Monkey D. Luffy,49,49,1,False,True
monkey-d-luffy,Monkey D. Luffy,50,50,1,False,True
monkey-d-luffy,Monkey D. Luffy,55,56,2,False,True
monkey-d-luffy,Monkey D. Luffy,59,59,1,False,True
monkey-d-luffy,Monkey D. Luffy,60,67,8,False,True
monkey-d-luffy,Monkey D. Luffy,77,77,1,False,True
monkey-d-luffy,Monkey D. Luffy,80,87,8,False,True
monkey-d-luffy,Monkey D. Luffy,103,112,10,False,True
monkey-d-luffy,Monkey D. Luffy,113,117,5,False,True
monkey-d-luffy,Monkey D. Luffy,119,119,1,False,True
monkey-d-luffy,Monkey D. Luffy,121,121,1,False,True
monkey-d-luffy,Monkey D. Luffy,123,123,1,False,True
monkey-d-luffy,Monkey D. Luffy,125,125,1,False,True
monkey-d-luffy,Monkey D. Luffy,127,127,1,False,True
monkey-d-luffy,Monkey D. Luffy,129,129,1,False,True
monkey-d-luffy,Monkey D. Luffy,132,132,1,False,True
monkey-d-luffy,Monkey D. Luffy,134,134,1,False,True
monkey-d-luffy,Monkey D. Luffy,136,137,2,False,True
monkey-d-luffy,Monkey D. Luffy,151,151,1,False,True
monkey-d-luffy,Monkey D. Luffy,155,156,2,False,True
monkey-d-luffy,Monkey D. Luffy,159,160,2,False,True
monkey-d-luffy,Monkey D. Luffy,161,163,3,False,True
monkey-d-luffy,Monkey D. Luffy,166,167,2,False,True
monkey-d-luffy,Monkey D. Luffy,183,187,5,False,True
monkey-d-luffy-2nd-gear,Monkey D. Luffy (2nd Gear),12,14,3,False,True
monkey-d-luffy-2nd-gear,Monkey D. Luffy (2nd Gear),17,17,1,False,True
monkey-d-luffy-2nd-gear,Monkey D. Luffy (2nd Gear),20,20,1,False,True
monkey-d-luffy-2nd-gear,Monkey D. Luffy (2nd Gear),22,25,4,False,True
monkey-d-luffy-2nd-gear,Monkey D. Luffy (2nd Gear),27,27,1,False,True
monkey-d-luffy-2nd-gear,Monkey D. Luffy (2nd Gear),44,44,1,False,True
monkey-d-luffy-2nd-gear,Monkey D. Luffy (2nd Gear),49,49,1,False,True
monkey-d-luffy-2nd-gear,Monkey D. Luffy (2nd Gear),50,51,2,False,True
monkey-d-luffy-2nd-gear,Monkey D. Luffy (2nd Gear),56,59,4,False,True
monkey-d-luffy-2nd-gear,Monkey D. Luffy (2nd Gear),60,69,10,False,True
monkey-d-luffy-2nd-gear,Monkey D. Luffy (2nd Gear),70,76,7,False,True
monkey-d-luffy-2nd-gear,Monkey D. Luffy (2nd Gear),84,84,1,False,True
monkey-d-luffy-2nd-gear,Monkey D. Luffy (2nd Gear),87,88,2,False,True
monkey-d-luffy-2nd-gear,Monkey D. Luffy (2nd Gear),105,113,9,False,True
monkey-d-luffy-2nd-gear,Monkey D. Luffy (2nd Gear),114,118,5,False,True
monkey-d-luffy-2nd-gear,Monkey D. Luffy (2nd Gear),119,128,10,False,True
monkey-d-luffy-2nd-gear,Monkey D. Luffy (2nd Gear),129,132,4,False,True
monkey-d-luffy-2nd-gear,Monkey D. Luffy (2nd Gear),140,149,10,False,True
monkey-d-luffy-2nd-gear,Monkey D. Luffy (2nd Gear),150,159,10,False,True
monkey-d-luffy-2nd-gear,Monkey D. Luffy (2nd Gear),160,169,10,False,True
monkey-d-luffy-2nd-gear,Monkey D. Luffy (2nd Gear),170,177,8,False,True
monkey-d-luffy-2nd-gear,Monkey D. Luffy (2nd Gear),178,187,10,False,True
monkey-d-luffy-2nd-gear,Monkey D. Luffy (2nd Gear),188,189,2,False,True
monkey-d-luffy-2nd-gear,Monkey D. Luffy (2nd Gear),200,209,10,False,True
monkey-d-luffy-2nd-gear,Monkey D. Luffy (2nd Gear),210,219,10,False,True
monkey-d-luffy-2nd-gear,Monkey D. Luffy (2nd Gear),220,229,10,False,True
nami,Nami,12,13,2,False,True
nami,Nami,16,16,1,False,True
nami,Nami,20,20,1,False,True
nami,Nami,22,22,1,False,True
nami,Nami,24,25,2,False,True
nami,Nami,44,44,1,False,True
nami,Nami,49,49,1,False,True
nami,Nami,50,50,1,False,True
nami,Nami,58,59,2,False,True
nami,Nami,60,64,5,False,True
nami,Nami,70,70,1,False,True
nami,Nami,110,116,7,False,True
nami,Nami,132,139,8,False,True
nami,Nami,140,142,3,False,True
nami,Nami,143,152,10,False,True
nami,Nami,153,161,9,False,True
nami,Nami,162,170,9,False,True
nami,Nami,171,175,5,False,True
nami-perfect-clima-tact,Nami (Perfect Clima-Tact),12,13,2,False,True
nami-perfect-clima-tact,Nami (Perfect Clima-Tact),16,16,1,False,True
nami-perfect-clima-tact,Nami (Perfect Clima-Tact),20,20,1,False,True
nami-perfect-clima-tact,Nami (Perfect Clima-Tact),22,23,2,False,True
nami-perfect-clima-tact,Nami (Perfect Clima-Tact),25,25,1,False,True
nami-perfect-clima-tact,Nami (Perfect Clima-Tact),44,44,1,False,True
nami-perfect-clima-tact,Nami (Perfect Clima-Tact),49,49,1,False,True
nami-perfect-clima-tact,Nami (Perfect Clima-Tact),50,50,1,False,True
nami-perfect-clima-tact,Nami (Perfect Clima-Tact),63,66,4,False,True
nami-perfect-clima-tact,Nami (Perfect Clima-Tact),72,72,1,False,True
nami-perfect-clima-tact,Nami (Perfect Clima-Tact),87,87,1,False,True
nami-perfect-clima-tact,Nami (Perfect Clima-Tact),111,120,10,False,True
nami-perfect-clima-tact,Nami (Perfect Clima-Tact),121,130,10,False,True
nami-perfect-clima-tact,Nami (Perfect Clima-Tact),131,140,10,False,True
nami-perfect-clima-tact,Nami (Perfect Clima-Tact),141,150,10,False,True
nami-perfect-clima-tact,Nami (Perfect Clima-Tact),151,152,2,False,True
nami-perfect-clima-tact,Nami (Perfect Clima-Tact),153,162,10,False,True
nami-perfect-clima-tact,Nami (Perfect Clima-Tact),163,172,10,False,True
nami-perfect-clima-tact,Nami (Perfect Clima-Tact),173,176,4,False,True
naruto-uzumaki-nine-tails-kyubi,Naruto Uzumaki (Nine-Tails_Kyubi),4,4,1,False,True
naruto-uzumaki-nine-tails-kyubi,Naruto Uzumaki (Nine-Tails_Kyubi),13,15,3,False,True
naruto-uzumaki-nine-tails-kyubi,Naruto Uzumaki (Nine-Tails_Kyubi),19,19,1,False,True
naruto-uzumaki-nine-tails-kyubi,Naruto Uzumaki (Nine-Tails_Kyubi),22,24,3,False,True
naruto-uzumaki-nine-tails-kyubi,Naruto Uzumaki (Nine-Tails_Kyubi),26,27,2,False,True
naruto-uzumaki-nine-tails-kyubi,Naruto Uzumaki (Nine-Tails_Kyubi),29,29,1,False,True
naruto-uzumaki-nine-tails-kyubi,Naruto Uzumaki (Nine-Tails_Kyubi),44,44,1,False,True
naruto-uzumaki-nine-tails-kyubi,Naruto Uzumaki (Nine-Tails_Kyubi),49,49,1,False,True
naruto-uzumaki-nine-tails-kyubi,Naruto Uzumaki (Nine-Tails_Kyubi),50,55,6,False,True
naruto-uzumaki-nine-tails-kyubi,Naruto Uzumaki (Nine-Tails_Kyubi),60,69,10,False,True
naruto-uzumaki-nine-tails-kyubi,Naruto Uzumaki (Nine-Tails_Kyubi),121,129,9,False,True
naruto-uzumaki-nine-tails-kyubi,Naruto Uzumaki (Nine-Tails_Kyubi),150,158,9,False,True
naruto-uzumaki-nine-tails-kyubi,Naruto Uzumaki (Nine-Tails_Kyubi),163,163,1,False,True
naruto-uzumaki-nine-tails-kyubi,Naruto Uzumaki (Nine-Tails_Kyubi),168,168,1,False,True
naruto-uzumaki-nine-tails-kyubi,Naruto Uzumaki (Nine-Tails_Kyubi),173,173,1,False,True
naruto-uzumaki-nine-tails-kyubi,Naruto Uzumaki (Nine-Tails_Kyubi),178,178,1,False,True
naruto-uzumaki-nine-tails-kyubi,Naruto Uzumaki (Nine-Tails_Kyubi),179,188,10,False,True
naruto-uzumaki-nine-tails-kyubi,Naruto Uzumaki (Nine-Tails_Kyubi),192,192,1,False,True
naruto-uzumaki-nine-tails-kyubi,Naruto Uzumaki (Nine-Tails_Kyubi),196,196,1,False,True
naruto-uzumaki-nine-tails-kyubi,Naruto Uzumaki (Nine-Tails_Kyubi),199,199,1,False,True
naruto-uzumaki-nine-tails-kyubi,Naruto Uzumaki (Nine-Tails_Kyubi),200,204,5,False,True
near,Near,4,4,1,False,True
near,Near,6,6,1,False,True
near,Near,9,9,1,False,True
near,Near,11,13,3,False,True
near,Near,15,17,3,False,True
near,Near,19,20,2,False,True
near,Near,22,24,3,False,True
near,Near,27,28,2,False,True
neuro-nogami,Neuro Nogami,12,13,2,False,True
neuro-nogami,Neuro Nogami,16,16,1,False,True
neuro-nogami,Neuro Nogami,21,21,1,False,True
neuro-nogami,Neuro Nogami,23,23,1,False,True
neuro-nogami,Neuro Nogami,25,26,2,False,True
neuro-nogami,Neuro Nogami,44,44,1,False,True
neuro-nogami,Neuro Nogami,49,49,1,False,True
neuro-nogami,Neuro Nogami,50,53,4,False,True
neuro-nogami,Neuro Nogami,59,59,1,False,True
neuro-nogami,Neuro Nogami,60,62,3,False,True
neuro-nogami,Neuro Nogami,77,79,3,False,True
neuro-nogami,Neuro Nogami,80,89,10,False,True
neuro-nogami,Neuro Nogami,109,109,1,False,True
neuro-nogami,Neuro Nogami,110,119,10,False,True
neuro-nogami,Neuro Nogami,120,129,10,False,True
neuro-nogami,Neuro Nogami,130,137,8,False,True
neuro-nogami,Neuro Nogami,164,169,6,False,True
neuro-nogami,Neuro Nogami,170,170,1,False,True
neuro-nogami,Neuro Nogami,176,179,4,False,True
neuro-nogami,Neuro Nogami,189,196,8,False,True
neuro-nogami,Neuro Nogami,201,207,7,False,True
neuro-nogami,Neuro Nogami,213,217,5,False,True
neuro-nogami,Neuro Nogami,218,219,2,False,True
nico-robin,Nico Robin,12,13,2,False,True
nico-robin,Nico Robin,16,16,1,False,True
nico-robin,Nico Robin,20,20,1,False,True
nico-robin,Nico Robin,22,22,1,False,True
nico-robin,Nico Robin,24,25,2,False,True
nico-robin,Nico Robin,29,29,1,False,True
nico-robin,Nico Robin,44,44,1,False,True
nico-robin,Nico Robin,49,49,1,False,True
nico-robin,Nico Robin,50,50,1,False,True
nico-robin,Nico Robin,57,59,3,False,True
nico-robin,Nico Robin,60,69,10,False,True
nico-robin,Nico Robin,70,70,1,False,True
nico-robin,Nico Robin,81,89,9,False,True
nico-robin,Nico Robin,143,149,7,False,True
nico-robin,Nico Robin,150,159,10,False,True
nico-robin,Nico Robin,160,163,4,False,True
nico-robin,Nico Robin,172,179,8,False,True
nico-robin,Nico Robin,180,188,9,False,True
nico-robin,Nico Robin,189,198,10,False,True
nico-robin,Nico Robin,199,208,10,False,True
nico-robin,Nico Robin,209,211,3,False,True
nico-robin,Nico Robin,212,221,10,False,True
nico-robin,Nico Robin,222,228,7,False,True
nico-robin,Nico Robin,229,230,2,False,True
nico-robin,Nico Robin,253,254,2,False,True
pegasus-seiya,Pegasus Seiya,12,13,2,False,True
pegasus-seiya,Pegasus Seiya,16,16,1,False,True
pegasus-seiya,Pegasus Seiya,20,21,2,False,True
pegasus-seiya,Pegasus Seiya,23,23,1,False,True
pegasus-seiya,Pegasus Seiya,25,27,3,False,True
pegasus-seiya,Pegasus Seiya,44,44,1,False,True
pegasus-seiya,Pegasus Seiya,49,49,1,False,True
pegasus-seiya,Pegasus Seiya,50,51,2,False,True
pegasus-seiya,Pegasus Seiya,63,69,7,False,True
pegasus-seiya,Pegasus Seiya,70,79,10,False,True
pegasus-seiya,Pegasus Seiya,84,89,6,False,True
pegasus-seiya,Pegasus Seiya,94,94,1,False,True
pegasus-seiya,Pegasus Seiya,102,109,8,False,True
pegasus-seiya,Pegasus Seiya,110,119,10,False,True
pegasus-seiya,Pegasus Seiya,120,125,6,False,True
pegasus-seiya,Pegasus Seiya,131,131,1,False,True
pegasus-seiya,Pegasus Seiya,136,137,2,False,True
pegasus-seiya,Pegasus Seiya,141,149,9,False,True
pegasus-seiya,Pegasus Seiya,150,150,1,False,True
pegasus-seiya,Pegasus Seiya,151,156,6,False,True
pegasus-seiya,Pegasus Seiya,162,167,6,False,True
pegasus-seiya,Pegasus Seiya,168,177,10,False,True
pegasus-seiya,Pegasus Seiya,178,187,10,False,True
pegasus-seiya,Pegasus Seiya,188,188,1,False,True
pegasus-seiya,Pegasus Seiya,189,198,10,False,True
pegasus-seiya,Pegasus Seiya,199,203,5,False,True
pegasus-seiya,Pegasus Seiya,204,211,8,False,True
pegasus-seiya,Pegasus Seiya,222,223,2,False,True
pegasus-seiya,Pegasus Seiya,224,232,9,False,True
pegasus-seiya,Pegasus Seiya,233,241,9,False,True
pegasus-seiya,Pegasus Seiya,242,250,9,False,True
pegasus-seiya,Pegasus Seiya,251,259,9,False,True
pegasus-seiya,Pegasus Seiya,260,268,9,False,True
pegasus-seiya,Pegasus Seiya,269,277,9,False,True
pegasus-seiya,Pegasus Seiya,278,286,9,False,True
pegasus-seiya,Pegasus Seiya,287,295,9,False,True
pegasus-seiya,Pegasus Seiya,296,304,9,False,True
pegasus-seiya,Pegasus Seiya,305,313,9,False,True
pegasus-seiya,Pegasus Seiya,314,322,9,False,True
pegasus-seiya,Pegasus Seiya,323,331,9,False,True
pegasus-seiya,Pegasus Seiya,332,340,9,False,True
pegasus-seiya,Pegasus Seiya,341,349,9,False,True
pegasus-seiya,Pegasus Seiya,350,358,9,False,True
pegasus-seiya,Pegasus Seiya,359,360,2,False,True
pegasus-seiya,Pegasus Seiya,361,370,10,False,True
pegasus-seiya,Pegasus Seiya,371,379,9,False,True
piccolo,Piccolo,8,9,2,False,True
piccolo,Piccolo,11,12,2,False,True
piccolo,Piccolo,15,19,5,False,True
piccolo,Piccolo,20,20,1,False,True
piccolo,Piccolo,22,24,3,False,True
piccolo,Piccolo,28,29,2,False,True
piccolo,Piccolo,44,44,1,False,True
piccolo,Piccolo,49,49,1,False,True
piccolo,Piccolo,50,52,3,False,True
piccolo,Piccolo,60,69,10,False,True
piccolo,Piccolo,70,79,10,False,True
piccolo,Piccolo,80,84,5,False,True
piccolo,Piccolo,94,94,1,False,True
piccolo,Piccolo,99,99,1,False,True
piccolo,Piccolo,100,109,10,False,True
piccolo,Piccolo,116,119,4,False,True
piccolo,Piccolo,124,128,5,False,True
piccolo,Piccolo,129,137,9,False,True
raoh,Raoh,12,13,2,False,True
raoh,Raoh,16,16,1,False,True
raoh,Raoh,21,23,3,False,True
raoh,Raoh,25,26,2,False,True
raoh,Raoh,49,49,1,False,True
raoh,Raoh,60,69,10,False,True
raoh,Raoh,70,73,4,False,True
raoh,Raoh,87,88,2,False,True
raoh,Raoh,99,99,1,False,True
raoh,Raoh,100,109,10,False,True
raoh,Raoh,110,112,3,False,True
raoh,Raoh,128,129,2,False,True
raoh,Raoh,130,139,10,False,True
raoh,Raoh,140,149,10,False,True
raoh,Raoh,150,151,2,False,True
raoh,Raoh,152,160,9,False,True
raoh,Raoh,161,170,10,False,True
raoh,Raoh,171,178,8,False,True
raoh,Raoh,195,197,3,False,True
renji-abarai,Renji Abarai,12,12,1,False,True
renji-abarai,Renji Abarai,16,16,1,False,True
renji-abarai,Renji Abarai,21,21,1,False,True
renji-abarai,Renji Abarai,23,25,3,False,True
renji-abarai,Renji Abarai,44,44,1,False,True
renji-abarai,Renji Abarai,49,49,1,False,True
renji-abarai,Renji Abarai,50,51,2,False,True
renji-abarai,Renji Abarai,57,57,1,False,True
renji-abarai,Renji Abarai,62,69,8,False,True
renji-abarai,Renji Abarai,70,77,8,False,True
renji-abarai,Renji Abarai,94,94,1,False,True
renji-abarai,Renji Abarai,99,99,1,False,True
renji-abarai,Renji Abarai,113,119,7,False,True
renji-abarai,Renji Abarai,120,129,10,False,True
renji-abarai,Renji Abarai,130,139,10,False,True
renji-abarai,Renji Abarai,150,159,10,False,True
renji-abarai,Renji Abarai,160,165,6,False,True
renji-abarai,Renji Abarai,177,179,3,False,True
renji-abarai,Renji Abarai,180,189,10,False,True
renji-abarai,Renji Abarai,190,196,7,False,True
riven,Sasuke,11,11,1,False,True
riven,Sasuke,16,16,1,False,True
riven,Sasuke,19,19,1,False,True
riven,Sasuke,20,21,2,False,True
riven,Sasuke,23,24,2,False,True
riven,Sasuke,26,28,3,False,True
riven,Sasuke,36,39,4,False,True
riven,Sasuke,40,43,4,False,True
riven,Sasuke,47,49,3,False,True
riven,Sasuke,50,52,3,False,True
riven,Sasuke,61,65,5,False,True
riven,Sasuke,67,69,3,False,True
riven,Sasuke,70,77,8,False,True
riven,Sasuke,82,82,1,False,True
riven,Sasuke,85,86,2,False,True
riven,Sasuke,91,92,2,False,True
riven,Sasuke,95,98,4,False,True
riven,Sasuke,99,102,4,False,True
riven,Sasuke,125,125,1,False,True
riven,Sasuke,127,127,1,False,True
riven,Sasuke,138,138,1,False,True
riven,Sasuke,139,141,3,False,True
riven,Sasuke,162,168,7,False,True
riven,Sasuke,169,170,2,False,True
riven,Sasuke,171,171,1,False,True
riven,Sasuke,172,173,2,False,True
riven,Sasuke,179,180,2,False,True
riven,Sasuke,181,182,2,False,True
riven,Sasuke,183,183,1,False,True
riven,Sasuke,187,190,4,False,True
riven,Sasuke,192,192,1,False,True
riven,Sasuke,193,195,3,False,True
riven,Sasuke,196,197,2,False,True
riven,Sasuke,198,198,1,False,True
riven,Sasuke,199,199,1,False,True
riven,Sasuke,200,200,1,False,True
riven,Sasuke,201,201,1,False,True
riven,Sasuke,202,203,2,False,True
riven,Sasuke,204,204,1,False,True
riven,Sasuke,205,206,2,False,True
riven,Sasuke,207,207,1,False,True
riven,Sasuke,208,208,1,False,True
roronoa-zoro,Roronoa Zoro,12,13,2,False,True
roronoa-zoro,Roronoa Zoro,16,16,1,False,True
roronoa-zoro,Roronoa Zoro,19,19,1,False,True
roronoa-zoro,Roronoa Zoro,20,20,1,False,True
roronoa-zoro,Roronoa Zoro,24,26,3,False,True
roronoa-zoro,Roronoa Zoro,44,44,1,False,True
roronoa-zoro,Roronoa Zoro,49,49,1,False,True
roronoa-zoro,Roronoa Zoro,50,50,1,False,True
roronoa-zoro,Roronoa Zoro,55,59,5,False,True
roronoa-zoro,Roronoa Zoro,60,61,2,False,True
roronoa-zoro,Roronoa Zoro,69,69,1,False,True
roronoa-zoro,Roronoa Zoro,70,73,4,False,True
roronoa-zoro,Roronoa Zoro,113,119,7,False,True
roronoa-zoro,Roronoa Zoro,139,139,1,False,True
roronoa-zoro,Roronoa Zoro,140,149,10,False,True
roronoa-zoro,Roronoa Zoro,157,159,3,False,True
roronoa-zoro,Roronoa Zoro,160,165,6,False,True
roronoa-zoro,Roronoa Zoro,178,186,9,False,True
roronoa-zoro,Roronoa Zoro,187,187,1,False,True
roronoa-zoro,Roronoa Zoro,188,197,10,False,True
roronoa-zoro,Roronoa Zoro,198,206,9,False,True
rukia-kuchiki,Rukia Kuchiki,12,13,2,False,True
rukia-kuchiki,Rukia Kuchiki,16,16,1,False,True
rukia-kuchiki,Rukia Kuchiki,21,21,1,False,True
rukia-kuchiki,Rukia Kuchiki,24,24,1,False,True
rukia-kuchiki,Rukia Kuchiki,26,27,2,False,True
rukia-kuchiki,Rukia Kuchiki,44,44,1,False,True
rukia-kuchiki,Rukia Kuchiki,49,49,1,False,True
rukia-kuchiki,Rukia Kuchiki,50,51,2,False,True
rukia-kuchiki,Rukia Kuchiki,61,69,9,False,True
rukia-kuchiki,Rukia Kuchiki,75,79,5,False,True
rukia-kuchiki,Rukia Kuchiki,87,89,3,False,True
rukia-kuchiki,Rukia Kuchiki,94,94,1,False,True
rukia-kuchiki,Rukia Kuchiki,101,107,7,False,True
rukia-kuchiki,Rukia Kuchiki,119,119,1,False,True
rukia-kuchiki,Rukia Kuchiki,120,129,10,False,True
rukia-kuchiki,Rukia Kuchiki,130,139,10,False,True
rukia-kuchiki,Rukia Kuchiki,140,149,10,False,True
rukia-kuchiki,Rukia Kuchiki,150,159,10,False,True
rukia-kuchiki,Rukia Kuchiki,160,169,10,False,True
rukia-kuchiki,Rukia Kuchiki,170,179,10,False,True
rukia-kuchiki,Rukia Kuchiki,180,189,10,False,True
rukia-kuchiki,Rukia Kuchiki,190,199,10,False,True
rukia-kuchiki,Rukia Kuchiki,200,209,10,False,True
rukia-kuchiki,Rukia Kuchiki,210,213,4,False,True
ryotsu-kankichi,Ryotsu Kankichi,12,13,2,False,True
ryotsu-kankichi,Ryotsu Kankichi,16,16,1,False,True
ryotsu-kankichi,Ryotsu Kankichi,20,20,1,False,True
ryotsu-kankichi,Ryotsu Kankichi,23,25,3,False,True
ryotsu-kankichi,Ryotsu Kankichi,44,44,1,False,True
ryotsu-kankichi,Ryotsu Kankichi,49,49,1,False,True
ryotsu-kankichi,Ryotsu Kankichi,54,58,5,False,True
ryotsu-kankichi,Ryotsu Kankichi,60,61,2,False,True
ryotsu-kankichi,Ryotsu Kankichi,69,69,1,False,True
ryotsu-kankichi,Ryotsu Kankichi,70,74,5,False,True
ryotsu-kankichi,Ryotsu Kankichi,94,94,1,False,True
ryotsu-kankichi,Ryotsu Kankichi,99,99,1,False,True
ryotsu-kankichi,Ryotsu Kankichi,100,100,1,False,True
ryotsu-kankichi,Ryotsu Kankichi,107,109,3,False,True
ryotsu-kankichi,Ryotsu Kankichi,130,135,6,False,True
ryotsu-kankichi,Ryotsu Kankichi,136,136,1,False,True
ryotsu-kankichi,Ryotsu Kankichi,144,153,10,False,True
ryotsu-kankichi,Ryotsu Kankichi,154,163,10,False,True
ryotsu-kankichi,Ryotsu Kankichi,164,165,2,False,True
ryotsu-kankichi,Ryotsu Kankichi,167,167,1,False,True
ryotsu-kankichi,Ryotsu Kankichi,186,197,12,False,True
ryotsu-kankichi,Ryotsu Kankichi,198,207,10,False,True
ryotsu-kankichi,Ryotsu Kankichi,208,213,6,False,True
sakura-haruno,Sakura Haruno,12,13,2,False,True
sakura-haruno,Sakura Haruno,16,16,1,False,True
sakura-haruno,Sakura Haruno,21,21,1,False,True
sakura-haruno,Sakura Haruno,24,25,2,False,True
sakura-haruno,Sakura Haruno,44,44,1,False,True
sakura-haruno,Sakura Haruno,49,49,1,False,True
sakura-haruno,Sakura Haruno,50,52,3,False,True
sakura-haruno,Sakura Haruno,61,69,9,False,True
sakura-haruno,Sakura Haruno,70,79,10,False,True
sakura-haruno,Sakura Haruno,80,89,10,False,True
sakura-haruno,Sakura Haruno,94,94,1,False,True
sakura-haruno,Sakura Haruno,99,99,1,False,True
sakura-haruno,Sakura Haruno,100,106,7,False,True
sakura-haruno,Sakura Haruno,140,144,5,False,True
sakura-haruno,Sakura Haruno,155,155,1,False,True
sakura-haruno,Sakura Haruno,163,166,4,False,True
sakura-haruno,Sakura Haruno,167,176,10,False,True
sakura-haruno,Sakura Haruno,189,195,7,False,True
sakura-haruno,Sakura Haruno,196,205,10,False,True
sanji-vinsmoke,Sanji Vinsmoke,12,13,2,False,True
sanji-vinsmoke,Sanji Vinsmoke,16,18,3,False,True
sanji-vinsmoke,Sanji Vinsmoke,22,24,3,False,True
sanji-vinsmoke,Sanji Vinsmoke,26,27,2,False,True
sanji-vinsmoke,Sanji Vinsmoke,44,44,1,False,True
sanji-vinsmoke,Sanji Vinsmoke,49,49,1,False,True
sanji-vinsmoke,Sanji Vinsmoke,50,52,3,False,True
sanji-vinsmoke,Sanji Vinsmoke,59,59,1,False,True
sanji-vinsmoke,Sanji Vinsmoke,63,69,7,False,True
sanji-vinsmoke,Sanji Vinsmoke,70,75,6,False,True
sanji-vinsmoke,Sanji Vinsmoke,82,89,8,False,True
sanji-vinsmoke,Sanji Vinsmoke,101,109,9,False,True
sanji-vinsmoke,Sanji Vinsmoke,110,112,3,False,True
sanji-vinsmoke,Sanji Vinsmoke,120,129,10,False,True
sanji-vinsmoke,Sanji Vinsmoke,130,130,1,False,True
sanji-vinsmoke,Sanji Vinsmoke,147,149,3,False,True
sanji-vinsmoke,Sanji Vinsmoke,150,155,6,False,True
sanji-vinsmoke,Sanji Vinsmoke,167,169,3,False,True
sanji-vinsmoke,Sanji Vinsmoke,170,179,10,False,True
sanji-vinsmoke,Sanji Vinsmoke,180,189,10,False,True
sanji-vinsmoke,Sanji Vinsmoke,190,199,10,False,True
sanji-vinsmoke,Sanji Vinsmoke,200,209,10,False,True
sanji-vinsmoke,Sanji Vinsmoke,210,219,10,False,True
sanji-vinsmoke,Sanji Vinsmoke,220,229,10,False,True
sanji-vinsmoke,Sanji Vinsmoke,230,239,10,False,True
sanji-vinsmoke,Sanji Vinsmoke,240,249,10,False,True
sanji-vinsmoke,Sanji Vinsmoke,250,251,2,False,True
sanji-vinsmoke,Sanji Vinsmoke,264,269,6,False,True
sanji-vinsmoke,Sanji Vinsmoke,270,279,10,False,True
sanji-vinsmoke,Sanji Vinsmoke,280,289,10,False,True
sanji-vinsmoke,Sanji Vinsmoke,290,299,10,False,True
sanji-vinsmoke,Sanji Vinsmoke,300,309,10,False,True
sanji-vinsmoke,Sanji Vinsmoke,310,319,10,False,True
sanji-vinsmoke,Sanji Vinsmoke,320,329,10,False,True
sanji-vinsmoke,Sanji Vinsmoke,330,339,10,False,True
sanji-vinsmoke,Sanji Vinsmoke,340,341,2,False,True
sanji-vinsmoke,Sanji Vinsmoke,342,351,10,False,True
sanji-vinsmoke,Sanji Vinsmoke,352,361,10,False,True
sanji-vinsmoke,Sanji Vinsmoke,362,371,10,False,True
sanji-vinsmoke,Sanji Vinsmoke,372,381,10,False,True
sanji-vinsmoke,Sanji Vinsmoke,382,391,10,False,True
sanji-vinsmoke,Sanji Vinsmoke,392,401,10,False,True
sanji-vinsmoke,Sanji Vinsmoke,402,411,10,False,True
sanji-vinsmoke,Sanji Vinsmoke,412,413,2,False,True
sanji-vinsmoke,Sanji Vinsmoke,414,423,10,False,True
sanji-vinsmoke,Sanji Vinsmoke,424,433,10,False,True
sanji-vinsmoke,Sanji Vinsmoke,434,443,10,False,True
sanji-vinsmoke,Sanji Vinsmoke,444,453,10,False,True
sanji-vinsmoke,Sanji Vinsmoke,454,463,10,False,True
sanji-vinsmoke,Sanji Vinsmoke,464,473,10,False,True
sanji-vinsmoke,Sanji Vinsmoke,474,483,10,False,True
sanji-vinsmoke,Sanji Vinsmoke,484,493,10,False,True
sanji-vinsmoke,Sanji Vinsmoke,494,503,10,False,True
sanji-vinsmoke,Sanji Vinsmoke,504,513,10,False,True
sanji-vinsmoke,Sanji Vinsmoke,514,523,10,False,True
sanji-vinsmoke,Sanji Vinsmoke,524,533,10,False,True
sanji-vinsmoke,Sanji Vinsmoke,534,543,10,False,True
sanji-vinsmoke,Sanji Vinsmoke,544,553,10,False,True
sanji-vinsmoke,Sanji Vinsmoke,554,563,10,False,True
sanji-vinsmoke,Sanji Vinsmoke,564,573,10,False,True
sanji-vinsmoke,Sanji Vinsmoke,574,583,10,False,True
sanji-vinsmoke,Sanji Vinsmoke,584,592,9,False,True
seto-kaiba,Seto Kaiba,1,1,1,False,True
seto-kaiba,Seto Kaiba,3,3,1,False,True
seto-kaiba,Seto Kaiba,9,9,1,False,True
seto-kaiba,Seto Kaiba,11,11,1,False,True
seto-kaiba,Seto Kaiba,13,13,1,False,True
seto-kaiba,Seto Kaiba,19,19,1,False,True
seto-kaiba,Seto Kaiba,21,21,1,False,True
seto-kaiba,Seto Kaiba,23,23,1,False,True
seto-kaiba,Seto Kaiba,25,25,1,False,True
seto-kaiba,Seto Kaiba,27,27,1,False,True
seto-kaiba,Seto Kaiba,29,29,1,False,True
seto-kaiba,Seto Kaiba,31,31,1,False,True
seto-kaiba,Seto Kaiba,33,33,1,False,True
seto-kaiba,Seto Kaiba,35,36,2,False,True
sven-vollfied,Sven Vollfied,5,5,1,False,True
sven-vollfied,Sven Vollfied,8,8,1,False,True
sven-vollfied,Sven Vollfied,11,11,1,False,True
sven-vollfied,Sven Vollfied,14,14,1,False,True
sven-vollfied,Sven Vollfied,17,17,1,False,True
sven-vollfied,Sven Vollfied,20,20,1,False,True
sven-vollfied,Sven Vollfied,23,23,1,False,True
taikoubou,Taikoubou,12,13,2,False,True
taikoubou,Taikoubou,16,18,3,False,True
taikoubou,Taikoubou,21,21,1,False,True
taikoubou,Taikoubou,23,23,1,False,True
taikoubou,Taikoubou,25,25,1,False,True
taikoubou,Taikoubou,27,28,2,False,True
taikoubou,Taikoubou,44,44,1,False,True
taikoubou,Taikoubou,49,49,1,False,True
taikoubou,Taikoubou,50,52,3,False,True
taikoubou,Taikoubou,63,63,1,False,True
taikoubou,Taikoubou,77,79,3,False,True
taikoubou,Taikoubou,80,80,1,False,True
taikoubou,Taikoubou,84,85,2,False,True
taikoubou,Taikoubou,108,109,2,False,True
taikoubou,Taikoubou,110,117,8,False,True
taikoubou,Taikoubou,119,119,1,False,True
taikoubou,Taikoubou,120,129,10,False,True
taikoubou,Taikoubou,130,139,10,False,True
taikoubou,Taikoubou,140,143,4,False,True
taikoubou,Taikoubou,144,153,10,False,True
taikoubou,Taikoubou,154,161,8,False,True
taikoubou,Taikoubou,162,171,10,False,True
taikoubou,Taikoubou,172,173,2,False,True
taikoubou,Taikoubou,180,181,2,False,True
taikoubou,Taikoubou,182,182,1,False,True
taikoubou,Taikoubou,183,192,10,False,True
taikoubou,Taikoubou,193,202,10,False,True
taikoubou,Taikoubou,203,209,7,False,True
toshiro-hitsugaya,Tōshirō Hitsugaya,12,13,2,False,True
toshiro-hitsugaya,Tōshirō Hitsugaya,16,16,1,False,True
toshiro-hitsugaya,Tōshirō Hitsugaya,21,21,1,False,True
toshiro-hitsugaya,Tōshirō Hitsugaya,23,23,1,False,True
toshiro-hitsugaya,Tōshirō Hitsugaya,25,25,1,False,True
toshiro-hitsugaya,Tōshirō Hitsugaya,27,27,1,False,True
toshiro-hitsugaya,Tōshirō Hitsugaya,44,44,1,False,True
toshiro-hitsugaya,Tōshirō Hitsugaya,49,49,1,False,True
toshiro-hitsugaya,Tōshirō Hitsugaya,50,56,7,False,True
toshiro-hitsugaya,Tōshirō Hitsugaya,69,69,1,False,True
toshiro-hitsugaya,Tōshirō Hitsugaya,70,79,10,False,True
toshiro-hitsugaya,Tōshirō Hitsugaya,80,80,1,False,True
toshiro-hitsugaya,Tōshirō Hitsugaya,86,89,4,False,True
toshiro-hitsugaya,Tōshirō Hitsugaya,94,94,1,False,True
toshiro-hitsugaya,Tōshirō Hitsugaya,99,99,1,False,True
toshiro-hitsugaya,Tōshirō Hitsugaya,100,101,2,False,True
toshiro-hitsugaya,Tōshirō Hitsugaya,111,119,9,False,True
toshiro-hitsugaya,Tōshirō Hitsugaya,132,133,2,False,True
toshiro-hitsugaya,Tōshirō Hitsugaya,150,159,10,False,True
toshiro-hitsugaya,Tōshirō Hitsugaya,160,169,10,False,True
toshiro-hitsugaya,Tōshirō Hitsugaya,170,179,10,False,True
toshiro-hitsugaya,Tōshirō Hitsugaya,180,187,8,False,True
toshiro-hitsugaya,Tōshirō Hitsugaya,192,192,1,False,True
toshiro-hitsugaya,Tōshirō Hitsugaya,195,199,5,False,True
toshiro-hitsugaya,Tōshirō Hitsugaya,200,209,10,False,True
toshiro-hitsugaya,Tōshirō Hitsugaya,210,212,3,False,True
toshiro-hitsugaya,Tōshirō Hitsugaya,225,225,1,False,True
train-heartnet,Train Heartnet,12,13,2,False,True
train-heartnet,Train Heartnet,16,16,1,False,True
train-heartnet,Train Heartnet,21,21,1,False,True
train-heartnet,Train Heartnet,24,24,1,False,True
train-heartnet,Train Heartnet,26,29,4,False,True
train-heartnet,Train Heartnet,44,44,1,False,True
train-heartnet,Train Heartnet,49,49,1,False,True
train-heartnet,Train Heartnet,50,51,2,False,True
train-heartnet,Train Heartnet,56,57,2,False,True
train-heartnet,Train Heartnet,61,69,9,False,True
train-heartnet,Train Heartnet,70,79,10,False,True
train-heartnet,Train Heartnet,115,119,5,False,True
train-heartnet,Train Heartnet,129,129,1,False,True
train-heartnet,Train Heartnet,130,139,10,False,True
train-heartnet,Train Heartnet,148,149,2,False,True
train-heartnet,Train Heartnet,150,159,10,False,True
train-heartnet,Train Heartnet,160,162,3,False,True
train-heartnet,Train Heartnet,163,172,10,False,True
train-heartnet,Train Heartnet,173,182,10,False,True
train-heartnet,Train Heartnet,194,203,10,False,True
train-heartnet,Train Heartnet,204,213,10,False,True
train-heartnet,Train Heartnet,214,219,6,False,True
vegeta,Vegeta,8,9,2,False,True
vegeta,Vegeta,12,12,1,False,True
vegeta,Vegeta,16,16,1,False,True
vegeta,Vegeta,18,18,1,False,True
vegeta,Vegeta,20,21,2,False,True
vegeta,Vegeta,25,28,4,False,True
vegeta,Vegeta,44,44,1,False,True
vegeta,Vegeta,55,59,5,False,True
vegeta,Vegeta,60,64,5,False,True
vegeta,Vegeta,79,79,1,False,True
vegeta,Vegeta,84,89,6,False,True
vegeta,Vegeta,94,94,1,False,True
vegeta,Vegeta,99,99,1,False,True
vegeta,Vegeta,100,109,10,False,True
vegeta,Vegeta,110,111,2,False,True
vegeta,Vegeta,117,119,3,False,True
vegeta,Vegeta,120,123,4,False,True
vegeta,Vegeta,131,139,9,False,True
vegeta,Vegeta,140,146,7,False,True
vegeta-super-saiyan,Vegeta (Super Saiyan),8,9,2,False,True
vegeta-super-saiyan,Vegeta (Super Saiyan),12,12,1,False,True
vegeta-super-saiyan,Vegeta (Super Saiyan),16,16,1,False,True
vegeta-super-saiyan,Vegeta (Super Saiyan),18,18,1,False,True
vegeta-super-saiyan,Vegeta (Super Saiyan),20,21,2,False,True
vegeta-super-saiyan,Vegeta (Super Saiyan),25,28,4,False,True
vegeta-super-saiyan,Vegeta (Super Saiyan),44,44,1,False,True
vegeta-super-saiyan,Vegeta (Super Saiyan),55,59,5,False,True
vegeta-super-saiyan,Vegeta (Super Saiyan),60,64,5,False,True
vegeta-super-saiyan,Vegeta (Super Saiyan),79,79,1,False,True
vegeta-super-saiyan,Vegeta (Super Saiyan),84,89,6,False,True
vegeta-super-saiyan,Vegeta (Super Saiyan),94,94,1,False,True
vegeta-super-saiyan,Vegeta (Super Saiyan),99,99,1,False,True
vegeta-super-saiyan,Vegeta (Super Saiyan),100,109,10,False,True
vegeta-super-saiyan,Vegeta (Super Saiyan),110,119,10,False,True
vegeta-super-saiyan,Vegeta (Super Saiyan),120,126,7,False,True
vegeta-super-saiyan,Vegeta (Super Saiyan),131,139,9,False,True
vegeta-super-saiyan,Vegeta (Super Saiyan),140,142,3,False,True
vegeta-super-saiyan,Vegeta (Super Saiyan),143,152,10,False,True
vegeta-super-saiyan,Vegeta (Super Saiyan),153,162,10,False,True
vegeta-super-saiyan,Vegeta (Super Saiyan),163,163,1,False,True
vegeta-super-saiyan,Vegeta (Super Saiyan),164,173,10,False,True
vegito,Vegito,8,9,2,False,True
vegito,Vegito,12,12,1,False,True
vegito,Vegito,16,16,1,False,True
vegito,Vegito,18,18,1,False,True
vegito,Vegito,20,21,2,False,True
vegito,Vegito,25,28,4,False,True
vegito,Vegito,44,44,1,False,True
vegito,Vegito,52,52,1,False,True
vegito,Vegito,59,59,1,False,True
vegito,Vegito,60,64,5,False,True
vegito,Vegito,77,77,1,False,True
vegito,Vegito,80,80,1,False,True
vegito,Vegito,81,90,10,False,True
vegito,Vegito,95,95,1,False,True
vegito,Vegito,105,106,2,False,True
vegito,Vegito,112,119,8,False,True
vegito,Vegito,120,123,4,False,True
vegito,Vegito,130,139,10,False,True
vegito,Vegito,140,150,11,False,True
vegito,Vegito,151,155,5,False,True
vegito,Vegito,156,165,10,False,True
yoh-asakura,Yoh Asakura,12,13,2,False,True
yoh-asakura,Yoh Asakura,16,16,1,False,True
yoh-asakura,Yoh Asakura,21,21,1,False,True
yoh-asakura,Yoh Asakura,23,25,3,False,True
yoh-asakura,Yoh Asakura,44,44,1,False,True
yoh-asakura,Yoh Asakura,49,49,1,False,True
yoh-asakura,Yoh Asakura,50,52,3,False,True
yoh-asakura,Yoh Asakura,56,59,4,False,True
yoh-asakura,Yoh Asakura,60,69,10,False,True
yoh-asakura,Yoh Asakura,70,79,10,False,True
yoh-asakura,Yoh Asakura,80,86,7,False,True
yoh-asakura,Yoh Asakura,120,125,6,False,True
yoh-asakura,Yoh Asakura,133,139,7,False,True
yoh-asakura,Yoh Asakura,140,143,4,False,True
yoh-asakura,Yoh Asakura,150,153,4,False,True
yoh-asakura,Yoh Asakura,154,163,10,False,True
yoh-asakura,Yoh Asakura,164,170,7,False,True
yoh-asakura,Yoh Asakura,172,180,9,False,True
yoh-asakura-power-sword,Yoh Asakura (Power Sword),4,4,1,False,True
yoh-asakura-power-sword,Yoh Asakura (Power Sword),12,13,2,False,True
yoh-asakura-power-sword,Yoh Asakura (Power Sword),16,16,1,False,True
yoh-asakura-power-sword,Yoh Asakura (Power Sword),19,19,1,False,True
yoh-asakura-power-sword,Yoh Asakura (Power Sword),20,21,2,False,True
yoh-asakura-power-sword,Yoh Asakura (Power Sword),23,23,1,False,True
yoh-asakura-power-sword,Yoh Asakura (Power Sword),28,28,1,False,True
yoh-asakura-power-sword,Yoh Asakura (Power Sword),44,44,1,False,True
yoh-asakura-power-sword,Yoh Asakura (Power Sword),49,49,1,False,True
yoh-asakura-power-sword,Yoh Asakura (Power Sword),50,56,7,False,True
yoh-asakura-power-sword,Yoh Asakura (Power Sword),63,69,7,False,True
yoh-asakura-power-sword,Yoh Asakura (Power Sword),70,79,10,False,True
yoh-asakura-power-sword,Yoh Asakura (Power Sword),80,83,4,False,True
yoh-asakura-power-sword,Yoh Asakura (Power Sword),140,141,2,False,True
yoh-asakura-power-sword,Yoh Asakura (Power Sword),148,149,2,False,True
yoh-asakura-power-sword,Yoh Asakura (Power Sword),150,151,2,False,True
yugi-mutou,Yugi Mutou,12,15,4,False,True
yugi-mutou,Yugi Mutou,21,21,1,False,True
yugi-mutou,Yugi Mutou,23,24,2,False,True
yugi-mutou,Yugi Mutou,26,27,2,False,True
yugi-mutou,Yugi Mutou,44,44,1,False,True
yugi-mutou,Yugi Mutou,49,49,1,False,True
yugi-mutou,Yugi Mutou,50,52,3,False,True
yugi-mutou,Yugi Mutou,62,62,1,False,True
yugi-mutou,Yugi Mutou,70,72,3,False,True
yugi-mutou,Yugi Mutou,100,106,7,False,True
yugi-mutou,Yugi Mutou,114,119,6,False,True
yugi-mutou,Yugi Mutou,120,126,7,False,True
yugi-mutou,Yugi Mutou,127,136,10,False,True
yugi-mutou,Yugi Mutou,137,146,10,False,True
yugi-mutou,Yugi Mutou,147,149,3,False,True
yusuke-urameshi,Yusuke Urameshi,12,13,2,False,True
yusuke-urameshi,Yusuke Urameshi,16,16,1,False,True
yusuke-urameshi,Yusuke Urameshi,19,19,1,False,True
yusuke-urameshi,Yusuke Urameshi,20,22,3,False,True
yusuke-urameshi,Yusuke Urameshi,24,24,1,False,True
yusuke-urameshi,Yusuke Urameshi,44,44,1,False,True
yusuke-urameshi,Yusuke Urameshi,49,49,1,False,True
yusuke-urameshi,Yusuke Urameshi,58,59,2,False,True
yusuke-urameshi,Yusuke Urameshi,60,69,10,False,True
yusuke-urameshi,Yusuke Urameshi,70,75,6,False,True
yusuke-urameshi,Yusuke Urameshi,82,82,1,False,True
yusuke-urameshi,Yusuke Urameshi,100,107,8,False,True
yusuke-urameshi,Yusuke Urameshi,127,129,3,False,True
yusuke-urameshi,Yusuke Urameshi,130,131,2,False,True
yusuke-urameshi,Yusuke Urameshi,139,139,1,False,True
yusuke-urameshi,Yusuke Urameshi,140,149,10,False,True
yusuke-urameshi,Yusuke Urameshi,150,150,1,False,True
yusuke-urameshi,Yusuke Urameshi,151,160,10,False,True
yusuke-urameshi,Yusuke Urameshi,161,168,8,False,True
yusuke-urameshi,Yusuke Urameshi,169,178,10,False,True
yusuke-urameshi,Yusuke Urameshi,179,187,9,False,True
yusuke-urameshi,Yusuke Urameshi,188,197,10,False,True
yusuke-urameshi,Yusuke Urameshi,198,207,10,False,True
yusuke-urameshi,Yusuke Urameshi,208,217,10,False,True
yusuke-urameshi,Yusuke Urameshi,218,225,8,False,True
