id,displayName,key,frame,reason,score,heightRatio,seqMedianH,widthRatio,seqMedianW,scale
nico-robin,Nico Robin,cmd:1+3,101,row-width-extreme,4.977,1.000,1.000,1.000,3.934,1
nico-robin,Nico Robin,cmd:1+3,109,row-width-extreme,4.977,1.000,1.000,5.977,3.934,1
dio,DIO,sprint,32,row-width-extreme,4.054,1.000,1.000,5.054,2.676,1
dio,DIO,sprint,37,row-width-extreme,4.054,1.000,1.000,1.000,2.676,1
train-heartnet,Train Heartnet,sprint,35,row-width-extreme,3.970,1.000,1.000,4.970,4.163,1
train-heartnet,Train Heartnet,sprint,39,row-width-extreme,3.970,1.000,1.000,1.000,4.163,1
monkey-d-luffy-2nd-gear,Monkey D. Luffy (2nd Gear),cmd:3+4,97,row-width-extreme,3.835,1.000,1.000,1.000,1.620,1
monkey-d-luffy-2nd-gear,Monkey D. Luffy (2nd Gear),cmd:3+4,101,row-width-extreme,3.835,1.000,1.000,4.835,1.620,1
gotenks-super-saiyan,Gotenks (Super Saiyan),sprint,33,row-width-extreme,3.425,1.000,1.000,4.425,1.678,1
gotenks-super-saiyan,Gotenks (Super Saiyan),sprint,38,row-width-extreme,3.425,1.000,1.000,1.000,1.678,1
nico-robin,Nico Robin,sprint,36,row-width-extreme,3.271,1.000,1.000,4.271,2.248,1
nico-robin,Nico Robin,sprint,38,row-width-extreme,3.271,1.000,1.000,1.000,2.248,1
nico-robin,Nico Robin,sprint,39,row-width-extreme,3.271,1.000,1.000,1.000,2.248,1
sanji-vinsmoke,Sanji Vinsmoke,sprint,36,row-width-extreme,3.256,1.000,1.000,4.682,3.738,1
sanji-vinsmoke,Sanji Vinsmoke,sprint,39,row-width-extreme,3.256,1.000,1.000,1.426,3.738,1
gintoki-sakata,Gintoki Sakata,sprint,30,row-width-extreme,3.211,1.000,1.000,4.211,3.335,1
gintoki-sakata,Gintoki Sakata,sprint,39,row-width-extreme,3.211,1.000,1.000,1.000,3.335,1
killua-zoldyck,Killua Zoldyck,sprint,34,row-width-extreme,3.205,1.000,1.000,4.659,3.674,1
killua-zoldyck,Killua Zoldyck,sprint,39,row-width-extreme,3.205,1.000,1.000,1.454,3.674,1
eve,Eve,cmd:1+2,153,row-width-extreme,3.134,1.000,1.000,1.367,3.113,1
eve,Eve,cmd:1+2,155,row-width-extreme,3.134,1.000,1.000,4.501,3.113,1
vegeta-super-saiyan,Vegeta (Super Saiyan),sprint,31,row-width-extreme,3.104,1.000,1.000,4.104,1.878,1
vegeta-super-saiyan,Vegeta (Super Saiyan),sprint,37,row-width-extreme,3.104,1.000,1.000,1.000,1.878,1
jaguar-junichi,Jaguar Junichi,sprint,34,row-width-extreme,2.870,1.000,1.000,3.870,3.145,1
jaguar-junichi,Jaguar Junichi,sprint,39,row-width-extreme,2.870,1.000,1.000,1.000,3.145,1
monkey-d-luffy,Monkey D. Luffy,jableft,73,row-width-extreme,2.860,1.000,1.000,1.379,2.775,1
monkey-d-luffy,Monkey D. Luffy,jableft,75,row-width-extreme,2.860,1.000,1.000,4.238,2.775,1
nico-robin,Nico Robin,jableft,75,row-width-extreme,2.859,1.000,1.000,1.000,2.400,1
nico-robin,Nico Robin,jableft,78,row-width-extreme,2.859,1.000,1.000,3.859,2.400,1
monkey-d-luffy-2nd-gear,Monkey D. Luffy (2nd Gear),sprint,33,row-width-extreme,2.783,1.000,1.000,3.783,3.143,1
monkey-d-luffy-2nd-gear,Monkey D. Luffy (2nd Gear),sprint,39,row-width-extreme,2.783,1.000,1.000,1.000,3.143,1
vegeta-super-saiyan,Vegeta (Super Saiyan),cmd:1+3,128,row-width-extreme,2.782,1.000,1.000,1.000,2.930,1
vegeta-super-saiyan,Vegeta (Super Saiyan),cmd:1+3,130,row-width-extreme,2.782,1.000,1.000,3.782,2.930,1
killua-zoldyck,Killua Zoldyck,jabright,149,row-width-extreme,2.713,1.000,1.000,3.713,1.415,1
killua-zoldyck,Killua Zoldyck,jabright,150,row-width-extreme,2.713,1.000,1.000,1.000,1.415,1
majin-buu,Majin Buu,cmd:1+2,108,row-width-extreme,2.668,1.000,1.000,3.668,1.390,1
majin-buu,Majin Buu,cmd:1+2,111,row-width-extreme,2.668,1.000,1.000,1.000,1.390,1
vegeta-super-saiyan,Vegeta (Super Saiyan),kickright,76,row-width-extreme,2.546,1.000,1.000,3.546,1.324,1
vegeta-super-saiyan,Vegeta (Super Saiyan),kickright,77,row-width-extreme,2.546,1.000,1.000,1.000,1.324,1
riven,Sasuke,cmd:1+2,108,row-width-extreme,2.474,1.000,1.000,3.898,2.215,1
riven,Sasuke,cmd:1+2,117,row-width-extreme,2.474,1.000,1.000,1.424,2.215,1
nico-robin,Nico Robin,cmd:2+4,166,row-width-extreme,2.459,1.000,1.000,1.000,1.793,1
nico-robin,Nico Robin,cmd:2+4,167,row-width-extreme,2.459,1.000,1.000,1.000,1.793,1
nico-robin,Nico Robin,cmd:2+4,170,row-width-extreme,2.459,1.000,1.000,3.459,1.793,1
nami-perfect-clima-tact,Nami (Perfect Clima-Tact),sprint,31,row-width-extreme,2.451,1.000,1.000,3.451,2.671,1
nami-perfect-clima-tact,Nami (Perfect Clima-Tact),sprint,37,row-width-extreme,2.451,1.000,1.000,1.000,2.671,1
nami-perfect-clima-tact,Nami (Perfect Clima-Tact),sprint,39,row-width-extreme,2.451,1.000,1.000,1.000,2.671,1
ichigo-kurosaki,Ichigo Kurosaki,sprint,31,tiny-pop,2.381,0.420,1.000,1.155,1.000,0.42
kazuki-muto,Kazuki Muto,sprint,33,tiny-pop,2.381,0.420,1.000,1.214,1.000,0.42
momotaro-tsurugi,Momotaro Tsurugi,sprint,30,tiny-pop,2.381,0.420,1.000,1.795,1.302,0.42
kinnikuman,Kinnikuman,sprint,32,tiny-pop,2.381,0.420,1.000,2.410,2.285,0.42
kenshiro,Kenshiro,sprint,35,tiny-pop,2.381,0.420,1.000,2.884,2.094,0.42
taikoubou,Taikoubou,sprint,31,tiny-pop,2.381,0.420,1.000,2.516,2.177,0.42
sanji-vinsmoke,Sanji Vinsmoke,cmd:1+2,161,row-width-extreme,2.368,1.000,1.000,3.368,2.868,1
sanji-vinsmoke,Sanji Vinsmoke,cmd:1+2,164,row-width-extreme,2.368,1.000,1.000,1.000,2.868,1
sanji-vinsmoke,Sanji Vinsmoke,cmd:3+4,258,row-width-extreme,2.368,1.000,1.000,3.368,2.868,1
sanji-vinsmoke,Sanji Vinsmoke,cmd:3+4,261,row-width-extreme,2.368,1.000,1.000,1.000,2.868,1
gohan-super-saiyan-2,Gohan (Super Saiyan 2),sprint,31,row-width-extreme,2.360,1.000,1.000,3.360,2.247,1
gohan-super-saiyan-2,Gohan (Super Saiyan 2),sprint,34,row-width-extreme,2.360,1.000,1.000,1.000,2.247,1
gohan-super-saiyan-2,Gohan (Super Saiyan 2),sprint,35,row-width-extreme,2.360,1.000,1.000,1.000,2.247,1
gohan-super-saiyan-2,Gohan (Super Saiyan 2),sprint,36,row-width-extreme,2.360,1.000,1.000,1.000,2.247,1
vegito,Vegito,sprint,32,row-width-extreme,2.356,1.000,1.000,3.356,1.881,1
vegito,Vegito,sprint,36,row-width-extreme,2.356,1.000,1.000,1.000,1.881,1
vegito,Vegito,sprint,37,row-width-extreme,2.356,1.000,1.000,1.000,1.881,1
dio,DIO,cmd:1+2,160,row-width-extreme,2.346,1.000,1.000,1.000,1.939,1
dio,DIO,cmd:1+2,161,row-width-extreme,2.346,1.000,1.000,1.000,1.939,1
dio,DIO,cmd:1+2,167,row-width-extreme,2.346,1.000,1.000,3.346,1.939,1
train-heartnet,Train Heartnet,sprint,32,tiny-pop,2.326,0.430,1.000,3.987,4.163,0.43
heihachi-edajima,Heihachi Edajima,cmd:1+4,100,row-width-extreme,2.325,1.000,1.000,1.000,1.836,1
heihachi-edajima,Heihachi Edajima,cmd:1+4,101,row-width-extreme,2.325,1.000,1.000,1.000,1.836,1
heihachi-edajima,Heihachi Edajima,cmd:1+4,106,row-width-extreme,2.325,1.000,1.000,3.325,1.836,1
riven,Sasuke,jabright,83,row-width-extreme,2.318,1.000,1.000,1.000,2.598,1
riven,Sasuke,jabright,87,row-width-extreme,2.318,1.000,1.000,3.318,2.598,1
riven,Sasuke,cmd:SS+4,147,row-width-extreme,2.313,1.000,1.000,4.223,4.115,1
riven,Sasuke,cmd:SS+4,148,row-width-extreme,2.313,1.000,1.000,1.910,4.115,1
riven,Sasuke,cmd:1+4,147,row-width-extreme,2.313,1.000,1.000,4.223,2.436,1
riven,Sasuke,cmd:1+4,148,row-width-extreme,2.313,1.000,1.000,1.910,2.436,1
kurama,Kurama,sprint,31,tiny-pop,2.273,0.440,1.000,3.147,3.147,0.44
toshiro-hitsugaya,Tōshirō Hitsugaya,sprint,30,tiny-pop,2.273,0.440,1.000,1.444,1.318,0.44
gon-freecss,Gon Freecss,jabright,111,row-width-extreme,2.249,1.000,1.000,3.249,1.518,1
gon-freecss,Gon Freecss,jabright,114,row-width-extreme,2.249,1.000,1.000,1.000,1.518,1
gon-freecss,Gon Freecss,jabright,117,row-width-extreme,2.249,1.000,1.000,1.000,1.518,1
sanji-vinsmoke,Sanji Vinsmoke,cmd:1+4,144,row-width-extreme,2.241,1.000,1.000,1.440,2.174,1
sanji-vinsmoke,Sanji Vinsmoke,cmd:1+4,145,row-width-extreme,2.241,1.000,1.000,3.680,2.174,1
gohan-super-saiyan-2,Gohan (Super Saiyan 2),kickleft,81,row-width-extreme,2.239,1.000,1.000,3.940,2.115,1
gohan-super-saiyan-2,Gohan (Super Saiyan 2),kickleft,84,row-width-extreme,2.239,1.000,1.000,1.701,2.115,1
kagura,Kagura,sprint,30,tiny-pop,2.222,0.450,1.000,2.091,1.938,0.45
dr-mashirito,Dr. Mashirito,sprint,34,row-width-extreme,2.217,1.000,1.000,3.217,1.494,1
dr-mashirito,Dr. Mashirito,sprint,35,row-width-extreme,2.217,1.000,1.000,3.217,1.494,1
dr-mashirito,Dr. Mashirito,sprint,39,row-width-extreme,2.217,1.000,1.000,1.000,1.494,1
sanji-vinsmoke,Sanji Vinsmoke,sprint,30,tiny-pop,2.174,0.460,1.000,3.776,3.738,0.46
eve,Eve,sprint,31,tiny-pop,2.174,0.460,1.000,2.249,2.019,0.46
monkey-d-luffy-2nd-gear,Monkey D. Luffy (2nd Gear),cmd:1+2,85,row-width-extreme,2.136,1.000,1.000,3.669,3.273,1
monkey-d-luffy-2nd-gear,Monkey D. Luffy (2nd Gear),cmd:1+2,86,row-width-extreme,2.136,1.000,1.000,1.532,3.273,1
monkey-d-luffy-2nd-gear,Monkey D. Luffy (2nd Gear),sprint,30,tiny-pop,2.128,0.470,1.000,3.060,3.143,0.47
jotaro-kujo,Jotaro Kujo,sprint,32,tiny-pop,2.128,0.470,1.000,2.425,2.255,0.47
riven,Sasuke,cmd:O+1,174,row-width-extreme,2.101,1.000,1.000,1.000,2.628,1
riven,Sasuke,cmd:O+1,178,row-width-extreme,2.101,1.000,1.000,3.101,2.628,1
riven,Sasuke,cmd:3+4,106,row-width-extreme,2.096,1.000,1.000,1.802,2.219,1
riven,Sasuke,cmd:3+4,107,row-width-extreme,2.096,1.000,1.000,3.898,2.219,1
goku-super-saiyan,Goku (Super Saiyan),sprint,32,row-width-extreme,2.088,1.000,1.000,3.088,1.732,1
goku-super-saiyan,Goku (Super Saiyan),sprint,34,row-width-extreme,2.088,1.000,1.000,1.000,1.732,1
goku-super-saiyan,Goku (Super Saiyan),sprint,35,row-width-extreme,2.088,1.000,1.000,1.000,1.732,1
anna-kyoyama,Anna Kyoyama,sprint,33,tiny-pop,2.083,0.480,1.000,1.971,1.744,0.48
heihachi-edajima,Heihachi Edajima,sprint,30,tiny-pop,2.083,0.480,1.000,2.880,2.540,0.48
pegasus-seiya,Pegasus Seiya,sprint,30,tiny-pop,2.041,0.490,1.000,2.360,2.360,0.49
rukia-kuchiki,Rukia Kuchiki,sprint,30,tiny-pop,2.041,0.490,1.000,2.359,2.359,0.49
killua-zoldyck,Killua Zoldyck,sprint,30,tiny-pop,2.041,0.490,1.000,3.714,3.674,0.49
heihachi-edajima,Heihachi Edajima,sprint,31,row-width-extreme,2.040,1.000,1.000,1.567,2.540,1
heihachi-edajima,Heihachi Edajima,sprint,35,row-width-extreme,2.040,1.000,1.000,3.607,2.540,1
kenshin-himura,Kenshin Himura,cmd:2+3,95,row-width-extreme,1.992,1.000,1.000,1.000,1.000,1
kenshin-himura,Kenshin Himura,cmd:2+3,99,row-width-extreme,1.992,1.000,1.000,2.992,1.000,1
kenshin-himura,Kenshin Himura,cmd:1+4,125,row-width-extreme,1.992,1.000,1.000,1.000,1.343,1
kenshin-himura,Kenshin Himura,cmd:1+4,127,row-width-extreme,1.992,1.000,1.000,2.992,1.343,1
fuusuke,Fuusuke,sprint,37,row-width-extreme,1.980,1.000,1.000,2.980,2.567,1
fuusuke,Fuusuke,sprint,38,row-width-extreme,1.980,1.000,1.000,2.980,2.567,1
fuusuke,Fuusuke,sprint,39,row-width-extreme,1.980,1.000,1.000,1.000,2.567,1
frieza,Frieza,cmd:2+3,164,row-width-extreme,1.970,1.000,1.000,2.970,2.323,1
frieza,Frieza,cmd:2+3,165,row-width-extreme,1.970,1.000,1.000,2.970,2.323,1
frieza,Frieza,cmd:2+3,167,row-width-extreme,1.970,1.000,1.000,1.000,2.323,1
lenalee-lee,Lenalee Lee,sprint,31,tiny-pop,1.961,0.510,1.000,1.663,1.548,0.51
gon-freecss,Gon Freecss,sprint,32,tiny-pop,1.961,0.510,1.000,2.293,2.285,0.51
riven,Sasuke,cmd:FC+4,120,row-width-extreme,1.944,1.000,1.000,1.000,2.436,1
riven,Sasuke,cmd:FC+4,94,row-width-extreme,1.944,1.000,1.000,2.944,2.436,1
kinnikuman,Kinnikuman,cmd:1+2,98,row-width-extreme,1.934,1.000,1.000,1.000,1.652,1
kinnikuman,Kinnikuman,cmd:1+2,99,row-width-extreme,1.934,1.000,1.000,1.000,1.652,1
kinnikuman,Kinnikuman,cmd:1+2,103,row-width-extreme,1.934,1.000,1.000,2.934,1.652,1
kinnikuman,Kinnikuman,cmd:1+2,103,row-width-extreme,1.934,1.000,1.000,2.934,1.652,1
bobobo-bo-bo-bobo,Bobobo-bo Bo-bobo,cmd:1+2,130,row-width-extreme,1.927,1.000,1.000,1.000,1.384,1
bobobo-bo-bo-bobo,Bobobo-bo Bo-bobo,cmd:1+2,131,row-width-extreme,1.927,1.000,1.000,2.927,1.384,1
pegasus-seiya,Pegasus Seiya,sprint,34,row-width-extreme,1.923,1.000,1.000,2.923,2.360,1
pegasus-seiya,Pegasus Seiya,sprint,39,row-width-extreme,1.923,1.000,1.000,1.000,2.360,1
sakura-haruno,Sakura Haruno,sprint,33,tiny-pop,1.923,0.520,1.000,2.776,2.770,0.52
rukia-kuchiki,Rukia Kuchiki,sprint,32,tiny-pop,1.923,0.520,1.000,2.397,2.359,0.52
gohan-super-saiyan-2,Gohan (Super Saiyan 2),sprint,30,tiny-pop,1.923,0.520,1.000,3.249,2.247,0.52
ryotsu-kankichi,Ryotsu Kankichi,sprint,30,row-width-extreme,1.921,1.000,1.000,2.921,2.270,1
ryotsu-kankichi,Ryotsu Kankichi,sprint,38,row-width-extreme,1.921,1.000,1.000,1.000,2.270,1
ryotsu-kankichi,Ryotsu Kankichi,cmd:1+2,86,row-width-extreme,1.895,1.000,1.000,3.490,3.148,1
ryotsu-kankichi,Ryotsu Kankichi,cmd:1+2,89,row-width-extreme,1.895,1.000,1.000,1.594,3.148,1
gintoki-sakata,Gintoki Sakata,cmd:1+4,194,row-width-extreme,1.892,1.000,1.000,1.450,1.893,1
gintoki-sakata,Gintoki Sakata,cmd:1+4,195,row-width-extreme,1.892,1.000,1.000,3.342,1.893,1
renji-abarai,Renji Abarai,sprint,32,tiny-pop,1.887,0.530,1.000,1.289,1.267,0.53
kenshiro,Kenshiro,sprint,30,row-width-extreme,1.884,1.000,1.000,1.000,2.094,1
kenshiro,Kenshiro,sprint,31,row-width-extreme,1.884,1.000,1.000,1.000,2.094,1
kenshiro,Kenshiro,sprint,32,row-width-extreme,1.884,1.000,1.000,1.000,2.094,1
sakura-haruno,Sakura Haruno,sprint,34,row-width-extreme,1.883,1.000,1.000,1.000,2.770,1
sakura-haruno,Sakura Haruno,sprint,35,row-width-extreme,1.883,1.000,1.000,1.000,2.770,1
sakura-haruno,Sakura Haruno,sprint,36,row-width-extreme,1.883,1.000,1.000,2.883,2.770,1
sakura-haruno,Sakura Haruno,sprint,37,row-width-extreme,1.883,1.000,1.000,2.883,2.770,1
sakura-haruno,Sakura Haruno,sprint,39,row-width-extreme,1.883,1.000,1.000,1.000,2.770,1
yusuke-urameshi,Yusuke Urameshi,cmd:1+4,117,row-width-extreme,1.874,1.000,1.000,2.874,1.000,1
yusuke-urameshi,Yusuke Urameshi,cmd:1+4,119,row-width-extreme,1.874,1.000,1.000,1.000,1.000,1
frieza,Frieza,sprint,31,row-width-extreme,1.869,1.000,1.000,2.869,1.000,1
frieza,Frieza,sprint,34,row-width-extreme,1.869,1.000,1.000,1.000,1.000,1
frieza,Frieza,sprint,35,row-width-extreme,1.869,1.000,1.000,1.000,1.000,1
frieza,Frieza,sprint,37,row-width-extreme,1.869,1.000,1.000,1.000,1.000,1
frieza,Frieza,sprint,38,row-width-extreme,1.869,1.000,1.000,1.000,1.000,1
frieza,Frieza,sprint,39,row-width-extreme,1.869,1.000,1.000,1.000,1.000,1
eve,Eve,sprint,32,row-width-extreme,1.853,1.000,1.000,1.000,2.019,1
eve,Eve,sprint,33,row-width-extreme,1.853,1.000,1.000,1.000,2.019,1
eve,Eve,sprint,39,row-width-extreme,1.853,1.000,1.000,2.853,2.019,1
kenshin-himura,Kenshin Himura,sprint,35,row-width-extreme,1.845,1.000,1.000,1.000,2.621,1
kenshin-himura,Kenshin Himura,sprint,36,row-width-extreme,1.845,1.000,1.000,1.000,2.621,1
monkey-d-luffy,Monkey D. Luffy,sprint,33,row-width-extreme,1.838,1.000,1.000,2.838,2.220,1
monkey-d-luffy,Monkey D. Luffy,sprint,39,row-width-extreme,1.838,1.000,1.000,1.000,2.220,1
yugi-mutou,Yugi Mutou,sprint,34,row-width-extreme,1.820,0.630,0.680,3.109,3.061,0.63
yugi-mutou,Yugi Mutou,sprint,39,row-width-extreme,1.820,1.000,0.680,1.290,3.061,1
jotaro-kujo,Jotaro Kujo,sprint,33,row-width-extreme,1.809,1.000,1.000,2.809,2.255,1
jotaro-kujo,Jotaro Kujo,sprint,37,row-width-extreme,1.809,1.000,1.000,1.000,2.255,1
jotaro-kujo,Jotaro Kujo,sprint,38,row-width-extreme,1.809,1.000,1.000,1.000,2.255,1
arale-norimaki,Arale Norimaki,sprint,35,row-width-extreme,1.808,1.000,1.000,2.808,2.006,1
arale-norimaki,Arale Norimaki,sprint,36,row-width-extreme,1.808,1.000,1.000,2.808,2.006,1
arale-norimaki,Arale Norimaki,sprint,37,row-width-extreme,1.808,1.000,1.000,2.808,2.006,1
arale-norimaki,Arale Norimaki,sprint,38,row-width-extreme,1.808,1.000,1.000,1.000,2.006,1
fuusuke,Fuusuke,sprint,30,tiny-pop,1.754,0.570,1.000,2.567,2.567,0.57
kazuki-muto,Kazuki Muto,sprint,38,tiny-pop,1.754,0.570,1.000,1.156,1.000,0.57
ichigo-kurosaki,Ichigo Kurosaki,sprint,33,tiny-pop,1.724,0.580,1.000,1.063,1.000,0.58
gon-freecss,Gon Freecss,sprint,34,tiny-pop,1.724,0.580,1.000,2.256,2.285,0.58
gon-freecss,Gon Freecss,sprint,36,tiny-pop,1.724,0.580,1.000,2.285,2.285,0.58
sakura-haruno,Sakura Haruno,sprint,31,tiny-pop,1.724,0.580,1.000,2.770,2.770,0.58
sakura-haruno,Sakura Haruno,sprint,32,tiny-pop,1.724,0.580,1.000,2.770,2.770,0.58
kenshin-himura,Kenshin Himura,sprint,31,tiny-pop,1.724,0.580,1.000,2.845,2.621,0.58
heihachi-edajima,Heihachi Edajima,jableft,83,row-width-extreme,1.723,1.000,1.000,1.000,2.592,1
heihachi-edajima,Heihachi Edajima,jableft,86,row-width-extreme,1.723,1.000,1.000,2.723,2.592,1
nico-robin,Nico Robin,cmd:2+3,130,row-width-extreme,1.716,1.000,1.000,1.458,2.444,1
nico-robin,Nico Robin,cmd:2+3,139,row-width-extreme,1.716,1.000,1.000,3.174,2.444,1
kenshin-himura,Kenshin Himura,cmd:1+2,83,row-width-extreme,1.707,1.000,1.000,2.707,1.536,1
kenshin-himura,Kenshin Himura,cmd:1+2,87,row-width-extreme,1.707,1.000,1.000,1.000,1.536,1
nico-robin,Nico Robin,cmd:1+4,121,row-width-extreme,1.705,1.000,1.000,1.000,1.479,1
nico-robin,Nico Robin,cmd:1+4,124,row-width-extreme,1.705,1.000,1.000,2.705,1.479,1
allen-walker,Allen Walker,cmd:1+2,95,row-width-extreme,1.694,1.000,1.000,1.000,1.000,1
allen-walker,Allen Walker,cmd:1+2,96,row-width-extreme,1.694,1.000,1.000,1.000,1.000,1
allen-walker,Allen Walker,cmd:1+2,97,row-width-extreme,1.694,1.000,1.000,1.000,1.000,1
allen-walker,Allen Walker,cmd:1+2,101,row-width-extreme,1.694,1.000,1.000,2.694,1.000,1
vegeta-super-saiyan,Vegeta (Super Saiyan),jabright,0,row-width-extreme,1.691,1.000,1.000,1.000,2.200,1
vegeta-super-saiyan,Vegeta (Super Saiyan),jabright,82,row-width-extreme,1.691,1.000,1.000,2.691,2.200,1
gotenks-super-saiyan,Gotenks (Super Saiyan),sprint,30,tiny-pop,1.667,0.600,1.000,3.479,1.678,0.6
gon-freecss,Gon Freecss,sprint,30,row-width-extreme,1.653,1.000,1.000,2.653,2.285,1
gon-freecss,Gon Freecss,sprint,37,row-width-extreme,1.653,1.000,1.000,2.653,2.285,1
gon-freecss,Gon Freecss,sprint,38,row-width-extreme,1.653,1.000,1.000,2.653,2.285,1
gon-freecss,Gon Freecss,sprint,39,row-width-extreme,1.653,1.000,1.000,1.000,2.285,1
monkey-d-luffy,Monkey D. Luffy,cmd:2+4,157,row-width-extreme,1.646,1.000,1.000,1.000,1.448,1
monkey-d-luffy,Monkey D. Luffy,cmd:2+4,175,row-width-extreme,1.646,1.000,1.000,2.646,1.448,1
nami-perfect-clima-tact,Nami (Perfect Clima-Tact),sprint,32,tiny-pop,1.639,0.610,1.000,2.917,2.671,0.61
killua-zoldyck,Killua Zoldyck,sprint,32,tiny-pop,1.639,0.610,1.000,3.698,3.674,0.61
taikoubou,Taikoubou,sprint,35,tiny-pop,1.639,0.610,1.000,2.360,2.177,0.61
anna-kyoyama,Anna Kyoyama,jabright,84,row-width-extreme,1.625,1.000,1.000,1.000,1.528,1
anna-kyoyama,Anna Kyoyama,jabright,87,row-width-extreme,1.625,1.000,1.000,2.625,1.528,1
anna-kyoyama,Anna Kyoyama,jabright,90,row-width-extreme,1.625,1.000,1.000,1.000,1.528,1
sanji-vinsmoke,Sanji Vinsmoke,cmd:2+3,131,row-width-extreme,1.621,1.000,1.000,1.388,2.617,1
sanji-vinsmoke,Sanji Vinsmoke,cmd:2+3,136,row-width-extreme,1.621,1.000,1.000,3.009,2.617,1
naruto-uzumaki-nine-tails-kyubi,Naruto Uzumaki (Nine-Tails_Kyubi),sprint,33,tiny-pop,1.619,0.420,0.680,1.285,1.050,0.42
kakashi-hatake,Kakashi Hatake,sprint,33,tiny-pop,1.619,0.420,0.680,1.712,1.632,0.42
kurama,Kurama,cmd:1+2,84,row-width-extreme,1.618,1.000,1.000,1.000,2.304,1
kurama,Kurama,cmd:1+2,86,row-width-extreme,1.618,1.000,1.000,2.618,2.304,1
kurama,Kurama,cmd:1+2,89,row-width-extreme,1.618,1.000,1.000,1.000,2.304,1
gotenks-super-saiyan,Gotenks (Super Saiyan),sprint,31,tiny-pop,1.613,0.620,1.000,3.495,1.678,0.62
train-heartnet,Train Heartnet,sprint,37,tiny-pop,1.613,0.620,1.000,3.990,4.163,0.62
kurama,Kurama,sprint,34,row-width-extreme,1.609,1.000,1.000,3.501,3.147,1
kurama,Kurama,sprint,36,row-width-extreme,1.609,1.000,1.000,1.892,3.147,1
kurama,Kurama,sprint,37,row-width-extreme,1.609,1.000,1.000,1.892,3.147,1
riven,Sasuke,cmd:2+4,186,row-width-extreme,1.592,1.000,1.000,1.000,1.110,1
riven,Sasuke,cmd:2+4,191,row-width-extreme,1.592,1.000,1.000,2.592,1.110,1
riven,Sasuke,cmd:2+4,186,row-width-extreme,1.592,1.000,1.000,1.000,1.110,1
gintoki-sakata,Gintoki Sakata,jabright,100,row-width-extreme,1.588,1.000,1.000,1.000,1.498,1
gintoki-sakata,Gintoki Sakata,jabright,106,row-width-extreme,1.588,1.000,1.000,2.588,1.498,1
yoh-asakura-power-sword,Yoh Asakura (Power Sword),sprint,30,tiny-pop,1.587,0.630,1.000,1.140,1.000,0.63
monkey-d-luffy-2nd-gear,Monkey D. Luffy (2nd Gear),sprint,34,tiny-pop,1.587,0.630,1.000,3.065,3.143,0.63
gotenks,Gotenks,sprint,31,tiny-pop,1.587,0.630,1.000,1.424,1.000,0.63
gintoki-sakata,Gintoki Sakata,cmd:1+2,134,row-width-extreme,1.578,1.000,1.000,1.000,2.195,1
gintoki-sakata,Gintoki Sakata,cmd:1+2,137,row-width-extreme,1.578,1.000,1.000,2.578,2.195,1
riven,Sasuke,cmd:FC+3+4,120,row-width-extreme,1.577,1.000,1.000,1.000,2.044,1
riven,Sasuke,cmd:FC+3+4,152,row-width-extreme,1.577,1.000,1.000,2.577,2.044,1
gintoki-sakata,Gintoki Sakata,cmd:1+3,144,row-width-extreme,1.570,1.000,1.000,2.854,1.703,1
gintoki-sakata,Gintoki Sakata,cmd:1+3,147,row-width-extreme,1.570,1.000,1.000,1.284,1.703,1
lenalee-lee,Lenalee Lee,cmd:2+4,89,row-width-extreme,1.569,1.000,1.000,1.000,1.000,1
lenalee-lee,Lenalee Lee,cmd:2+4,94,row-width-extreme,1.569,1.000,1.000,2.569,1.000,1
nami,Nami,sprint,32,tiny-pop,1.563,0.640,1.000,1.613,1.314,0.64
gon-freecss,Gon Freecss,sprint,33,tiny-pop,1.563,0.640,1.000,2.281,2.285,0.64
gotenks,Gotenks,sprint,30,tiny-pop,1.562,0.640,1.000,1.432,1.000,0.64
nami-perfect-clima-tact,Nami (Perfect Clima-Tact),sprint,30,tiny-pop,1.562,0.640,1.000,2.945,2.671,0.64
momotaro-tsurugi,Momotaro Tsurugi,sprint,37,tiny-pop,1.562,0.640,1.000,1.469,1.302,0.64
taikoubou,Taikoubou,sprint,33,tiny-pop,1.562,0.640,1.000,2.360,2.177,0.64
bobobo-bo-bo-bobo,Bobobo-bo Bo-bobo,sprint,32,row-width-extreme,1.544,1.000,1.000,2.544,1.738,1
bobobo-bo-bo-bobo,Bobobo-bo Bo-bobo,sprint,37,row-width-extreme,1.544,1.000,1.000,1.000,1.738,1
nami-perfect-clima-tact,Nami (Perfect Clima-Tact),jabright,68,row-width-extreme,1.539,1.000,1.000,2.539,1.935,1
nami-perfect-clima-tact,Nami (Perfect Clima-Tact),jabright,71,row-width-extreme,1.539,1.000,1.000,1.000,1.935,1
ichigo-kurosaki,Ichigo Kurosaki,sprint,35,tiny-pop,1.538,0.650,1.000,1.058,1.000,0.65
yoh-asakura,Yoh Asakura,sprint,32,tiny-pop,1.538,0.650,1.000,1.619,1.000,0.65
jaguar-junichi,Jaguar Junichi,sprint,32,tiny-pop,1.538,0.650,1.000,3.145,3.145,0.65
rukia-kuchiki,Rukia Kuchiki,sprint,34,tiny-pop,1.538,0.650,1.000,2.377,2.359,0.65
killua-zoldyck,Killua Zoldyck,cmd:1+4,102,row-width-extreme,1.535,1.000,1.000,2.535,1.485,1
killua-zoldyck,Killua Zoldyck,cmd:1+4,107,row-width-extreme,1.535,1.000,1.000,1.000,1.485,1
sakura-haruno,Sakura Haruno,cmd:d+3+4,111,row-width-extreme,1.526,1.000,1.000,1.000,1.591,1
sakura-haruno,Sakura Haruno,cmd:d+3+4,112,row-width-extreme,1.526,1.000,1.000,2.526,1.591,1
sakura-haruno,Sakura Haruno,cmd:d+3+4,119,row-width-extreme,1.526,1.000,1.000,1.000,1.591,1
rukia-kuchiki,Rukia Kuchiki,sprint,35,row-width-extreme,1.523,1.000,1.000,1.000,2.359,1
rukia-kuchiki,Rukia Kuchiki,sprint,37,row-width-extreme,1.523,1.000,1.000,2.523,2.359,1
rukia-kuchiki,Rukia Kuchiki,sprint,38,row-width-extreme,1.523,1.000,1.000,2.523,2.359,1
lenalee-lee,Lenalee Lee,sprint,33,tiny-pop,1.515,0.660,1.000,1.661,1.548,0.66
raoh,Raoh,sprint,32,tiny-pop,1.515,0.660,1.000,2.019,2.019,0.66
nami,Nami,sprint,30,tiny-pop,1.515,0.660,1.000,1.611,1.314,0.66
gintoki-sakata,Gintoki Sakata,sprint,31,tiny-pop,1.515,0.660,1.000,3.335,3.335,0.66
hiei,Hiei,sprint,30,tiny-pop,1.511,0.450,0.680,2.174,2.057,0.45
yusuke-urameshi,Yusuke Urameshi,sprint,31,row-width-extreme,1.509,1.000,1.000,2.509,1.468,1
yusuke-urameshi,Yusuke Urameshi,sprint,32,row-width-extreme,1.509,1.000,1.000,1.000,1.468,1
kenshin-himura,Kenshin Himura,sprint,33,tiny-pop,1.493,0.670,1.000,2.828,2.621,0.67
kenshiro,Kenshiro,sprint,39,tiny-pop,1.493,0.670,1.000,2.309,2.094,0.67
gohan-super-saiyan-2,Gohan (Super Saiyan 2),sprint,32,tiny-pop,1.493,0.670,1.000,3.256,2.247,0.67
nico-robin,Nico Robin,sprint,33,tiny-pop,1.493,0.670,1.000,3.583,2.248,0.67
jaguar-junichi,Jaguar Junichi,sprint,31,tiny-pop,1.493,0.670,1.000,3.167,3.145,0.67
sakura-haruno,Sakura Haruno,sprint,30,tiny-pop,1.493,0.670,1.000,2.764,2.770,0.67
dio,DIO,cmd:3+4,184,row-width-extreme,1.486,1.000,1.000,1.405,1.519,1
dio,DIO,cmd:3+4,185,row-width-extreme,1.486,1.000,1.000,2.890,1.519,1
vegito,Vegito,cmd:2+4,108,row-width-extreme,1.484,1.000,1.000,2.484,1.778,1
vegito,Vegito,cmd:2+4,111,row-width-extreme,1.484,1.000,1.000,1.000,1.778,1
train-heartnet,Train Heartnet,jableft,101,row-width-extreme,1.479,1.000,1.000,1.000,1.715,1
train-heartnet,Train Heartnet,jableft,104,row-width-extreme,1.479,1.000,1.000,2.479,1.715,1
goku,Goku,sprint,33,tiny-pop,1.471,0.680,1.000,1.441,1.441,0.68
ichigo-kurosaki,Ichigo Kurosaki,sprint,32,tiny-pop,1.471,0.680,1.000,0.906,1.000,0.68
ichigo-kurosaki,Ichigo Kurosaki,sprint,34,tiny-pop,1.471,0.680,1.000,0.934,1.000,0.68
kenshiro,Kenshiro,sprint,38,tiny-pop,1.471,0.680,1.000,2.075,2.094,0.68
renji-abarai,Renji Abarai,sprint,34,tiny-pop,1.471,0.680,1.000,1.160,1.267,0.68
yoh-asakura,Yoh Asakura,sprint,34,tiny-pop,1.471,0.680,1.000,1.525,1.000,0.68
yusuke-urameshi,Yusuke Urameshi,sprint,30,tiny-pop,1.471,0.680,1.000,2.473,1.468,0.68
vegeta-super-saiyan,Vegeta (Super Saiyan),sprint,39,tiny-pop,1.471,0.680,1.000,2.928,1.878,0.68
lenalee-lee,Lenalee Lee,sprint,35,tiny-pop,1.471,0.680,1.000,1.505,1.548,0.68
gohan-super-saiyan-2,Gohan (Super Saiyan 2),sprint,39,tiny-pop,1.471,0.680,1.000,3.099,2.247,0.68
jotaro-kujo,Jotaro Kujo,sprint,35,tiny-pop,1.471,0.680,1.000,2.311,2.255,0.68
bobobo-bo-bo-bobo,Bobobo-bo Bo-bobo,sprint,33,tiny-pop,1.471,0.680,1.000,1.883,1.738,0.68
vegeta,Vegeta,sprint,32,tiny-pop,1.471,0.680,1.000,1.817,1.000,0.68
kenshin-himura,Kenshin Himura,sprint,32,tiny-pop,1.471,0.680,1.000,2.487,2.621,0.68
vegito,Vegito,sprint,30,tiny-pop,1.471,0.680,1.000,2.692,1.881,0.68
vegito,Vegito,sprint,31,tiny-pop,1.471,0.680,1.000,2.826,1.881,0.68
vegito,Vegito,sprint,39,tiny-pop,1.471,0.680,1.000,2.701,1.881,0.68
yoh-asakura-power-sword,Yoh Asakura (Power Sword),sprint,32,tiny-pop,1.471,0.680,1.000,0.993,1.000,0.68
gohan-super-saiyan,Gohan (Super Saiyan),sprint,31,tiny-pop,1.471,0.680,1.000,1.681,1.000,0.68
goku-super-saiyan,Goku (Super Saiyan),sprint,39,tiny-pop,1.471,0.680,1.000,2.486,1.732,0.68
kenshin-himura,Kenshin Himura,sprint,30,tiny-pop,1.471,0.680,1.000,2.621,2.621,0.68
vegeta,Vegeta,sprint,39,tiny-pop,1.471,0.680,1.000,1.786,1.000,0.68
anna-kyoyama,Anna Kyoyama,sprint,34,tiny-pop,1.471,0.680,1.000,1.744,1.744,0.68
dr-mashirito,Dr. Mashirito,sprint,30,tiny-pop,1.471,0.680,1.000,2.274,1.494,0.68
piccolo,Piccolo,sprint,38,tiny-pop,1.471,0.680,1.000,1.269,1.269,0.68
rukia-kuchiki,Rukia Kuchiki,sprint,31,tiny-pop,1.471,0.680,1.000,2.132,2.359,0.68
sanji-vinsmoke,Sanji Vinsmoke,sprint,38,tiny-pop,1.471,0.680,1.000,3.738,3.738,0.68
train-heartnet,Train Heartnet,sprint,38,tiny-pop,1.471,0.680,1.000,3.630,4.163,0.68
franky,Franky,sprint,33,tiny-pop,1.471,0.680,1.000,1.655,1.726,0.68
goku-super-saiyan,Goku (Super Saiyan),sprint,30,tiny-pop,1.471,0.680,1.000,2.439,1.732,0.68
heihachi-edajima,Heihachi Edajima,sprint,37,tiny-pop,1.471,0.680,1.000,2.540,2.540,0.68
roronoa-zoro,Roronoa Zoro,sprint,31,tiny-pop,1.471,0.680,1.000,1.714,1.757,0.68
killua-zoldyck,Killua Zoldyck,sprint,31,tiny-pop,1.471,0.680,1.000,3.674,3.674,0.68
ryotsu-kankichi,Ryotsu Kankichi,sprint,31,tiny-pop,1.471,0.680,1.000,2.270,2.270,0.68
goku-super-saiyan,Goku (Super Saiyan),sprint,31,tiny-pop,1.471,0.680,1.000,2.600,1.732,0.68
jaguar-junichi,Jaguar Junichi,sprint,33,tiny-pop,1.471,0.680,1.000,2.976,3.145,0.68
gon-freecss,Gon Freecss,sprint,35,tiny-pop,1.471,0.680,1.000,2.268,2.285,0.68
momotaro-tsurugi,Momotaro Tsurugi,sprint,36,tiny-pop,1.471,0.680,1.000,1.427,1.302,0.68
momotaro-tsurugi,Momotaro Tsurugi,sprint,35,tiny-pop,1.471,0.680,1.000,1.302,1.302,0.68
kagura,Kagura,sprint,34,tiny-pop,1.471,0.680,1.000,1.938,1.938,0.68
vegeta-super-saiyan,Vegeta (Super Saiyan),sprint,32,tiny-pop,1.471,0.680,1.000,3.130,1.878,0.68
gintoki-sakata,Gintoki Sakata,sprint,33,tiny-pop,1.471,0.680,1.000,3.182,3.335,0.68
pegasus-seiya,Pegasus Seiya,sprint,33,tiny-pop,1.471,0.680,1.000,2.220,2.360,0.68
toshiro-hitsugaya,Tōshirō Hitsugaya,sprint,35,tiny-pop,1.471,0.680,1.000,1.343,1.318,0.68
taikoubou,Taikoubou,sprint,34,tiny-pop,1.471,0.680,1.000,2.255,2.177,0.68
kinnikuman,Kinnikuman,sprint,37,tiny-pop,1.471,0.680,1.000,1.703,2.285,0.68
franky,Franky,sprint,31,tiny-pop,1.471,0.680,1.000,1.769,1.726,0.68
renji-abarai,Renji Abarai,sprint,31,tiny-pop,1.471,0.680,1.000,1.267,1.267,0.68
kazuki-muto,Kazuki Muto,sprint,39,tiny-pop,1.471,0.680,1.000,1.136,1.000,0.68
eve,Eve,sprint,37,tiny-pop,1.471,0.680,1.000,2.019,2.019,0.68
toshiro-hitsugaya,Tōshirō Hitsugaya,sprint,34,tiny-pop,1.471,0.680,1.000,1.440,1.318,0.68
toshiro-hitsugaya,Tōshirō Hitsugaya,sprint,33,tiny-pop,1.471,0.680,1.000,1.318,1.318,0.68
taikoubou,Taikoubou,sprint,32,tiny-pop,1.471,0.680,1.000,2.177,2.177,0.68
rukia-kuchiki,Rukia Kuchiki,sprint,33,tiny-pop,1.471,0.680,1.000,2.089,2.359,0.68
nico-robin,Nico Robin,cmd:3+4,231,row-width-extreme,1.463,1.000,1.000,1.000,2.063,1
nico-robin,Nico Robin,cmd:3+4,233,row-width-extreme,1.463,1.000,1.000,2.463,2.063,1
train-heartnet,Train Heartnet,cmd:1+4,108,row-width-extreme,1.448,1.000,1.000,2.448,1.682,1
train-heartnet,Train Heartnet,cmd:1+4,113,row-width-extreme,1.448,1.000,1.000,1.000,1.682,1
train-heartnet,Train Heartnet,cmd:1+2,86,row-width-extreme,1.441,1.000,1.000,1.000,1.749,1
train-heartnet,Train Heartnet,cmd:1+2,89,row-width-extreme,1.441,1.000,1.000,2.441,1.749,1
train-heartnet,Train Heartnet,cmd:1+2,90,row-width-extreme,1.441,1.000,1.000,1.000,1.749,1
train-heartnet,Train Heartnet,cmd:1+2,91,row-width-extreme,1.441,1.000,1.000,1.000,1.749,1
train-heartnet,Train Heartnet,jabright,83,row-width-extreme,1.435,1.000,1.000,2.797,1.916,1
train-heartnet,Train Heartnet,jabright,85,row-width-extreme,1.435,1.000,1.000,1.362,1.916,1
raoh,Raoh,sprint,36,row-width-extreme,1.429,1.000,1.000,2.429,2.019,1
raoh,Raoh,sprint,37,row-width-extreme,1.429,1.000,1.000,2.429,2.019,1
raoh,Raoh,sprint,38,row-width-extreme,1.429,1.000,1.000,1.000,2.019,1
raoh,Raoh,sprint,39,row-width-extreme,1.429,1.000,1.000,1.000,2.019,1
anna-kyoyama,Anna Kyoyama,sprint,37,row-width-extreme,1.428,1.000,1.000,2.428,1.744,1
anna-kyoyama,Anna Kyoyama,sprint,38,row-width-extreme,1.428,1.000,1.000,1.000,1.744,1
vegeta,Vegeta,sprint,30,row-width-extreme,1.419,1.000,1.000,2.419,1.000,1
vegeta,Vegeta,sprint,33,row-width-extreme,1.419,1.000,1.000,1.000,1.000,1
vegeta,Vegeta,sprint,36,row-width-extreme,1.419,1.000,1.000,1.000,1.000,1
kagura,Kagura,sprint,32,row-width-extreme,1.418,1.000,1.000,2.418,1.938,1
kagura,Kagura,sprint,39,row-width-extreme,1.418,1.000,1.000,1.000,1.938,1
kurama,Kurama,cmd:2+3,162,row-width-extreme,1.413,1.000,1.000,1.000,1.433,1
kurama,Kurama,cmd:2+3,174,row-width-extreme,1.413,1.000,1.000,2.413,1.433,1
kinnikuman,Kinnikuman,sprint,39,row-width-extreme,1.410,1.000,1.000,1.000,2.285,1
eve,Eve,jableft,81,row-width-extreme,1.401,1.000,1.000,2.401,1.389,1
eve,Eve,jableft,83,row-width-extreme,1.401,1.000,1.000,1.000,1.389,1
kenshin-himura,Kenshin Himura,jableft,74,row-width-extreme,1.388,1.000,1.000,1.000,1.530,1
kenshin-himura,Kenshin Himura,jableft,75,row-width-extreme,1.388,1.000,1.000,2.388,1.530,1
frieza,Frieza,jableft,80,row-width-extreme,1.377,1.000,1.000,2.377,1.462,1
frieza,Frieza,jableft,83,row-width-extreme,1.377,1.000,1.000,1.000,1.462,1
frieza,Frieza,kickright,134,row-width-extreme,1.377,1.000,1.000,2.377,1.462,1
frieza,Frieza,kickright,137,row-width-extreme,1.377,1.000,1.000,1.000,1.462,1
frieza,Frieza,cmd:3+4,80,row-width-extreme,1.377,1.000,1.000,2.377,1.468,1
frieza,Frieza,cmd:3+4,83,row-width-extreme,1.377,1.000,1.000,1.000,1.468,1
eve,Eve,cmd:3+4,137,row-width-extreme,1.374,1.000,1.000,1.000,1.455,1
eve,Eve,cmd:3+4,141,row-width-extreme,1.374,1.000,1.000,2.374,1.455,1
eve,Eve,cmd:3+4,137,row-width-extreme,1.374,1.000,1.000,1.000,1.455,1
majin-buu,Majin Buu,sprint,32,row-width-extreme,1.359,1.000,1.000,2.359,1.000,1
majin-buu,Majin Buu,sprint,33,row-width-extreme,1.359,1.000,1.000,2.359,1.000,1
majin-buu,Majin Buu,sprint,36,row-width-extreme,1.359,1.000,1.000,1.000,1.000,1
majin-buu,Majin Buu,sprint,39,row-width-extreme,1.359,1.000,1.000,1.000,1.000,1
naruto-uzumaki-nine-tails-kyubi,Naruto Uzumaki (Nine-Tails_Kyubi),sprint,35,tiny-pop,1.236,0.550,0.680,1.061,1.050,0.55
yugi-mutou,Yugi Mutou,sprint,30,tiny-pop,1.236,0.550,0.680,3.067,3.061,0.55
naruto-uzumaki-nine-tails-kyubi,Naruto Uzumaki (Nine-Tails_Kyubi),sprint,34,tiny-pop,1.214,0.560,0.680,1.050,1.050,0.56
hiei,Hiei,sprint,32,tiny-pop,1.214,0.560,0.680,2.174,2.057,0.56
hiei,Hiei,sprint,34,tiny-pop,1.214,0.560,0.680,2.174,2.057,0.56
franky,Franky,knockdown,31,very-low-scale,0.130,0.420,0.550,1.093,1.093,0.42
franky,Franky,getupStand,31,very-low-scale,0.130,0.420,1.000,1.093,1.087,0.42
goku-super-saiyan,Goku (Super Saiyan),knockdown,31,very-low-scale,0.130,0.420,0.510,1.606,1.578,0.42
goku-super-saiyan,Goku (Super Saiyan),getupStand,31,very-low-scale,0.130,0.420,1.000,1.606,1.000,0.42
ichigo-kurosaki,Ichigo Kurosaki,lose,31,very-low-scale,0.130,0.420,0.420,1.155,1.155,0.42
jaguar-junichi,Jaguar Junichi,knockdown,33,very-low-scale,0.130,0.420,0.420,1.838,1.839,0.42
jaguar-junichi,Jaguar Junichi,getupStand,33,very-low-scale,0.130,0.420,0.470,1.838,1.819,0.42
kagura,Kagura,knockdown,34,very-low-scale,0.130,0.420,0.770,1.197,1.383,0.42
kagura,Kagura,getupStand,34,very-low-scale,0.130,0.420,1.000,1.197,1.197,0.42
kakashi-hatake,Kakashi Hatake,knockdown,34,very-low-scale,0.130,0.420,0.420,1.008,1.008,0.42
kakashi-hatake,Kakashi Hatake,knockdown,36,very-low-scale,0.130,0.420,0.420,1.008,1.008,0.42
kakashi-hatake,Kakashi Hatake,getupStand,34,very-low-scale,0.130,0.420,1.000,1.008,1.000,0.42
kakashi-hatake,Kakashi Hatake,getupStand,36,very-low-scale,0.130,0.420,1.000,1.008,1.000,0.42
kakashi-hatake,Kakashi Hatake,lose,33,very-low-scale,0.130,0.420,0.420,1.712,1.712,0.42
kazuki-muto,Kazuki Muto,lose,33,very-low-scale,0.130,0.420,0.420,1.214,1.214,0.42
kenshiro,Kenshiro,lose,35,very-low-scale,0.130,0.420,0.420,2.884,2.884,0.42
kinnikuman,Kinnikuman,lose,32,very-low-scale,0.130,0.420,0.420,2.410,2.410,0.42
momotaro-tsurugi,Momotaro Tsurugi,lose,30,very-low-scale,0.130,0.420,0.420,1.795,1.795,0.42
naruto-uzumaki-nine-tails-kyubi,Naruto Uzumaki (Nine-Tails_Kyubi),lose,33,very-low-scale,0.130,0.420,0.420,1.285,1.285,0.42
pegasus-seiya,Pegasus Seiya,knockdown,33,very-low-scale,0.130,0.420,0.480,1.371,1.374,0.42
pegasus-seiya,Pegasus Seiya,getupStand,33,very-low-scale,0.130,0.420,1.000,1.371,1.367,0.42
taikoubou,Taikoubou,lose,31,very-low-scale,0.130,0.420,0.420,2.516,2.516,0.42
vegeta-super-saiyan,Vegeta (Super Saiyan),knockdown,32,very-low-scale,0.130,0.420,0.470,1.933,1.929,0.42
vegeta-super-saiyan,Vegeta (Super Saiyan),getupStand,32,very-low-scale,0.130,0.420,1.000,1.933,1.000,0.42
vegito,Vegito,knockdown,31,very-low-scale,0.130,0.420,0.510,1.745,1.742,0.42
vegito,Vegito,getupStand,31,very-low-scale,0.130,0.420,1.000,1.745,1.000,0.42
yoh-asakura,Yoh Asakura,knockdown,34,very-low-scale,0.130,0.420,0.460,0.942,0.946,0.42
yoh-asakura,Yoh Asakura,getupStand,34,very-low-scale,0.130,0.420,0.510,0.942,0.946,0.42
gohan-super-saiyan,Gohan (Super Saiyan),knockdown,31,very-low-scale,0.120,0.430,1.000,1.063,1.062,0.43
gohan-super-saiyan,Gohan (Super Saiyan),getupStand,31,very-low-scale,0.120,0.430,1.000,1.063,1.000,0.43
kenshin-himura,Kenshin Himura,knockdown,30,very-low-scale,0.120,0.430,0.430,1.657,1.657,0.43
kenshin-himura,Kenshin Himura,getupStand,30,very-low-scale,0.120,0.430,0.450,1.657,1.646,0.43
lenalee-lee,Lenalee Lee,knockdown,35,very-low-scale,0.120,0.430,0.530,0.952,0.956,0.43
lenalee-lee,Lenalee Lee,getupStand,35,very-low-scale,0.120,0.430,1.000,0.952,1.000,0.43
taikoubou,Taikoubou,knockdown,32,very-low-scale,0.120,0.430,0.410,1.376,1.365,0.43
taikoubou,Taikoubou,getupStand,32,very-low-scale,0.120,0.430,1.000,1.376,1.000,0.43
toshiro-hitsugaya,Tōshirō Hitsugaya,knockdown,33,very-low-scale,0.120,0.430,0.430,0.834,0.847,0.43
toshiro-hitsugaya,Tōshirō Hitsugaya,knockdown,35,very-low-scale,0.120,0.430,0.430,0.849,0.847,0.43
toshiro-hitsugaya,Tōshirō Hitsugaya,getupStand,33,very-low-scale,0.120,0.430,0.840,0.834,0.840,0.43
toshiro-hitsugaya,Tōshirō Hitsugaya,getupStand,35,very-low-scale,0.120,0.430,0.840,0.849,0.840,0.43
train-heartnet,Train Heartnet,knockdown,38,very-low-scale,0.120,0.430,0.470,2.296,2.331,0.43
train-heartnet,Train Heartnet,getupStand,38,very-low-scale,0.120,0.430,1.000,2.296,2.296,0.43
train-heartnet,Train Heartnet,lose,32,very-low-scale,0.120,0.430,0.430,3.987,3.987,0.43
vegeta,Vegeta,knockdown,32,very-low-scale,0.120,0.430,0.510,1.149,1.151,0.43
vegeta,Vegeta,getupStand,32,very-low-scale,0.120,0.430,1.000,1.149,1.000,0.43
gohan-super-saiyan-2,Gohan (Super Saiyan 2),knockdown,30,very-low-prone-scale,0.120,0.300,0.570,1.875,1.895,0.3
gohan-super-saiyan-2,Gohan (Super Saiyan 2),getupStand,30,very-low-prone-scale,0.120,0.300,1.000,1.875,1.000,0.3
rukia-kuchiki,Rukia Kuchiki,knockdown,32,very-low-prone-scale,0.120,0.300,0.440,1.383,1.383,0.3
rukia-kuchiki,Rukia Kuchiki,getupStand,32,very-low-prone-scale,0.120,0.300,1.000,1.383,1.000,0.3
sakura-haruno,Sakura Haruno,knockdown,33,very-low-prone-scale,0.120,0.300,0.340,1.602,1.624,0.3
sakura-haruno,Sakura Haruno,getupStand,33,very-low-prone-scale,0.120,0.300,1.000,1.602,1.000,0.3
dr-mashirito,Dr. Mashirito,knockdown,30,very-low-scale,0.110,0.440,1.000,1.471,1.471,0.44
dr-mashirito,Dr. Mashirito,getupStand,30,very-low-scale,0.110,0.440,1.000,1.471,1.000,0.44
eve,Eve,knockdown,37,very-low-scale,0.110,0.440,0.470,1.306,1.315,0.44
eve,Eve,getupStand,37,very-low-scale,0.110,0.440,1.000,1.306,1.306,0.44
goku,Goku,knockdown,33,very-low-scale,0.110,0.440,0.530,0.933,0.933,0.44
goku,Goku,getupStand,33,very-low-scale,0.110,0.440,1.000,0.933,1.000,0.44
goku-super-saiyan,Goku (Super Saiyan),knockdown,30,very-low-scale,0.110,0.440,0.510,1.578,1.578,0.44
goku-super-saiyan,Goku (Super Saiyan),getupStand,30,very-low-scale,0.110,0.440,1.000,1.578,1.000,0.44
kenshiro,Kenshiro,knockdown,38,very-low-scale,0.110,0.440,1.000,1.343,1.343,0.44
kenshiro,Kenshiro,getupStand,38,very-low-scale,0.110,0.440,1.000,1.343,1.000,0.44
kinnikuman,Kinnikuman,knockdown,37,very-low-scale,0.110,0.440,0.490,1.102,1.088,0.44
kinnikuman,Kinnikuman,getupStand,37,very-low-scale,0.110,0.440,0.570,1.102,1.083,0.44
kurama,Kurama,lose,31,very-low-scale,0.110,0.440,0.440,3.147,3.147,0.44
momotaro-tsurugi,Momotaro Tsurugi,knockdown,35,very-low-scale,0.110,0.440,0.440,0.842,0.849,0.44
momotaro-tsurugi,Momotaro Tsurugi,getupStand,35,very-low-scale,0.110,0.440,0.850,0.842,0.850,0.44
piccolo,Piccolo,getupStand,38,very-low-scale,0.110,0.440,0.590,0.821,0.810,0.44
renji-abarai,Renji Abarai,knockdown,34,very-low-scale,0.110,0.440,0.440,0.750,0.750,0.44
renji-abarai,Renji Abarai,getupStand,34,very-low-scale,0.110,0.440,0.840,0.750,0.840,0.44
rukia-kuchiki,Rukia Kuchiki,knockdown,31,very-low-scale,0.110,0.440,0.440,1.380,1.383,0.44
rukia-kuchiki,Rukia Kuchiki,getupStand,31,very-low-scale,0.110,0.440,1.000,1.380,1.000,0.44
toshiro-hitsugaya,Tōshirō Hitsugaya,lose,30,very-low-scale,0.110,0.440,0.440,1.444,1.444,0.44
vegito,Vegito,knockdown,30,very-low-scale,0.110,0.440,0.510,1.742,1.742,0.44
vegito,Vegito,getupStand,30,very-low-scale,0.110,0.440,1.000,1.742,1.000,0.44
renji-abarai,Renji Abarai,knockdown,32,very-low-prone-scale,0.110,0.310,0.440,0.754,0.750,0.31
renji-abarai,Renji Abarai,getupStand,32,very-low-prone-scale,0.110,0.310,0.840,0.754,0.840,0.31
anna-kyoyama,Anna Kyoyama,knockdown,34,very-low-scale,0.100,0.450,0.480,1.154,1.163,0.45
anna-kyoyama,Anna Kyoyama,getupStand,34,very-low-scale,0.100,0.450,1.000,1.154,1.153,0.45
bobobo-bo-bo-bobo,Bobobo-bo Bo-bobo,knockdown,33,very-low-scale,0.100,0.450,0.510,1.246,1.247,0.45
bobobo-bo-bo-bobo,Bobobo-bo Bo-bobo,getupStand,33,very-low-scale,0.100,0.450,1.000,1.246,1.000,0.45
franky,Franky,knockdown,33,very-low-scale,0.100,0.450,0.550,1.095,1.093,0.45
franky,Franky,getupStand,33,very-low-scale,0.100,0.450,1.000,1.095,1.087,0.45
heihachi-edajima,Heihachi Edajima,knockdown,37,very-low-scale,0.100,0.450,0.480,1.681,1.681,0.45
heihachi-edajima,Heihachi Edajima,getupStand,37,very-low-scale,0.100,0.450,1.000,1.681,1.669,0.45
hiei,Hiei,lose,30,very-low-scale,0.100,0.450,0.450,2.174,2.174,0.45
ichigo-kurosaki,Ichigo Kurosaki,knockdown,34,very-low-scale,0.100,0.450,0.450,0.618,0.619,0.45
ichigo-kurosaki,Ichigo Kurosaki,getupStand,34,very-low-scale,0.100,0.450,0.460,0.618,0.620,0.45
kagura,Kagura,lose,30,very-low-scale,0.100,0.450,0.450,2.091,2.091,0.45
kenshin-himura,Kenshin Himura,knockdown,32,very-low-scale,0.100,0.450,0.430,1.646,1.657,0.45
kenshin-himura,Kenshin Himura,getupStand,32,very-low-scale,0.100,0.450,0.450,1.646,1.646,0.45
rukia-kuchiki,Rukia Kuchiki,knockdown,33,very-low-scale,0.100,0.450,0.440,1.382,1.383,0.45
rukia-kuchiki,Rukia Kuchiki,getupStand,33,very-low-scale,0.100,0.450,1.000,1.382,1.000,0.45
ryotsu-kankichi,Ryotsu Kankichi,knockdown,31,very-low-scale,0.100,0.450,0.750,1.502,1.502,0.45
ryotsu-kankichi,Ryotsu Kankichi,getupStand,31,very-low-scale,0.100,0.450,1.000,1.502,1.000,0.45
yoh-asakura-power-sword,Yoh Asakura (Power Sword),knockdown,32,very-low-scale,0.100,0.450,0.760,0.657,0.760,0.45
yoh-asakura-power-sword,Yoh Asakura (Power Sword),getupStand,32,very-low-scale,0.100,0.450,0.760,0.657,0.760,0.45
hiei,Hiei,knockdown,32,very-low-prone-scale,0.100,0.320,0.400,1.242,1.242,0.32
hiei,Hiei,knockdown,34,very-low-prone-scale,0.100,0.320,0.400,1.242,1.242,0.32
hiei,Hiei,getupStand,32,very-low-prone-scale,0.100,0.320,1.000,1.242,1.240,0.32
hiei,Hiei,getupStand,34,very-low-prone-scale,0.100,0.320,1.000,1.242,1.240,0.32
naruto-uzumaki-nine-tails-kyubi,Naruto Uzumaki (Nine-Tails_Kyubi),knockdown,35,very-low-prone-scale,0.100,0.320,0.610,0.618,0.610,0.32
naruto-uzumaki-nine-tails-kyubi,Naruto Uzumaki (Nine-Tails_Kyubi),getupStand,35,very-low-prone-scale,0.100,0.320,0.610,0.618,0.611,0.32
dio,DIO,knockdown,32,very-low-scale,0.090,0.460,0.570,2.325,2.313,0.46
dio,DIO,getupStand,32,very-low-scale,0.090,0.460,1.000,2.325,1.000,0.46
eve,Eve,knockdown,39,very-low-scale,0.090,0.460,0.470,1.312,1.315,0.46
eve,Eve,getupStand,39,very-low-scale,0.090,0.460,1.000,1.312,1.306,0.46
eve,Eve,lose,31,very-low-scale,0.090,0.460,0.460,2.249,2.249,0.46
gintoki-sakata,Gintoki Sakata,knockdown,30,very-low-scale,0.090,0.460,0.460,1.937,1.920,0.46
gintoki-sakata,Gintoki Sakata,getupStand,30,very-low-scale,0.090,0.460,1.000,1.937,1.915,0.46
gotenks,Gotenks,knockdown,33,very-low-scale,0.090,0.460,0.460,0.832,0.834,0.46
gotenks,Gotenks,getupStand,33,very-low-scale,0.090,0.460,0.830,0.832,0.830,0.46
gotenks-super-saiyan,Gotenks (Super Saiyan),knockdown,33,very-low-scale,0.090,0.460,0.460,2.035,2.035,0.46
gotenks-super-saiyan,Gotenks (Super Saiyan),getupStand,33,very-low-scale,0.090,0.460,1.000,2.035,1.000,0.46
ichigo-kurosaki,Ichigo Kurosaki,knockdown,32,very-low-scale,0.090,0.460,0.450,0.613,0.619,0.46
ichigo-kurosaki,Ichigo Kurosaki,getupStand,32,very-low-scale,0.090,0.460,0.460,0.613,0.620,0.46
killua-zoldyck,Killua Zoldyck,knockdown,34,very-low-scale,0.090,0.460,0.460,2.143,2.143,0.46
killua-zoldyck,Killua Zoldyck,getupStand,34,very-low-scale,0.090,0.460,0.500,2.143,2.122,0.46
monkey-d-luffy,Monkey D. Luffy,knockdown,31,very-low-scale,0.090,0.460,0.470,1.305,1.306,0.46
monkey-d-luffy,Monkey D. Luffy,knockdown,33,very-low-scale,0.090,0.460,0.470,1.306,1.306,0.46
monkey-d-luffy,Monkey D. Luffy,getupStand,31,very-low-scale,0.090,0.460,1.000,1.305,1.293,0.46
monkey-d-luffy,Monkey D. Luffy,getupStand,33,very-low-scale,0.090,0.460,1.000,1.306,1.293,0.46
renji-abarai,Renji Abarai,knockdown,33,very-low-scale,0.090,0.460,0.440,0.746,0.750,0.46
renji-abarai,Renji Abarai,getupStand,33,very-low-scale,0.090,0.460,0.840,0.746,0.840,0.46
sanji-vinsmoke,Sanji Vinsmoke,lose,30,very-low-scale,0.090,0.460,0.460,3.776,3.776,0.46
yoh-asakura,Yoh Asakura,knockdown,33,very-low-scale,0.090,0.460,0.460,0.942,0.946,0.46
yoh-asakura,Yoh Asakura,getupStand,33,very-low-scale,0.090,0.460,0.510,0.942,0.946,0.46
kazuki-muto,Kazuki Muto,knockdown,38,very-low-prone-scale,0.090,0.330,0.780,0.669,0.780,0.33
kazuki-muto,Kazuki Muto,getupStand,38,very-low-prone-scale,0.090,0.330,0.780,0.669,0.780,0.33
naruto-uzumaki-nine-tails-kyubi,Naruto Uzumaki (Nine-Tails_Kyubi),knockdown,34,very-low-prone-scale,0.090,0.330,0.610,0.619,0.610,0.33
naruto-uzumaki-nine-tails-kyubi,Naruto Uzumaki (Nine-Tails_Kyubi),getupStand,34,very-low-prone-scale,0.090,0.330,0.610,0.619,0.611,0.33
eve,Eve,knockdown,36,very-low-scale,0.080,0.470,0.470,1.315,1.315,0.47
eve,Eve,getupStand,36,very-low-scale,0.080,0.470,1.000,1.315,1.306,0.47
gintoki-sakata,Gintoki Sakata,knockdown,32,very-low-scale,0.080,0.470,0.460,1.915,1.920,0.47
gintoki-sakata,Gintoki Sakata,getupStand,32,very-low-scale,0.080,0.470,1.000,1.915,1.915,0.47
gohan-super-saiyan,Gohan (Super Saiyan),knockdown,30,very-low-scale,0.080,0.470,1.000,1.062,1.062,0.47
gohan-super-saiyan,Gohan (Super Saiyan),getupStand,30,very-low-scale,0.080,0.470,1.000,1.062,1.000,0.47
gotenks,Gotenks,knockdown,32,very-low-scale,0.080,0.470,0.460,0.834,0.834,0.47
gotenks,Gotenks,getupStand,32,very-low-scale,0.080,0.470,0.830,0.834,0.830,0.47
gotenks-super-saiyan,Gotenks (Super Saiyan),knockdown,32,very-low-scale,0.080,0.470,0.460,2.041,2.035,0.47
gotenks-super-saiyan,Gotenks (Super Saiyan),getupStand,32,very-low-scale,0.080,0.470,1.000,2.041,1.000,0.47
heihachi-edajima,Heihachi Edajima,knockdown,35,very-low-scale,0.080,0.470,0.480,1.695,1.681,0.47
heihachi-edajima,Heihachi Edajima,getupStand,35,very-low-scale,0.080,0.470,1.000,1.695,1.669,0.47
jaguar-junichi,Jaguar Junichi,knockdown,34,very-low-scale,0.080,0.470,0.420,1.819,1.839,0.47
jaguar-junichi,Jaguar Junichi,getupStand,34,very-low-scale,0.080,0.470,0.470,1.819,1.819,0.47
jotaro-kujo,Jotaro Kujo,lose,32,very-low-scale,0.080,0.470,0.470,2.425,2.425,0.47
kinnikuman,Kinnikuman,knockdown,35,very-low-scale,0.080,0.470,0.490,1.084,1.088,0.47
kinnikuman,Kinnikuman,getupStand,35,very-low-scale,0.080,0.470,0.570,1.084,1.083,0.47
monkey-d-luffy,Monkey D. Luffy,knockdown,32,very-low-scale,0.080,0.470,0.470,1.311,1.306,0.47
monkey-d-luffy,Monkey D. Luffy,getupStand,32,very-low-scale,0.080,0.470,1.000,1.311,1.293,0.47
monkey-d-luffy-2nd-gear,Monkey D. Luffy (2nd Gear),knockdown,33,very-low-scale,0.080,0.470,0.480,1.778,1.777,0.47
monkey-d-luffy-2nd-gear,Monkey D. Luffy (2nd Gear),getupStand,33,very-low-scale,0.080,0.470,1.000,1.778,1.751,0.47
monkey-d-luffy-2nd-gear,Monkey D. Luffy (2nd Gear),lose,30,very-low-scale,0.080,0.470,0.470,3.060,3.060,0.47
pegasus-seiya,Pegasus Seiya,knockdown,34,very-low-scale,0.080,0.470,0.480,1.374,1.374,0.47
pegasus-seiya,Pegasus Seiya,getupStand,34,very-low-scale,0.080,0.470,1.000,1.374,1.367,0.47
roronoa-zoro,Roronoa Zoro,knockdown,33,very-low-scale,0.080,0.470,0.550,1.048,1.048,0.47
roronoa-zoro,Roronoa Zoro,getupStand,33,very-low-scale,0.080,0.470,1.000,1.048,1.034,0.47
sanji-vinsmoke,Sanji Vinsmoke,knockdown,36,very-low-scale,0.080,0.470,0.520,2.200,2.199,0.47
sanji-vinsmoke,Sanji Vinsmoke,getupStand,36,very-low-scale,0.080,0.470,1.000,2.200,2.191,0.47
toshiro-hitsugaya,Tōshirō Hitsugaya,knockdown,32,very-low-scale,0.080,0.470,0.430,0.839,0.847,0.47
toshiro-hitsugaya,Tōshirō Hitsugaya,getupStand,32,very-low-scale,0.080,0.470,0.840,0.839,0.840,0.47
train-heartnet,Train Heartnet,knockdown,35,very-low-scale,0.080,0.470,0.470,2.336,2.331,0.47
train-heartnet,Train Heartnet,getupStand,35,very-low-scale,0.080,0.470,1.000,2.336,2.296,0.47
vegeta-super-saiyan,Vegeta (Super Saiyan),knockdown,30,very-low-scale,0.080,0.470,0.470,1.929,1.929,0.47
vegeta-super-saiyan,Vegeta (Super Saiyan),knockdown,31,very-low-scale,0.080,0.470,0.470,1.929,1.929,0.47
vegeta-super-saiyan,Vegeta (Super Saiyan),getupStand,30,very-low-scale,0.080,0.470,1.000,1.929,1.000,0.47
vegeta-super-saiyan,Vegeta (Super Saiyan),getupStand,31,very-low-scale,0.080,0.470,1.000,1.929,1.000,0.47
gon-freecss,Gon Freecss,knockdown,34,very-low-prone-scale,0.080,0.340,0.370,1.323,1.334,0.34
gon-freecss,Gon Freecss,knockdown,36,very-low-prone-scale,0.080,0.340,0.370,1.340,1.334,0.34
gon-freecss,Gon Freecss,getupStand,34,very-low-prone-scale,0.080,0.340,1.000,1.323,1.319,0.34
gon-freecss,Gon Freecss,getupStand,36,very-low-prone-scale,0.080,0.340,1.000,1.340,1.319,0.34
ichigo-kurosaki,Ichigo Kurosaki,knockdown,33,very-low-prone-scale,0.080,0.340,0.450,0.623,0.619,0.34
ichigo-kurosaki,Ichigo Kurosaki,getupStand,33,very-low-prone-scale,0.080,0.340,0.460,0.623,0.620,0.34
kenshin-himura,Kenshin Himura,knockdown,31,very-low-prone-scale,0.080,0.340,0.430,1.668,1.657,0.34
kenshin-himura,Kenshin Himura,getupStand,31,very-low-prone-scale,0.080,0.340,0.450,1.668,1.646,0.34
sakura-haruno,Sakura Haruno,knockdown,31,very-low-prone-scale,0.080,0.340,0.340,1.624,1.624,0.34
sakura-haruno,Sakura Haruno,knockdown,32,very-low-prone-scale,0.080,0.340,0.340,1.624,1.624,0.34
sakura-haruno,Sakura Haruno,getupStand,31,very-low-prone-scale,0.080,0.340,1.000,1.624,1.000,0.34
sakura-haruno,Sakura Haruno,getupStand,32,very-low-prone-scale,0.080,0.340,1.000,1.624,1.000,0.34
anna-kyoyama,Anna Kyoyama,knockdown,35,very-low-scale,0.070,0.480,0.480,1.163,1.163,0.48
anna-kyoyama,Anna Kyoyama,knockdown,37,very-low-scale,0.070,0.480,0.480,1.165,1.163,0.48
anna-kyoyama,Anna Kyoyama,getupStand,35,very-low-scale,0.070,0.480,1.000,1.163,1.153,0.48
anna-kyoyama,Anna Kyoyama,getupStand,37,very-low-scale,0.070,0.480,1.000,1.165,1.153,0.48
anna-kyoyama,Anna Kyoyama,lose,33,very-low-scale,0.070,0.480,0.480,1.971,1.971,0.48
dio,DIO,knockdown,31,very-low-scale,0.070,0.480,0.570,2.308,2.313,0.48
dio,DIO,getupStand,31,very-low-scale,0.070,0.480,1.000,2.308,1.000,0.48
goku,Goku,knockdown,32,very-low-scale,0.070,0.480,0.530,0.937,0.933,0.48
goku,Goku,getupStand,32,very-low-scale,0.070,0.480,1.000,0.937,1.000,0.48
heihachi-edajima,Heihachi Edajima,knockdown,36,very-low-scale,0.070,0.480,0.480,1.669,1.681,0.48
heihachi-edajima,Heihachi Edajima,getupStand,36,very-low-scale,0.070,0.480,1.000,1.669,1.669,0.48
heihachi-edajima,Heihachi Edajima,lose,30,very-low-scale,0.070,0.480,0.480,2.880,2.880,0.48
monkey-d-luffy-2nd-gear,Monkey D. Luffy (2nd Gear),knockdown,32,very-low-scale,0.070,0.480,0.480,1.777,1.777,0.48
monkey-d-luffy-2nd-gear,Monkey D. Luffy (2nd Gear),getupStand,32,very-low-scale,0.070,0.480,1.000,1.777,1.751,0.48
pegasus-seiya,Pegasus Seiya,knockdown,32,very-low-scale,0.070,0.480,0.480,1.377,1.374,0.48
pegasus-seiya,Pegasus Seiya,getupStand,32,very-low-scale,0.070,0.480,1.000,1.377,1.367,0.48
vegeta,Vegeta,knockdown,30,very-low-scale,0.070,0.480,0.510,1.161,1.151,0.48
vegeta,Vegeta,getupStand,30,very-low-scale,0.070,0.480,1.000,1.161,1.000,0.48
gotenks-super-saiyan,Gotenks (Super Saiyan),knockdown,30,very-low-prone-scale,0.070,0.350,0.460,2.029,2.035,0.35
gotenks-super-saiyan,Gotenks (Super Saiyan),getupStand,30,very-low-prone-scale,0.070,0.350,1.000,2.029,1.000,0.35
killua-zoldyck,Killua Zoldyck,knockdown,32,very-low-prone-scale,0.070,0.350,0.460,2.122,2.143,0.35
killua-zoldyck,Killua Zoldyck,getupStand,32,very-low-prone-scale,0.070,0.350,0.500,2.122,2.122,0.35
taikoubou,Taikoubou,knockdown,35,very-low-prone-scale,0.070,0.350,0.410,1.354,1.365,0.35
taikoubou,Taikoubou,getupStand,35,very-low-prone-scale,0.070,0.350,1.000,1.354,1.000,0.35
bobobo-bo-bo-bobo,Bobobo-bo Bo-bobo,knockdown,32,very-low-scale,0.060,0.490,0.510,1.247,1.247,0.49
bobobo-bo-bo-bobo,Bobobo-bo Bo-bobo,getupStand,32,very-low-scale,0.060,0.490,1.000,1.247,1.000,0.49
eve,Eve,knockdown,38,very-low-scale,0.060,0.490,0.470,1.321,1.315,0.49
eve,Eve,getupStand,38,very-low-scale,0.060,0.490,1.000,1.321,1.306,0.49
killua-zoldyck,Killua Zoldyck,lose,30,very-low-scale,0.060,0.490,0.490,3.714,3.714,0.49
kinnikuman,Kinnikuman,knockdown,36,very-low-scale,0.060,0.490,0.490,1.083,1.088,0.49
kinnikuman,Kinnikuman,getupStand,36,very-low-scale,0.060,0.490,0.570,1.083,1.083,0.49
nami,Nami,knockdown,31,very-low-scale,0.060,0.490,0.490,0.934,0.952,0.49
nami,Nami,getupStand,31,very-low-scale,0.060,0.490,1.000,0.934,1.000,0.49
nami-perfect-clima-tact,Nami (Perfect Clima-Tact),knockdown,31,very-low-scale,0.060,0.490,0.490,1.691,1.703,0.49
nami-perfect-clima-tact,Nami (Perfect Clima-Tact),getupStand,31,very-low-scale,0.060,0.490,1.000,1.691,1.000,0.49
neuro-nogami,Neuro Nogami,knockdown,39,very-low-scale,0.060,0.490,0.510,1.122,1.122,0.49
neuro-nogami,Neuro Nogami,getupStand,39,very-low-scale,0.060,0.490,1.000,1.122,1.000,0.49
nico-robin,Nico Robin,knockdown,36,very-low-scale,0.060,0.490,0.500,2.093,2.085,0.49
pegasus-seiya,Pegasus Seiya,lose,30,very-low-scale,0.060,0.490,0.490,2.360,2.360,0.49
rukia-kuchiki,Rukia Kuchiki,lose,30,very-low-scale,0.060,0.490,0.490,2.359,2.359,0.49
gotenks-super-saiyan,Gotenks (Super Saiyan),knockdown,31,very-low-prone-scale,0.060,0.360,0.460,2.029,2.035,0.36
gotenks-super-saiyan,Gotenks (Super Saiyan),getupStand,31,very-low-prone-scale,0.060,0.360,1.000,2.029,1.000,0.36
monkey-d-luffy-2nd-gear,Monkey D. Luffy (2nd Gear),knockdown,34,very-low-prone-scale,0.060,0.360,0.480,1.751,1.777,0.36
monkey-d-luffy-2nd-gear,Monkey D. Luffy (2nd Gear),getupStand,34,very-low-prone-scale,0.060,0.360,1.000,1.751,1.751,0.36
nami-perfect-clima-tact,Nami (Perfect Clima-Tact),knockdown,32,very-low-prone-scale,0.060,0.360,0.490,1.722,1.703,0.36
nami-perfect-clima-tact,Nami (Perfect Clima-Tact),getupStand,32,very-low-prone-scale,0.060,0.360,1.000,1.722,1.000,0.36
naruto-uzumaki-nine-tails-kyubi,Naruto Uzumaki (Nine-Tails_Kyubi),knockdown,36,very-low-prone-scale,0.060,0.360,0.610,0.622,0.610,0.36
naruto-uzumaki-nine-tails-kyubi,Naruto Uzumaki (Nine-Tails_Kyubi),getupStand,36,very-low-prone-scale,0.060,0.360,0.610,0.622,0.611,0.36
train-heartnet,Train Heartnet,knockdown,37,very-low-prone-scale,0.060,0.360,0.470,2.317,2.331,0.36
train-heartnet,Train Heartnet,getupStand,37,very-low-prone-scale,0.060,0.360,1.000,2.317,2.296,0.36
yoh-asakura-power-sword,Yoh Asakura (Power Sword),knockdown,30,very-low-prone-scale,0.060,0.360,0.760,0.652,0.760,0.36
yugi-mutou,Yugi Mutou,knockdown,35,very-low-prone-scale,0.060,0.360,0.400,1.792,1.792,0.36
yugi-mutou,Yugi Mutou,getupStand,35,very-low-prone-scale,0.060,0.360,1.000,1.792,1.792,0.36
fuusuke,Fuusuke,knockdown,32,very-low-scale,0.050,0.500,0.600,1.490,1.490,0.5
fuusuke,Fuusuke,getupStand,32,very-low-scale,0.050,0.500,1.000,1.490,1.000,0.5
jotaro-kujo,Jotaro Kujo,knockdown,33,very-low-scale,0.050,0.500,0.510,1.405,1.398,0.5
jotaro-kujo,Jotaro Kujo,getupStand,33,very-low-scale,0.050,0.500,1.000,1.405,1.393,0.5
kagura,Kagura,knockdown,32,very-low-scale,0.050,0.500,0.770,1.209,1.383,0.5
kagura,Kagura,getupStand,32,very-low-scale,0.050,0.500,1.000,1.209,1.197,0.5
killua-zoldyck,Killua Zoldyck,knockdown,33,very-low-scale,0.050,0.500,0.460,2.122,2.143,0.5
killua-zoldyck,Killua Zoldyck,getupStand,33,very-low-scale,0.050,0.500,0.500,2.122,2.122,0.5
nico-robin,Nico Robin,knockdown,35,very-low-scale,0.050,0.500,0.500,2.068,2.085,0.5
gon-freecss,Gon Freecss,knockdown,33,very-low-prone-scale,0.050,0.370,0.370,1.319,1.334,0.37
gon-freecss,Gon Freecss,getupStand,33,very-low-prone-scale,0.050,0.370,1.000,1.319,1.319,0.37
gotenks,Gotenks,knockdown,30,very-low-prone-scale,0.050,0.370,0.460,0.828,0.834,0.37
gotenks,Gotenks,knockdown,31,very-low-prone-scale,0.050,0.370,0.460,0.837,0.834,0.37
gotenks,Gotenks,getupStand,30,very-low-prone-scale,0.050,0.370,0.830,0.828,0.830,0.37
gotenks,Gotenks,getupStand,31,very-low-prone-scale,0.050,0.370,0.830,0.837,0.830,0.37
kakashi-hatake,Kakashi Hatake,knockdown,37,very-low-prone-scale,0.050,0.370,0.420,1.009,1.008,0.37
kakashi-hatake,Kakashi Hatake,getupStand,37,very-low-prone-scale,0.050,0.370,1.000,1.009,1.000,0.37
momotaro-tsurugi,Momotaro Tsurugi,knockdown,37,very-low-prone-scale,0.050,0.370,0.440,0.849,0.849,0.37
momotaro-tsurugi,Momotaro Tsurugi,getupStand,37,very-low-prone-scale,0.050,0.370,0.850,0.849,0.850,0.37
nami,Nami,knockdown,32,very-low-prone-scale,0.050,0.370,0.490,0.933,0.952,0.37
nami,Nami,getupStand,32,very-low-prone-scale,0.050,0.370,1.000,0.933,1.000,0.37
nami-perfect-clima-tact,Nami (Perfect Clima-Tact),knockdown,30,very-low-prone-scale,0.050,0.370,0.490,1.703,1.703,0.37
nami-perfect-clima-tact,Nami (Perfect Clima-Tact),getupStand,30,very-low-prone-scale,0.050,0.370,1.000,1.703,1.000,0.37
taikoubou,Taikoubou,knockdown,33,very-low-prone-scale,0.050,0.370,0.410,1.365,1.365,0.37
taikoubou,Taikoubou,getupStand,33,very-low-prone-scale,0.050,0.370,1.000,1.365,1.000,0.37
yugi-mutou,Yugi Mutou,knockdown,37,very-low-prone-scale,0.050,0.370,0.400,1.798,1.792,0.37
yugi-mutou,Yugi Mutou,getupStand,37,very-low-prone-scale,0.050,0.370,1.000,1.798,1.792,0.37
bobobo-bo-bo-bobo,Bobobo-bo Bo-bobo,knockdown,34,very-low-scale,0.040,0.510,0.510,1.236,1.247,0.51
bobobo-bo-bo-bobo,Bobobo-bo Bo-bobo,getupStand,34,very-low-scale,0.040,0.510,1.000,1.236,1.000,0.51
fuusuke,Fuusuke,knockdown,34,very-low-scale,0.040,0.510,0.600,1.480,1.490,0.51
fuusuke,Fuusuke,getupStand,34,very-low-scale,0.040,0.510,1.000,1.480,1.000,0.51
goku-super-saiyan,Goku (Super Saiyan),knockdown,32,very-low-scale,0.040,0.510,0.510,1.575,1.578,0.51
goku-super-saiyan,Goku (Super Saiyan),getupStand,32,very-low-scale,0.040,0.510,1.000,1.575,1.000,0.51
gon-freecss,Gon Freecss,lose,32,very-low-scale,0.040,0.510,0.510,2.293,2.293,0.51
jotaro-kujo,Jotaro Kujo,knockdown,34,very-low-scale,0.040,0.510,0.510,1.394,1.398,0.51
jotaro-kujo,Jotaro Kujo,getupStand,34,very-low-scale,0.040,0.510,1.000,1.394,1.393,0.51
lenalee-lee,Lenalee Lee,lose,31,very-low-scale,0.040,0.510,0.510,1.663,1.663,0.51
neuro-nogami,Neuro Nogami,knockdown,37,very-low-scale,0.040,0.510,0.510,1.109,1.122,0.51
neuro-nogami,Neuro Nogami,knockdown,38,very-low-scale,0.040,0.510,0.510,1.128,1.122,0.51
neuro-nogami,Neuro Nogami,getupStand,37,very-low-scale,0.040,0.510,1.000,1.109,1.000,0.51
neuro-nogami,Neuro Nogami,getupStand,38,very-low-scale,0.040,0.510,1.000,1.128,1.000,0.51
ryotsu-kankichi,Ryotsu Kankichi,knockdown,30,very-low-scale,0.040,0.510,0.750,1.490,1.502,0.51
ryotsu-kankichi,Ryotsu Kankichi,getupStand,30,very-low-scale,0.040,0.510,1.000,1.490,1.000,0.51
vegeta,Vegeta,knockdown,31,very-low-scale,0.040,0.510,0.510,1.151,1.151,0.51
vegeta,Vegeta,getupStand,31,very-low-scale,0.040,0.510,1.000,1.151,1.000,0.51
vegito,Vegito,knockdown,32,very-low-scale,0.040,0.510,0.510,1.711,1.742,0.51
vegito,Vegito,getupStand,32,very-low-scale,0.040,0.510,1.000,1.711,1.000,0.51
yoh-asakura,Yoh Asakura,knockdown,31,very-low-scale,0.040,0.510,0.460,0.946,0.946,0.51
yoh-asakura,Yoh Asakura,getupStand,31,very-low-scale,0.040,0.510,0.510,0.946,0.946,0.51
gintoki-sakata,Gintoki Sakata,knockdown,31,very-low-prone-scale,0.040,0.380,0.460,1.920,1.920,0.38
gintoki-sakata,Gintoki Sakata,getupStand,31,very-low-prone-scale,0.040,0.380,1.000,1.920,1.915,0.38
ichigo-kurosaki,Ichigo Kurosaki,knockdown,35,very-low-prone-scale,0.040,0.380,0.450,0.619,0.619,0.38
ichigo-kurosaki,Ichigo Kurosaki,getupStand,35,very-low-prone-scale,0.040,0.380,0.460,0.619,0.620,0.38
jaguar-junichi,Jaguar Junichi,knockdown,32,very-low-prone-scale,0.040,0.380,0.420,1.839,1.839,0.38
jaguar-junichi,Jaguar Junichi,getupStand,32,very-low-prone-scale,0.040,0.380,0.470,1.839,1.819,0.38
lenalee-lee,Lenalee Lee,knockdown,33,very-low-prone-scale,0.040,0.380,0.530,0.956,0.956,0.38
lenalee-lee,Lenalee Lee,getupStand,33,very-low-prone-scale,0.040,0.380,1.000,0.956,1.000,0.38
rukia-kuchiki,Rukia Kuchiki,knockdown,34,very-low-prone-scale,0.040,0.380,0.440,1.390,1.383,0.38
rukia-kuchiki,Rukia Kuchiki,getupStand,34,very-low-prone-scale,0.040,0.380,1.000,1.390,1.000,0.38
yoh-asakura,Yoh Asakura,knockdown,32,very-low-prone-scale,0.040,0.380,0.460,0.946,0.946,0.38
yoh-asakura,Yoh Asakura,getupStand,32,very-low-prone-scale,0.040,0.380,0.510,0.946,0.946,0.38
bobobo-bo-bo-bobo,Bobobo-bo Bo-bobo,knockdown,31,very-low-scale,0.030,0.520,0.510,1.255,1.247,0.52
kurama,Kurama,knockdown,34,very-low-scale,0.030,0.520,0.540,1.821,1.825,0.52
kurama,Kurama,getupStand,34,very-low-scale,0.030,0.520,1.000,1.821,1.821,0.52
piccolo,Piccolo,knockdown,31,very-low-scale,0.030,0.520,0.570,0.807,0.814,0.52
piccolo,Piccolo,knockdown,32,very-low-scale,0.030,0.520,0.570,0.810,0.814,0.52
piccolo,Piccolo,getupStand,31,very-low-scale,0.030,0.520,0.590,0.807,0.810,0.52
piccolo,Piccolo,getupStand,32,very-low-scale,0.030,0.520,0.590,0.810,0.810,0.52
sanji-vinsmoke,Sanji Vinsmoke,knockdown,35,very-low-scale,0.030,0.520,0.520,2.191,2.199,0.52
sanji-vinsmoke,Sanji Vinsmoke,knockdown,37,very-low-scale,0.030,0.520,0.520,2.191,2.199,0.52
sanji-vinsmoke,Sanji Vinsmoke,getupStand,35,very-low-scale,0.030,0.520,1.000,2.191,2.191,0.52
sanji-vinsmoke,Sanji Vinsmoke,getupStand,37,very-low-scale,0.030,0.520,1.000,2.191,2.191,0.52
gohan-super-saiyan-2,Gohan (Super Saiyan 2),knockdown,32,very-low-prone-scale,0.030,0.390,0.570,1.895,1.895,0.39
gohan-super-saiyan-2,Gohan (Super Saiyan 2),getupStand,32,very-low-prone-scale,0.030,0.390,1.000,1.895,1.000,0.39
jaguar-junichi,Jaguar Junichi,knockdown,31,very-low-prone-scale,0.030,0.390,0.420,1.843,1.839,0.39
jaguar-junichi,Jaguar Junichi,getupStand,31,very-low-prone-scale,0.030,0.390,0.470,1.843,1.819,0.39
kenshin-himura,Kenshin Himura,knockdown,33,very-low-prone-scale,0.030,0.390,0.430,1.646,1.657,0.39
kenshin-himura,Kenshin Himura,getupStand,33,very-low-prone-scale,0.030,0.390,0.450,1.646,1.646,0.39
kenshiro,Kenshiro,knockdown,39,very-low-prone-scale,0.030,0.390,1.000,1.344,1.343,0.39
kenshiro,Kenshiro,getupStand,39,very-low-prone-scale,0.030,0.390,1.000,1.344,1.000,0.39
nami,Nami,knockdown,30,very-low-prone-scale,0.030,0.390,0.490,0.952,0.952,0.39
nami,Nami,getupStand,30,very-low-prone-scale,0.030,0.390,1.000,0.952,1.000,0.39
nico-robin,Nico Robin,knockdown,33,very-low-prone-scale,0.030,0.390,0.500,2.085,2.085,0.39
raoh,Raoh,knockdown,32,very-low-prone-scale,0.030,0.390,0.550,1.193,1.183,0.39
raoh,Raoh,getupStand,32,very-low-prone-scale,0.030,0.390,1.000,1.193,1.172,0.39
sakura-haruno,Sakura Haruno,knockdown,30,very-low-prone-scale,0.030,0.390,0.340,1.609,1.624,0.39
sakura-haruno,Sakura Haruno,getupStand,30,very-low-prone-scale,0.030,0.390,1.000,1.609,1.000,0.39
goku,Goku,knockdown,34,very-low-scale,0.020,0.530,0.530,0.932,0.933,0.53
goku,Goku,getupStand,34,very-low-scale,0.020,0.530,1.000,0.932,1.000,0.53
lenalee-lee,Lenalee Lee,knockdown,34,very-low-scale,0.020,0.530,0.530,0.959,0.956,0.53
lenalee-lee,Lenalee Lee,getupStand,34,very-low-scale,0.020,0.530,1.000,0.959,1.000,0.53
gon-freecss,Gon Freecss,knockdown,35,very-low-prone-scale,0.020,0.400,0.370,1.334,1.334,0.4
gon-freecss,Gon Freecss,getupStand,35,very-low-prone-scale,0.020,0.400,1.000,1.334,1.319,0.4
hiei,Hiei,knockdown,31,very-low-prone-scale,0.020,0.400,0.400,1.265,1.242,0.4
hiei,Hiei,getupStand,31,very-low-prone-scale,0.020,0.400,1.000,1.265,1.240,0.4
kakashi-hatake,Kakashi Hatake,knockdown,35,very-low-prone-scale,0.020,0.400,0.420,0.993,1.008,0.4
kakashi-hatake,Kakashi Hatake,getupStand,35,very-low-prone-scale,0.020,0.400,1.000,0.993,1.000,0.4
kazuki-muto,Kazuki Muto,knockdown,39,very-low-prone-scale,0.020,0.400,0.780,0.668,0.780,0.4
kazuki-muto,Kazuki Muto,getupStand,39,very-low-prone-scale,0.020,0.400,0.780,0.668,0.780,0.4
killua-zoldyck,Killua Zoldyck,knockdown,31,very-low-prone-scale,0.020,0.400,0.460,2.161,2.143,0.4
killua-zoldyck,Killua Zoldyck,getupStand,31,very-low-prone-scale,0.020,0.400,0.500,2.161,2.122,0.4
momotaro-tsurugi,Momotaro Tsurugi,knockdown,36,very-low-prone-scale,0.020,0.400,0.440,0.840,0.849,0.4
momotaro-tsurugi,Momotaro Tsurugi,getupStand,36,very-low-prone-scale,0.020,0.400,0.850,0.840,0.850,0.4
renji-abarai,Renji Abarai,knockdown,31,very-low-prone-scale,0.020,0.400,0.440,0.745,0.750,0.4
sanji-vinsmoke,Sanji Vinsmoke,knockdown,38,very-low-prone-scale,0.020,0.400,0.520,2.199,2.199,0.4
sanji-vinsmoke,Sanji Vinsmoke,getupStand,38,very-low-prone-scale,0.020,0.400,1.000,2.199,2.191,0.4
toshiro-hitsugaya,Tōshirō Hitsugaya,knockdown,34,very-low-prone-scale,0.020,0.400,0.430,0.847,0.847,0.4
toshiro-hitsugaya,Tōshirō Hitsugaya,getupStand,34,very-low-prone-scale,0.020,0.400,0.840,0.847,0.840,0.4
yugi-mutou,Yugi Mutou,knockdown,36,very-low-prone-scale,0.020,0.400,0.400,1.792,1.792,0.4
yugi-mutou,Yugi Mutou,knockdown,38,very-low-prone-scale,0.020,0.400,0.400,1.792,1.792,0.4
yugi-mutou,Yugi Mutou,getupStand,36,very-low-prone-scale,0.020,0.400,1.000,1.792,1.792,0.4
yugi-mutou,Yugi Mutou,getupStand,38,very-low-prone-scale,0.020,0.400,1.000,1.792,1.792,0.4
arale-norimaki,Arale Norimaki,getupStand,31,very-low-scale,0.010,0.540,1.000,1.384,1.000,0.54
don-patch-poppa-rocks,Don Patch _ Poppa Rocks,knockdown,36,very-low-scale,0.010,0.540,0.800,0.810,0.800,0.54
don-patch-poppa-rocks,Don Patch _ Poppa Rocks,getupStand,36,very-low-scale,0.010,0.540,0.800,0.810,0.800,0.54
frieza,Frieza,knockdown,31,very-low-scale,0.010,0.540,0.550,1.549,1.549,0.54
frieza,Frieza,getupStand,31,very-low-scale,0.010,0.540,1.000,1.549,1.000,0.54
gintoki-sakata,Gintoki Sakata,knockdown,33,very-low-prone-scale,0.010,0.410,0.460,1.918,1.920,0.41
gintoki-sakata,Gintoki Sakata,getupStand,33,very-low-prone-scale,0.010,0.410,1.000,1.918,1.915,0.41
hiei,Hiei,knockdown,33,very-low-prone-scale,0.010,0.410,0.400,1.240,1.242,0.41
hiei,Hiei,getupStand,33,very-low-prone-scale,0.010,0.410,1.000,1.240,1.240,0.41
jotaro-kujo,Jotaro Kujo,knockdown,35,very-low-prone-scale,0.010,0.410,0.510,1.393,1.398,0.41
jotaro-kujo,Jotaro Kujo,getupStand,35,very-low-prone-scale,0.010,0.410,1.000,1.393,1.393,0.41
kurama,Kurama,knockdown,32,very-low-scale,0.010,0.540,0.540,1.825,1.825,0.54
kurama,Kurama,knockdown,33,very-low-scale,0.010,0.540,0.540,1.825,1.825,0.54
kurama,Kurama,getupStand,32,very-low-scale,0.010,0.540,1.000,1.825,1.821,0.54
kurama,Kurama,getupStand,33,very-low-scale,0.010,0.540,1.000,1.825,1.821,0.54
naruto-uzumaki-nine-tails-kyubi,Naruto Uzumaki (Nine-Tails_Kyubi),knockdown,37,very-low-prone-scale,0.010,0.410,0.610,0.611,0.610,0.41
naruto-uzumaki-nine-tails-kyubi,Naruto Uzumaki (Nine-Tails_Kyubi),getupStand,37,very-low-prone-scale,0.010,0.410,0.610,0.611,0.611,0.41
roronoa-zoro,Roronoa Zoro,knockdown,31,very-low-prone-scale,0.010,0.410,0.550,1.034,1.048,0.41
roronoa-zoro,Roronoa Zoro,getupStand,31,very-low-prone-scale,0.010,0.410,1.000,1.034,1.034,0.41
taikoubou,Taikoubou,knockdown,34,very-low-prone-scale,0.010,0.410,0.410,1.359,1.365,0.41
taikoubou,Taikoubou,getupStand,34,very-low-prone-scale,0.010,0.410,1.000,1.359,1.000,0.41
yusuke-urameshi,Yusuke Urameshi,knockdown,30,very-low-prone-scale,0.010,0.410,1.000,1.491,1.491,0.41
yusuke-urameshi,Yusuke Urameshi,getupStand,30,very-low-prone-scale,0.010,0.410,1.000,1.491,1.000,0.41
